date,district,rain_mean,rain_max,rain_min
1998-01-01,SIRONKO,1.6521064197456887,5.739924430847168,0.23012769222259521
1998-01-01,BULAMBULI,1.1139292729116452,5.739924430847168,0.0
1998-01-01,BUKWO,1.2994530765759638,3.9215526580810547,0.07165489345788956
1998-01-01,BUTALEJA,5.514552453583044,9.079217910766602,1.8916888236999512
1998-01-01,KWEEN,0.6066766825592379,3.9215526580810547,0.0
1998-01-01,KAPCHORWA,1.1921506312461114,3.9215526580810547,0.0486365407705307
1998-01-01,MANAFWA,2.5570659678666092,3.597846746444702,0.8485047221183777
1998-01-01,BUDUDA,2.697314332938656,5.739924430847168,1.54860258102417
1998-01-01,MBALE,2.385801279984314,3.842979907989502,0.5528598427772522
1998-01-01,MBALE,2.4562466058939685,3.053121566772461,1.3120092153549194
1998-01-02,SIRONKO,4.379508449979131,6.61707878112793,2.8154053688049316
1998-01-02,BULAMBULI,1.8966256813060964,7.581669330596924,0.0
1998-01-02,BUKWO,4.365012664233924,7.581669330596924,0.7092684507369995
1998-01-02,BUTALEJA,7.458232013338137,18.54195213317871,1.1267093420028687
1998-01-02,KWEEN,1.1327799827794753,7.581669330596924,0.0
1998-01-02,KAPCHORWA,1.9601646025775323,7.581669330596924,0.04482667148113251
1998-01-02,MANAFWA,6.0183683515574335,9.20065975189209,1.586224913597107
1998-01-02,BUDUDA,6.408633396374465,9.20065975189209,2.9840359687805176
1998-01-02,MBALE,7.476590569226318,14.9910306930542,1.586224913597107
1998-01-02,MBALE,10.86404279910619,11.140110969543457,8.864830017089844
1998-01-03,SIRONKO,7.949149803129653,12.49490737915039,2.2834742069244385
1998-01-03,BULAMBULI,8.535684975491993,21.410316467285156,2.497934341430664
1998-01-03,BUKWO,14.512960899511555,23.78766632080078,3.307892322540283
1998-01-03,BUTALEJA,12.498222802388927,16.523223876953125,6.137115001678467
1998-01-03,KWEEN,20.755155206255992,35.729122161865234,2.497934341430664
1998-01-03,KAPCHORWA,17.733100974220008,29.288707733154297,7.3488664627075195
1998-01-03,MANAFWA,7.932478064952574,10.488454818725586,4.399777412414551
1998-01-03,BUDUDA,5.49514997504689,9.452017784118652,2.101501703262329
1998-01-03,MBALE,10.572515985915496,14.573473930358887,4.399777412414551
1998-01-03,MBALE,13.499522717451297,13.714293479919434,10.5692138671875
1998-01-04,SIRONKO,15.038639185182433,19.20281982421875,6.399481296539307
1998-01-04,BULAMBULI,16.79040011285382,44.6343994140625,7.5335373878479
1998-01-04,BUKWO,57.11451921837192,90.54124450683594,14.961216926574707
1998-01-04,BUTALEJA,3.9519126685922057,9.903409004211426,1.7955479621887207
1998-01-04,KWEEN,38.88144717660257,83.62284851074219,9.877017974853516
1998-01-04,KAPCHORWA,29.324613036598212,46.00825500488281,10.704962730407715
1998-01-04,MANAFWA,4.573145029495854,10.926466941833496,2.086594343185425
1998-01-04,BUDUDA,8.978596110981224,15.733128547668457,4.247024059295654
1998-01-04,MBALE,8.068127433035814,18.272382736206055,1.7955479621887207
1998-01-04,MBALE,13.778900433240516,14.512542724609375,8.855741500854492
1998-01-05,SIRONKO,2.3595936613866764,3.9278857707977295,1.2786893844604492
1998-01-05,BULAMBULI,0.8458943213817649,3.279844284057617,0.0
1998-01-05,BUKWO,2.2746887822730018,3.279844284057617,1.3276913166046143
1998-01-05,BUTALEJA,7.677687855321726,13.75818157196045,3.7728934288024902
1998-01-05,KWEEN,0.7648260214948892,3.279844284057617,0.0
1998-01-05,KAPCHORWA,0.8910433473817447,3.279844284057617,0.0
1998-01-05,MANAFWA,6.77481609462957,10.986003875732422,3.741307020187378
1998-01-05,BUDUDA,3.763704265006714,6.212336540222168,1.6196520328521729
1998-01-05,MBALE,4.967683605769348,7.305470943450928,2.4547581672668457
1998-01-05,MBALE,5.644931651430506,5.889828205108643,3.940119743347168
1998-01-06,SIRONKO,0.31978143687484634,0.780866801738739,0.14291393756866455
1998-01-06,BULAMBULI,0.528523467671109,1.128617525100708,0.13433921337127686
1998-01-06,BUKWO,0.8774208280592258,1.9036078453063965,0.21890248358249664
1998-01-06,BUTALEJA,0.036806740831885676,0.1640988439321518,0.0
1998-01-06,KWEEN,1.0736405955260493,2.0722899436950684,0.3349018394947052
1998-01-06,KAPCHORWA,0.8661250663940162,1.2917472124099731,0.5545852184295654
1998-01-06,MANAFWA,0.2605739847803674,0.8265196084976196,0.07812223583459854
1998-01-06,BUDUDA,0.29568900365552614,0.38994696736335754,0.17822659015655518
1998-01-06,MBALE,0.16824945046803197,0.47758761048316956,0.04287530109286308
1998-01-06,MBALE,0.13901118814113325,0.20815405249595642,0.07406013458967209
1998-01-07,SIRONKO,0.8810644323401793,1.784534215927124,0.28824591636657715
1998-01-07,BULAMBULI,0.5545788148804802,1.9154186248779297,0.0
1998-01-07,BUKWO,0.41453813660850664,0.9231113791465759,0.11940609663724899
1998-01-07,BUTALEJA,0.10955348156292481,0.8221563100814819,0.0
1998-01-07,KWEEN,0.406597268560896,1.3884342908859253,0.04284896329045296
1998-01-07,KAPCHORWA,0.8256578054326756,2.315546989440918,0.12724368274211884
1998-01-07,MANAFWA,1.1477655127634896,1.859885334968567,0.32972443103790283
1998-01-07,BUDUDA,0.7973650827103576,1.2616535425186157,0.3145270347595215
1998-01-07,MBALE,0.4720086365593727,1.784534215927124,0.014196200296282768
1998-01-07,MBALE,0.19279739399140486,0.40864109992980957,0.02895774319767952
1998-01-08,SIRONKO,1.0930823743024523,2.5747573375701904,0.2599954903125763
1998-01-08,BULAMBULI,1.4129101828563577,2.5747573375701904,0.48780012130737305
1998-01-08,BUKWO,2.2102640331297305,3.4972634315490723,1.1689221858978271
1998-01-08,BUTALEJA,0.48558316213985986,1.2882380485534668,0.12083479017019272
1998-01-08,KWEEN,1.4647697496825327,3.0377120971679688,0.3118046820163727
1998-01-08,KAPCHORWA,1.774333090065038,3.0377120971679688,0.7660123705863953
1998-01-08,MANAFWA,1.331015942177846,2.320112943649292,0.5697901844978333
1998-01-08,BUDUDA,1.1483265441439152,2.3583076000213623,0.6512505412101746
1998-01-08,MBALE,0.9084639480180356,1.868615746498108,0.2599954903125763
1998-01-08,MBALE,0.47531749199622214,0.4843228757381439,0.3999309837818146
1998-01-09,SIRONKO,2.583564695233953,4.702554702758789,0.8858150243759155
1998-01-09,BULAMBULI,1.5313891904691446,4.702554702758789,0.0
1998-01-09,BUKWO,0.9074195182854661,5.45682430267334,0.0
1998-01-09,BUTALEJA,2.0555171959584055,6.157978057861328,0.6796382069587708
1998-01-09,KWEEN,0.2749632953303964,4.13803243637085,0.0
1998-01-09,KAPCHORWA,1.0327529714137498,3.1298794746398926,0.09448997676372528
1998-01-09,MANAFWA,2.314609075105712,5.163405895233154,1.0054978132247925
1998-01-09,BUDUDA,2.062160377320461,3.1352126598358154,1.0350481271743774
1998-01-09,MBALE,1.8172261881833753,3.6459522247314453,0.5848854184150696
1998-01-09,MBALE,1.2826352786033168,1.9798609018325806,0.6583999991416931
1998-01-10,SIRONKO,7.329239670145607,13.909586906433105,5.515581130981445
1998-01-10,BULAMBULI,7.7685790652459685,13.909586906433105,4.6774001121521
1998-01-10,BUKWO,6.423736288226309,12.87324333190918,2.7289867401123047
1998-01-10,BUTALEJA,8.92759401484245,11.29984188079834,6.120257377624512
1998-01-10,KWEEN,7.69847658402632,13.909586906433105,5.546911716461182
1998-01-10,KAPCHORWA,6.638204839124966,12.482915878295898,4.79952335357666
1998-01-10,MANAFWA,9.873101273637733,14.190075874328613,4.60022497177124
1998-01-10,BUDUDA,8.600959796863892,13.909586906433105,5.673580169677734
1998-01-10,MBALE,9.31128703523204,14.705090522766113,4.190910339355469
1998-01-10,MBALE,6.410153512584201,7.842321872711182,4.374936580657959
1998-01-11,SIRONKO,36.12223037459561,47.065975189208984,21.893611907958984
1998-01-11,BULAMBULI,24.08052522859133,47.065975189208984,11.63658332824707
1998-01-11,BUKWO,32.53603770888115,48.0909538269043,16.126121520996094
1998-01-11,BUTALEJA,3.5023959188385683,19.023834228515625,0.1781483292579651
1998-01-11,KWEEN,23.71089963403671,48.0909538269043,15.258763313293457
1998-01-11,KAPCHORWA,22.170842436784646,37.14014434814453,17.19078826904297
1998-01-11,MANAFWA,35.98058229180005,44.57200241088867,17.830524444580078
1998-01-11,BUDUDA,40.99668445802051,47.065975189208984,33.23955154418945
1998-01-11,MBALE,25.483103998610748,43.44974136352539,5.220072269439697
1998-01-11,MBALE,26.704989794458083,38.67494201660156,15.572093963623047
1998-01-12,SIRONKO,9.543589469282889,23.376192092895508,1.4841243028640747
1998-01-12,BULAMBULI,10.930689981779894,23.376192092895508,2.611473798751831
1998-01-12,BUKWO,7.9301560726210605,19.20372200012207,2.3129689693450928
1998-01-12,BUTALEJA,5.170782850977368,11.101088523864746,1.6984317302703857
1998-01-12,KWEEN,6.394158957772303,19.20372200012207,2.0080549716949463
1998-01-12,KAPCHORWA,10.136443641340398,17.66835594177246,6.981456756591797
1998-01-12,MANAFWA,8.95840110275628,15.590855598449707,4.839212417602539
1998-01-12,BUDUDA,13.990807076226337,20.99457550048828,7.050037860870361
1998-01-12,MBALE,6.770192024217142,11.107590675354004,1.953983187675476
1998-01-12,MBALE,6.890103920900157,7.693844318389893,4.329397201538086
1998-01-13,SIRONKO,7.620123535908787,14.03848648071289,2.9777991771698
1998-01-13,BULAMBULI,3.642042397119849,14.010068893432617,0.26795852184295654
1998-01-13,BUKWO,13.298298698003563,18.228591918945312,5.848652362823486
1998-01-13,BUTALEJA,2.669591180032455,8.2994966506958,0.44758331775665283
1998-01-13,KWEEN,9.917222102630372,17.88119888305664,1.0721476078033447
1998-01-13,KAPCHORWA,6.395868805548239,10.731070518493652,0.9246463775634766
1998-01-13,MANAFWA,10.397166368226745,19.40445327758789,2.723346471786499
1998-01-13,BUDUDA,11.63894816146447,16.057479858398438,7.167141437530518
1998-01-13,MBALE,6.938740523372106,13.745979309082031,2.40762996673584
1998-01-13,MBALE,10.685572251516971,11.691771507263184,7.985520362854004
1998-01-14,SIRONKO,2.626828366928517,4.786890983581543,1.8840960264205933
1998-01-14,BULAMBULI,1.9556435855946865,5.103851795196533,0.06220514699816704
1998-01-14,BUKWO,1.787943308177074,5.1093621253967285,0.3469938337802887
1998-01-14,BUTALEJA,1.783158212018586,4.100184440612793,0.8428634405136108
1998-01-14,KWEEN,1.5499277359642691,5.254179954528809,0.12080758810043335
1998-01-14,KAPCHORWA,3.863144238199799,6.308798313140869,1.1941955089569092
1998-01-14,MANAFWA,2.290505042938242,3.9925131797790527,0.7527663707733154
1998-01-14,BUDUDA,2.4012920042843273,4.786890983581543,1.3496806621551514
1998-01-14,MBALE,2.138060598572588,3.2573342323303223,1.068687081336975
1998-01-14,MBALE,2.9209491844625597,3.0441102981567383,2.060397148132324
1998-01-15,SIRONKO,0.07772139237467897,0.3184184432029724,0.0
1998-01-15,BULAMBULI,0.04157562448635083,0.3184184432029724,0.0
1998-01-15,BUKWO,0.04938915138539506,0.33875539898872375,0.0
1998-01-15,BUTALEJA,1.1611616605937543,4.302779197692871,0.048243116587400436
1998-01-15,KWEEN,0.06871134630582439,0.4190838038921356,0.0
1998-01-15,KAPCHORWA,0.08305210588752873,0.32508784532546997,0.0
1998-01-15,MANAFWA,0.379678760700078,2.893815279006958,0.0
1998-01-15,BUDUDA,0.14220664650645723,0.4865741729736328,0.024516023695468903
1998-01-15,MBALE,0.20727330269943434,2.233914852142334,0.0
1998-01-15,MBALE,0.07448805869537807,0.07596662640571594,0.06160261109471321
1998-01-16,SIRONKO,13.76544672422804,23.08999252319336,5.876429557800293
1998-01-16,BULAMBULI,24.48927815607543,37.79108810424805,9.877507209777832
1998-01-16,BUKWO,19.11433180029462,38.74199295043945,7.596538543701172
1998-01-16,BUTALEJA,4.539170565345358,7.909831523895264,1.7140969038009644
1998-01-16,KWEEN,9.665828188974029,32.022186279296875,0.0
1998-01-16,KAPCHORWA,24.891824054084303,34.22039794921875,9.877507209777832
1998-01-16,MANAFWA,9.418951602479721,12.190863609313965,4.473484516143799
1998-01-16,BUDUDA,9.938075964361095,23.08999252319336,4.473484516143799
1998-01-16,MBALE,6.304797133499583,10.117210388183594,1.2439950704574585
1998-01-16,MBALE,6.572026998398158,6.949207782745361,2.942514181137085
1998-01-17,SIRONKO,5.285080262022537,7.718399524688721,1.9237394332885742
1998-01-17,BULAMBULI,2.9908553162401343,8.017804145812988,0.0141659677028656
1998-01-17,BUKWO,2.6805701681142984,8.373430252075195,0.0
1998-01-17,BUTALEJA,0.9125967590065552,2.419188976287842,0.07041823863983154
1998-01-17,KWEEN,1.1261114162827457,8.017804145812988,0.0
1998-01-17,KAPCHORWA,2.7074369240304024,8.017804145812988,0.20055752992630005
1998-01-17,MANAFWA,6.1616386798248906,10.345197677612305,1.498005986213684
1998-01-17,BUDUDA,7.152678799563539,8.996942520141602,3.973963499069214
1998-01-17,MBALE,2.2657064213743268,7.516397476196289,0.07041823863983154
1998-01-17,MBALE,2.1897583045369458,3.2863688468933105,0.4639784097671509
1998-01-18,SIRONKO,4.0986472828589315,7.623224258422852,3.0822858810424805
1998-01-18,BULAMBULI,2.9344746535103656,7.754996299743652,0.0
1998-01-18,BUKWO,3.2983817658294607,9.954351425170898,0.5528625249862671
1998-01-18,BUTALEJA,2.6151617423493585,8.458466529846191,0.2805328369140625
1998-01-18,KWEEN,1.0754174160759586,7.751034736633301,0.0
1998-01-18,KAPCHORWA,2.9741690070239004,7.463743686676025,0.054804783314466476
1998-01-18,MANAFWA,5.9162770686102535,10.882597923278809,1.1385326385498047
1998-01-18,BUDUDA,5.0432495158859805,8.582831382751465,2.479660987854004
1998-01-18,MBALE,3.393004870010906,6.266127586364746,0.6282607913017273
1998-01-18,MBALE,6.051431543679942,6.266127586364746,2.960554361343384
1998-01-19,SIRONKO,6.0685255298415,11.430429458618164,2.13899302482605
1998-01-19,BULAMBULI,6.828420678444461,11.772247314453125,1.4863210916519165
1998-01-19,BUKWO,7.531508500978155,16.11449432373047,2.904906749725342
1998-01-19,BUTALEJA,4.113250068824704,11.2012357711792,1.0917836427688599
1998-01-19,KWEEN,3.302726665916795,12.073119163513184,0.0
1998-01-19,KAPCHORWA,6.809101649837483,11.772247314453125,2.850975513458252
1998-01-19,MANAFWA,12.655680799153597,21.82509994506836,5.416766166687012
1998-01-19,BUDUDA,7.557948267229627,11.430429458618164,5.416766166687012
1998-01-19,MBALE,6.673899704715799,15.358172416687012,0.9053536057472229
1998-01-19,MBALE,6.272259702878647,6.63176155090332,2.6679208278656006
1998-01-20,SIRONKO,9.304630549984072,13.942127227783203,6.261869430541992
1998-01-20,BULAMBULI,6.974720618650011,13.942127227783203,1.4350154399871826
1998-01-20,BUKWO,6.261095564036046,15.634765625,0.9160434603691101
1998-01-20,BUTALEJA,10.804976987860641,16.47748565673828,4.9348931312561035
1998-01-20,KWEEN,3.6080321768589565,13.942127227783203,0.0
1998-01-20,KAPCHORWA,7.712844895235009,12.506301879882812,2.325059652328491
1998-01-20,MANAFWA,11.708180053369642,16.74259376525879,7.997073650360107
1998-01-20,BUDUDA,11.997318772893587,14.757076263427734,9.258065223693848
1998-01-20,MBALE,13.319454294308915,17.502424240112305,3.8690662384033203
1998-01-20,MBALE,16.505805013929358,17.502424240112305,7.15516996383667
1998-01-21,SIRONKO,0.0,0.0,0.0
1998-01-21,BULAMBULI,0.0,0.0,0.0
1998-01-21,BUKWO,0.0,0.0,0.0
1998-01-21,BUTALEJA,0.06798435316320589,1.4162557125091553,0.0
1998-01-21,KWEEN,0.0,0.0,0.0
1998-01-21,KAPCHORWA,0.0,0.0,0.0
1998-01-21,MANAFWA,0.0,0.0,0.0
1998-01-21,BUDUDA,0.0,0.0,0.0
1998-01-21,MBALE,0.0,0.0,0.0
1998-01-21,MBALE,0.0,0.0,0.0
1998-01-22,SIRONKO,0.0,0.0,0.0
1998-01-22,BULAMBULI,0.0,0.0,0.0
1998-01-22,BUKWO,0.0,0.0,0.0
1998-01-22,BUTALEJA,0.0,0.0,0.0
1998-01-22,KWEEN,0.0,0.0,0.0
1998-01-22,KAPCHORWA,0.0,0.0,0.0
1998-01-22,MANAFWA,0.0,0.0,0.0
1998-01-22,BUDUDA,0.0,0.0,0.0
1998-01-22,MBALE,0.0,0.0,0.0
1998-01-22,MBALE,0.0,0.0,0.0
1998-01-23,SIRONKO,0.0,0.0,0.0
1998-01-23,BULAMBULI,0.0,0.0,0.0
1998-01-23,BUKWO,0.0,0.0,0.0
1998-01-23,BUTALEJA,6.136220429027159E-4,0.11571365594863892,0.0
1998-01-23,KWEEN,0.0,0.0,0.0
1998-01-23,KAPCHORWA,0.0,0.0,0.0
1998-01-23,MANAFWA,0.0,0.0,0.0
1998-01-23,BUDUDA,0.0,0.0,0.0
1998-01-23,MBALE,0.0,0.0,0.0
1998-01-23,MBALE,0.0,0.0,0.0
1998-01-24,SIRONKO,0.0,0.0,0.0
1998-01-24,BULAMBULI,0.0,0.0,0.0
1998-01-24,BUKWO,0.0,0.0,0.0
1998-01-24,BUTALEJA,0.0,0.0,0.0
1998-01-24,KWEEN,0.0,0.0,0.0
1998-01-24,KAPCHORWA,0.0,0.0,0.0
1998-01-24,MANAFWA,0.0,0.0,0.0
1998-01-24,BUDUDA,0.0,0.0,0.0
1998-01-24,MBALE,0.0,0.0,0.0
1998-01-24,MBALE,0.0,0.0,0.0
1998-01-25,SIRONKO,0.0,0.0,0.0
1998-01-25,BULAMBULI,0.0,0.0,0.0
1998-01-25,BUKWO,0.0,0.0,0.0
1998-01-25,BUTALEJA,5.18070115894723E-4,0.08145729452371597,0.0
1998-01-25,KWEEN,0.0,0.0,0.0
1998-01-25,KAPCHORWA,0.0,0.0,0.0
1998-01-25,MANAFWA,0.0,0.0,0.0
1998-01-25,BUDUDA,0.0,0.0,0.0
1998-01-25,MBALE,0.0,0.0,0.0
1998-01-25,MBALE,0.0,0.0,0.0
1998-01-26,SIRONKO,0.0017401397736469633,0.5335023999214172,0.0
1998-01-26,BULAMBULI,0.0011241026723929387,0.019231997430324554,0.0
1998-01-26,BUKWO,0.0,0.0,0.0
1998-01-26,BUTALEJA,4.9867922500269466E-6,0.0031666697468608618,0.0
1998-01-26,KWEEN,0.0,0.0,0.0
1998-01-26,KAPCHORWA,0.0019461101144953219,0.019231997430324554,0.0
1998-01-26,MANAFWA,0.05389463062686083,0.47627562284469604,0.0
1998-01-26,BUDUDA,0.09518125760149701,0.5335023999214172,0.0
1998-01-26,MBALE,0.052784834639051106,0.5335023999214172,0.0
1998-01-26,MBALE,0.0,0.0,0.0
1998-01-27,SIRONKO,0.009649007736071583,2.784726858139038,0.0
1998-01-27,BULAMBULI,0.02226382395091901,0.5527933239936829,0.0
1998-01-27,BUKWO,0.13582408715511915,0.5527933239936829,0.0
1998-01-27,BUTALEJA,0.29564636312765347,1.1071364879608154,0.0
1998-01-27,KWEEN,0.07704168983999535,0.5527933239936829,0.0
1998-01-27,KAPCHORWA,0.13344772817225642,0.5527933239936829,0.0
1998-01-27,MANAFWA,1.0939242093452983,3.9620814323425293,0.0
1998-01-27,BUDUDA,0.5397560999146435,2.784726858139038,0.0
1998-01-27,MBALE,1.187471969445652,2.784726858139038,0.0
1998-01-27,MBALE,1.9029984631512706,2.56827449798584,0.5079247355461121
1998-01-28,SIRONKO,0.017885827950258604,5.164806365966797,0.0
1998-01-28,BULAMBULI,0.017163745257637905,0.28122350573539734,0.0
1998-01-28,BUKWO,0.18397660938627555,0.48297828435897827,0.0
1998-01-28,BUTALEJA,4.911762267819935,11.175191879272461,1.0467512607574463
1998-01-28,KWEEN,0.08407190450919586,0.48297828435897827,0.0
1998-01-28,KAPCHORWA,0.1326021295560799,0.38984915614128113,0.0
1998-01-28,MANAFWA,10.710582376179742,27.201929092407227,0.0
1998-01-28,BUDUDA,1.4938268141929798,6.965830326080322,0.0
1998-01-28,MBALE,6.324916984902734,14.454911231994629,0.0
1998-01-28,MBALE,3.447689106212968,5.834928512573242,0.8363407850265503
1998-01-29,SIRONKO,0.019992439624191487,5.515408039093018,0.0
1998-01-29,BULAMBULI,0.040355786886755465,0.8223820328712463,0.0
1998-01-29,BUKWO,0.6644752970545267,1.7942603826522827,0.0
1998-01-29,BUTALEJA,2.823073666182935,7.591930389404297,0.4935445487499237
1998-01-29,KWEEN,0.24106537663773345,1.7942603826522827,0.0
1998-01-29,KAPCHORWA,0.3286959195748406,1.1779699325561523,0.0
1998-01-29,MANAFWA,3.8744509932194373,7.595676898956299,0.0
1998-01-29,BUDUDA,1.4316306927051226,6.5317792892456055,0.0
1998-01-29,MBALE,4.230811227392114,7.987255096435547,0.0
1998-01-29,MBALE,3.393708349928293,5.168574333190918,0.8736230134963989
1998-01-30,SIRONKO,9.421850508619366E-4,0.2889391779899597,0.0
1998-01-30,BULAMBULI,4.535948824747718E-4,0.020286036655306816,0.0
1998-01-30,BUKWO,3.9791099185860406E-4,0.01265888474881649,0.0
1998-01-30,BUTALEJA,0.34686809348550596,1.6446528434753418,0.0
1998-01-30,KWEEN,0.0022983746761442575,0.03718927502632141,0.0
1998-01-30,KAPCHORWA,0.010142031966369655,0.03718927502632141,0.0
1998-01-30,MANAFWA,0.1955166780266557,0.7123033404350281,0.0
1998-01-30,BUDUDA,0.07791645199912646,0.3701382875442505,0.0
1998-01-30,MBALE,0.41071069364347657,1.0066677331924438,0.0
1998-01-30,MBALE,0.39525540210026916,0.40840616822242737,0.13558602333068848
1998-01-31,SIRONKO,7.179263221612918E-4,0.043419770896434784,0.0
1998-01-31,BULAMBULI,0.005294317644535272,0.11875087022781372,0.0
1998-01-31,BUKWO,0.008569895938284907,0.08759836107492447,0.0
1998-01-31,BUTALEJA,0.0,0.0,0.0
1998-01-31,KWEEN,0.006610188911118541,0.11875087022781372,0.0
1998-01-31,KAPCHORWA,0.006096099307693595,0.11875087022781372,0.0
1998-01-31,MANAFWA,0.06144596791120536,0.6809373497962952,0.0
1998-01-31,BUDUDA,0.003372053334917817,0.043419770896434784,0.0
1998-01-31,MBALE,0.0,0.0,0.0
1998-01-31,MBALE,0.0,0.0,0.0
1998-02-01,SIRONKO,7.586437783633963E-4,0.05792514234781265,0.0
1998-02-01,BULAMBULI,0.0019121526369706432,0.3808484673500061,0.0
1998-02-01,BUKWO,0.014499665037681714,0.07335125654935837,0.0
1998-02-01,BUTALEJA,0.0,0.0,0.0
1998-02-01,KWEEN,0.026207252564809016,0.45732083916664124,0.0
1998-02-01,KAPCHORWA,0.1585776414295951,0.8502025008201599,0.0
1998-02-01,MANAFWA,0.03450379764529206,0.09728361666202545,0.0
1998-02-01,BUDUDA,0.03697132043654139,0.09728361666202545,0.0
1998-02-01,MBALE,0.012734906568670091,0.07368329167366028,0.0
1998-02-01,MBALE,0.010958865218027485,0.07368329167366028,0.0
1998-02-02,SIRONKO,0.0015041986320405128,0.12464333325624466,0.0
1998-02-02,BULAMBULI,0.004448408704657897,0.08842655271291733,0.0
1998-02-02,BUKWO,0.13136400118964273,0.45845985412597656,0.0
1998-02-02,BUTALEJA,0.0,0.0,0.0
1998-02-02,KWEEN,0.02382552096515903,0.21521411836147308,0.0
1998-02-02,KAPCHORWA,0.0486164340512371,0.15104663372039795,0.0
1998-02-02,MANAFWA,0.09579358743684405,0.33026978373527527,0.0
1998-02-02,BUDUDA,0.18342436749034494,0.33026978373527527,0.0
1998-02-02,MBALE,0.03810706983259199,0.3062812089920044,0.0
1998-02-02,MBALE,0.031123134770640118,0.20538198947906494,0.0
1998-02-03,SIRONKO,0.0022852885670378515,0.20645515620708466,0.0
1998-02-03,BULAMBULI,0.007109838960517986,0.18057002127170563,0.0
1998-02-03,BUKWO,0.21765632205253574,1.0721509456634521,0.0
1998-02-03,BUTALEJA,0.0,0.0,0.0
1998-02-03,KWEEN,0.13509169113338168,1.0721509456634521,0.0
1998-02-03,KAPCHORWA,0.10867089115866163,0.7983880043029785,0.0
1998-02-03,MANAFWA,0.09764934966642727,0.5096021294593811,0.0
1998-02-03,BUDUDA,0.2671426431445634,0.5096021294593811,0.0
1998-02-03,MBALE,0.09956202518756734,0.6840018033981323,0.0
1998-02-03,MBALE,0.18235335582481113,0.6840018033981323,0.0
1998-02-04,SIRONKO,0.002300887124246235,0.17019027471542358,0.0
1998-02-04,BULAMBULI,0.011471859015347995,0.3459494709968567,0.0
1998-02-04,BUKWO,0.18175804766100664,0.49377238750457764,0.0
1998-02-04,BUTALEJA,0.0,0.0,0.0
1998-02-04,KWEEN,0.06504442638084172,0.49377238750457764,0.0
1998-02-04,KAPCHORWA,0.0604624683287301,0.3459494709968567,0.0
1998-02-04,MANAFWA,0.09283599739524034,0.39559951424598694,0.0
1998-02-04,BUDUDA,0.1683483175384277,0.39559951424598694,0.0
1998-02-04,MBALE,0.038406444160131975,0.3541215658187866,0.0
1998-02-04,MBALE,0.06284225550141165,0.22256647050380707,0.0
1998-02-05,SIRONKO,0.0025731042320685715,0.20907732844352722,0.0
1998-02-05,BULAMBULI,0.009364445037415901,0.2564886808395386,0.0
1998-02-05,BUKWO,0.10208356202884138,0.3582402169704437,0.0
1998-02-05,BUTALEJA,0.0,0.0,0.0
1998-02-05,KWEEN,0.04158200636677157,0.3582402169704437,0.0
1998-02-05,KAPCHORWA,0.04773345222601323,0.2564886808395386,0.0
1998-02-05,MANAFWA,0.11306076446334924,0.5491222739219666,0.0
1998-02-05,BUDUDA,0.2650276919497323,0.5491222739219666,0.0
1998-02-05,MBALE,0.045968906921721994,0.5491222739219666,0.0
1998-02-05,MBALE,0.0659533991006185,0.24344339966773987,0.0
1998-02-06,SIRONKO,1.8382732157012514,4.427757263183594,0.14594727754592896
1998-02-06,BULAMBULI,0.5347030385487459,1.7924593687057495,0.014038408175110817
1998-02-06,BUKWO,0.16815682568740442,1.1487630605697632,0.0
1998-02-06,BUTALEJA,0.4978966956326659,3.6287829875946045,0.0
1998-02-06,KWEEN,0.19995824701832415,1.624537467956543,0.0
1998-02-06,KAPCHORWA,0.8327433725263033,1.6346980333328247,0.02833709493279457
1998-02-06,MANAFWA,0.8819916856993215,3.0821001529693604,0.011734290979802608
1998-02-06,BUDUDA,1.7124986834837923,4.162583351135254,0.14594727754592896
1998-02-06,MBALE,2.444916069175249,4.728734970092773,0.01363481767475605
1998-02-06,MBALE,3.3967224123078625,4.728734970092773,1.994852900505066
1998-02-07,SIRONKO,6.638498180996684,20.350543975830078,0.025316668674349785
1998-02-07,BULAMBULI,5.219897527595248,19.629911422729492,0.0
1998-02-07,BUKWO,6.613225069305328,19.932331085205078,0.13046850264072418
1998-02-07,BUTALEJA,0.8626153869383688,1.8279019594192505,0.0
1998-02-07,KWEEN,3.150150855400934,19.629911422729492,0.0035464600659906864
1998-02-07,KAPCHORWA,6.305188222899798,15.615534782409668,0.0
1998-02-07,MANAFWA,4.342060112787319,14.146079063415527,0.0
1998-02-07,BUDUDA,10.789832692254336,24.989952087402344,2.018742322921753
1998-02-07,MBALE,0.7385579923022217,8.846338272094727,0.0
1998-02-07,MBALE,0.025647923453713105,0.05913242697715759,0.0
1998-02-08,SIRONKO,7.307164285658697,19.79166030883789,2.9919190406799316
1998-02-08,BULAMBULI,3.799572755865811,9.134848594665527,0.5099032521247864
1998-02-08,BUKWO,5.425164523447401,16.041597366333008,0.462398886680603
1998-02-08,BUTALEJA,1.9341567187363076,8.630838394165039,0.42242252826690674
1998-02-08,KWEEN,1.3607773144584152,7.815942287445068,0.020901409909129143
1998-02-08,KAPCHORWA,4.990906190645679,9.903231620788574,1.1393035650253296
1998-02-08,MANAFWA,16.360466251125093,24.15453338623047,2.4410433769226074
1998-02-08,BUDUDA,15.038878874752472,24.15453338623047,2.9919190406799316
1998-02-08,MBALE,7.466513541275223,24.15453338623047,0.6760506629943848
1998-02-08,MBALE,5.511681602976503,9.927067756652832,1.705974817276001
1998-02-09,SIRONKO,17.751285197981034,29.595186233520508,2.371643304824829
1998-02-09,BULAMBULI,12.77140746188102,22.428146362304688,2.371643304824829
1998-02-09,BUKWO,4.160431366980011,14.346921920776367,0.09657343477010727
1998-02-09,BUTALEJA,17.915190947514965,41.301761627197266,9.726173400878906
1998-02-09,KWEEN,9.614051175922606,22.437925338745117,0.31600821018218994
1998-02-09,KAPCHORWA,16.12108392514863,22.437925338745117,4.093019485473633
1998-02-09,MANAFWA,15.62161654576859,25.788591384887695,4.0962443351745605
1998-02-09,BUDUDA,9.621408089864396,24.377071380615234,2.371643304824829
1998-02-09,MBALE,29.945387710828076,41.301761627197266,11.612639427185059
1998-02-09,MBALE,38.375125694461715,38.961769104003906,33.848915100097656
1998-02-10,SIRONKO,24.364159629829786,45.30297088623047,13.296435356140137
1998-02-10,BULAMBULI,21.05773519954268,45.30297088623047,8.771393775939941
1998-02-10,BUKWO,30.842862525689362,39.00192642211914,22.547754287719727
1998-02-10,BUTALEJA,11.349220936045063,21.123043060302734,3.4979395866394043
1998-02-10,KWEEN,24.53892574847322,31.832012176513672,19.103275299072266
1998-02-10,KAPCHORWA,22.094719228399363,32.696495056152344,8.771393775939941
1998-02-10,MANAFWA,19.119872609594818,40.27194595336914,1.4519394636154175
1998-02-10,BUDUDA,34.40010287712393,45.342281341552734,19.2786808013916
1998-02-10,MBALE,14.017830960610008,30.467439651489258,3.7352070808410645
1998-02-10,MBALE,14.550482551295735,19.97411346435547,8.931990623474121
1998-02-11,SIRONKO,19.479491578019307,45.46904373168945,12.637212753295898
1998-02-11,BULAMBULI,25.607980500827193,59.081459045410156,14.856274604797363
1998-02-11,BUKWO,75.48232012170453,92.54373168945312,57.30323028564453
1998-02-11,BUTALEJA,40.842221352188254,50.68304443359375,16.254240036010742
1998-02-11,KWEEN,61.8162985752439,86.11764526367188,29.77644920349121
1998-02-11,KAPCHORWA,33.69137266046873,63.76004409790039,14.856274604797363
1998-02-11,MANAFWA,18.036723795031694,31.492958068847656,11.933016777038574
1998-02-11,BUDUDA,23.241387067948633,49.4473991394043,14.707334518432617
1998-02-11,MBALE,23.222366078340375,34.55815887451172,8.088580131530762
1998-02-11,MBALE,25.816415360345193,28.988698959350586,8.088580131530762
1998-02-12,SIRONKO,2.6101320985241716,7.768110275268555,0.6323778629302979
1998-02-12,BULAMBULI,2.1237462148172166,9.43254566192627,0.0
1998-02-12,BUKWO,2.61443787326594,9.605058670043945,0.022675858810544014
1998-02-12,BUTALEJA,6.014340188923194,14.09521484375,1.4629764556884766
1998-02-12,KWEEN,2.5536100756072697,9.43254566192627,0.18668296933174133
1998-02-12,KAPCHORWA,2.892634925725621,9.43254566192627,0.8689290881156921
1998-02-12,MANAFWA,6.059776055204117,11.187712669372559,1.7426725625991821
1998-02-12,BUDUDA,5.240990263194868,8.404759407043457,3.269259214401245
1998-02-12,MBALE,3.5194270880945004,6.841710090637207,0.6669531464576721
1998-02-12,MBALE,3.0885924827204088,4.843801975250244,0.6669531464576721
1998-02-13,SIRONKO,2.8846694793422993,7.984427452087402,0.2711613178253174
1998-02-13,BULAMBULI,1.6033660277531008,11.327383041381836,0.0
1998-02-13,BUKWO,0.9574857971750155,11.327383041381836,0.0
1998-02-13,BUTALEJA,0.9782651375250112,6.081007957458496,0.0
1998-02-13,KWEEN,1.9893681397212157,11.327383041381836,0.0
1998-02-13,KAPCHORWA,3.185694756176945,11.327383041381836,0.059708524495363235
1998-02-13,MANAFWA,11.602445665668265,28.897130966186523,3.1571292877197266
1998-02-13,BUDUDA,8.511161823485677,13.09544849395752,3.5717122554779053
1998-02-13,MBALE,3.123988877156492,12.393087387084961,0.24699607491493225
1998-02-13,MBALE,1.8823773960126522,2.493927478790283,0.4953816831111908
1998-02-14,SIRONKO,3.016816139271297,11.149677276611328,0.8852552175521851
1998-02-14,BULAMBULI,1.8436940944666749,6.86105489730835,0.4457910656929016
1998-02-14,BUKWO,2.454382252907129,7.1066460609436035,0.6735121011734009
1998-02-14,BUTALEJA,2.068092232164541,3.948573350906372,1.0902305841445923
1998-02-14,KWEEN,3.3595421213956738,8.912671089172363,0.5233455300331116
1998-02-14,KAPCHORWA,3.9510962602248836,8.912671089172363,0.9838860034942627
1998-02-14,MANAFWA,7.856507166408188,19.075895309448242,1.9302250146865845
1998-02-14,BUDUDA,11.417462830350466,19.075895309448242,3.9270405769348145
1998-02-14,MBALE,3.725331286895649,8.616118431091309,1.100059151649475
1998-02-14,MBALE,4.238187244329193,5.965622901916504,1.100059151649475
1998-02-15,SIRONKO,7.9910348988146405,16.454078674316406,1.390750765800476
1998-02-15,BULAMBULI,5.125316304215302,16.454078674316406,0.29198694229125977
1998-02-15,BUKWO,11.071769195773353,31.763885498046875,3.147726058959961
1998-02-15,BUTALEJA,3.9441648656217763,7.22085428237915,1.628879427909851
1998-02-15,KWEEN,9.000142238135068,31.763885498046875,1.3095675706863403
1998-02-15,KAPCHORWA,8.899655025931962,29.168745040893555,2.211970090866089
1998-02-15,MANAFWA,9.190731123387897,15.9035062789917,3.1336851119995117
1998-02-15,BUDUDA,12.031543217142772,16.454078674316406,8.735052108764648
1998-02-15,MBALE,5.4522655856997515,11.653087615966797,0.10683301836252213
1998-02-15,MBALE,4.413275195499125,9.155191421508789,0.5139279365539551
1998-02-16,SIRONKO,0.060087888071142515,0.8853316903114319,0.0
1998-02-16,BULAMBULI,0.023327700970051927,0.6504634022712708,0.0
1998-02-16,BUKWO,0.09596737692281491,0.7644460797309875,0.0
1998-02-16,BUTALEJA,0.16274422822295823,1.310652732849121,0.0
1998-02-16,KWEEN,0.028917142547680463,0.6623887419700623,0.0
1998-02-16,KAPCHORWA,0.0013772466776177416,0.4878688156604767,0.0
1998-02-16,MANAFWA,0.23243379881590476,1.0135895013809204,0.0
1998-02-16,BUDUDA,0.352524958984032,0.9542239308357239,0.0
1998-02-16,MBALE,0.006984722790151306,0.1292320191860199,0.0
1998-02-16,MBALE,0.0,0.0,0.0
1998-02-17,SIRONKO,0.5980057483007537,5.2182722091674805,0.0
1998-02-17,BULAMBULI,0.21863947983044718,2.09627366065979,0.0
1998-02-17,BUKWO,0.2721032874470911,2.551506757736206,0.0
1998-02-17,BUTALEJA,0.7326003564051738,4.300886631011963,0.0
1998-02-17,KWEEN,0.10330023991890137,2.3642325401306152,0.0
1998-02-17,KAPCHORWA,0.01880847193262671,1.5594640970230103,0.0
1998-02-17,MANAFWA,2.3432586676775706,7.085169315338135,0.230701744556427
1998-02-17,BUDUDA,3.7931307907098266,7.085169315338135,0.0
1998-02-17,MBALE,1.5935115912830011,5.410170555114746,0.0
1998-02-17,MBALE,1.6026344455899004,4.286489009857178,0.0
1998-02-18,SIRONKO,0.6580643172016551,6.18027925491333,0.0
1998-02-18,BULAMBULI,0.3570783463095658,2.0255351066589355,0.0
1998-02-18,BUKWO,0.49864686324496404,4.273113250732422,0.0
1998-02-18,BUTALEJA,2.380103701501797,6.799434661865234,0.7337365746498108
1998-02-18,KWEEN,0.16410150887234545,2.812236785888672,0.0
1998-02-18,KAPCHORWA,0.05424021953564765,1.484915852546692,0.0
1998-02-18,MANAFWA,5.998637402573493,12.199690818786621,1.6547274589538574
1998-02-18,BUDUDA,4.697506397573298,8.73741340637207,0.0
1998-02-18,MBALE,2.3090094692740206,5.790885925292969,0.0
1998-02-18,MBALE,2.546927061524222,4.141355991363525,0.0
1998-02-19,SIRONKO,3.0268364251747393,19.02284049987793,0.0
1998-02-19,BULAMBULI,2.952502913306635,9.9771089553833,0.0
1998-02-19,BUKWO,5.331397993140361,13.600391387939453,0.0
1998-02-19,BUTALEJA,0.36129083105749066,5.164108753204346,0.0
1998-02-19,KWEEN,0.9891622168405981,9.963239669799805,0.0
1998-02-19,KAPCHORWA,0.3873765112815718,8.506828308105469,0.0
1998-02-19,MANAFWA,6.178700939852478,22.622535705566406,0.26560065150260925
1998-02-19,BUDUDA,13.964050114878011,22.622535705566406,0.0
1998-02-19,MBALE,3.489569333814544,22.622535705566406,0.0
1998-02-19,MBALE,5.964499461137115,6.802950382232666,0.0
1998-02-20,SIRONKO,0.48463064775814574,3.9166269302368164,0.0
1998-02-20,BULAMBULI,0.25792795093115223,1.6604996919631958,0.0
1998-02-20,BUKWO,0.13846989718092836,0.6580804586410522,0.0
1998-02-20,BUTALEJA,0.03752149610818618,0.46116021275520325,0.0
1998-02-20,KWEEN,0.03839831138166858,0.6658588647842407,0.0
1998-02-20,KAPCHORWA,0.04331746013870159,0.8507617115974426,0.0
1998-02-20,MANAFWA,2.1400920244351793,5.559727191925049,0.13912415504455566
1998-02-20,BUDUDA,2.7365145421314456,5.559727191925049,0.0
1998-02-20,MBALE,0.5590818701323162,4.6287007331848145,0.0
1998-02-20,MBALE,0.1730667875092714,0.49457600712776184,0.0
1998-02-21,SIRONKO,0.0,0.0,0.0
1998-02-21,BULAMBULI,0.0,0.0,0.0
1998-02-21,BUKWO,0.0,0.0,0.0
1998-02-21,BUTALEJA,0.0,0.0,0.0
1998-02-21,KWEEN,0.0,0.0,0.0
1998-02-21,KAPCHORWA,0.0,0.0,0.0
1998-02-21,MANAFWA,0.0,0.0,0.0
1998-02-21,BUDUDA,0.0,0.0,0.0
1998-02-21,MBALE,0.0,0.0,0.0
1998-02-21,MBALE,0.0,0.0,0.0
1998-02-22,SIRONKO,0.0,0.0,0.0
1998-02-22,BULAMBULI,0.0,0.0,0.0
1998-02-22,BUKWO,0.0,0.0,0.0
1998-02-22,BUTALEJA,0.0,0.0,0.0
1998-02-22,KWEEN,0.0,0.0,0.0
1998-02-22,KAPCHORWA,0.0,0.0,0.0
1998-02-22,MANAFWA,0.0,0.0,0.0
1998-02-22,BUDUDA,0.0,0.0,0.0
1998-02-22,MBALE,0.0,0.0,0.0
1998-02-22,MBALE,0.0,0.0,0.0
1998-02-23,SIRONKO,0.0,0.0,0.0
1998-02-23,BULAMBULI,0.0,0.0,0.0
1998-02-23,BUKWO,0.0,0.0,0.0
1998-02-23,BUTALEJA,0.0,0.0,0.0
1998-02-23,KWEEN,0.0,0.0,0.0
1998-02-23,KAPCHORWA,0.0,0.0,0.0
1998-02-23,MANAFWA,0.0,0.0,0.0
1998-02-23,BUDUDA,0.0,0.0,0.0
1998-02-23,MBALE,0.0,0.0,0.0
1998-02-23,MBALE,0.0,0.0,0.0
1998-02-24,SIRONKO,0.0,0.0,0.0
1998-02-24,BULAMBULI,0.0,0.0,0.0
1998-02-24,BUKWO,0.0,0.0,0.0
1998-02-24,BUTALEJA,0.0,0.0,0.0
1998-02-24,KWEEN,0.0,0.0,0.0
1998-02-24,KAPCHORWA,0.0,0.0,0.0
1998-02-24,MANAFWA,0.0,0.0,0.0
1998-02-24,BUDUDA,0.0,0.0,0.0
1998-02-24,MBALE,0.0,0.0,0.0
1998-02-24,MBALE,0.0,0.0,0.0
1998-02-25,SIRONKO,0.0,0.0,0.0
1998-02-25,BULAMBULI,0.0,0.0,0.0
1998-02-25,BUKWO,0.0,0.0,0.0
1998-02-25,BUTALEJA,0.0,0.0,0.0
1998-02-25,KWEEN,0.0,0.0,0.0
1998-02-25,KAPCHORWA,0.0,0.0,0.0
1998-02-25,MANAFWA,0.0,0.0,0.0
1998-02-25,BUDUDA,0.0,0.0,0.0
1998-02-25,MBALE,0.0,0.0,0.0
1998-02-25,MBALE,0.0,0.0,0.0
1998-02-26,SIRONKO,0.0,0.0,0.0
1998-02-26,BULAMBULI,0.0,0.0,0.0
1998-02-26,BUKWO,0.0,0.0,0.0
1998-02-26,BUTALEJA,0.0,0.0,0.0
1998-02-26,KWEEN,0.0,0.0,0.0
1998-02-26,KAPCHORWA,0.0,0.0,0.0
1998-02-26,MANAFWA,0.0,0.0,0.0
1998-02-26,BUDUDA,0.0,0.0,0.0
1998-02-26,MBALE,0.0,0.0,0.0
1998-02-26,MBALE,0.0,0.0,0.0
1998-02-27,SIRONKO,0.0,0.0,0.0
1998-02-27,BULAMBULI,0.0,0.0,0.0
1998-02-27,BUKWO,0.0,0.0,0.0
1998-02-27,BUTALEJA,0.0,0.0,0.0
1998-02-27,KWEEN,0.0,0.0,0.0
1998-02-27,KAPCHORWA,0.0,0.0,0.0
1998-02-27,MANAFWA,0.0,0.0,0.0
1998-02-27,BUDUDA,0.0,0.0,0.0
1998-02-27,MBALE,0.0,0.0,0.0
1998-02-27,MBALE,0.0,0.0,0.0
1998-02-28,SIRONKO,0.0,0.0,0.0
1998-02-28,BULAMBULI,0.0,0.0,0.0
1998-02-28,BUKWO,0.0,0.0,0.0
1998-02-28,BUTALEJA,0.0,0.0,0.0
1998-02-28,KWEEN,0.0,0.0,0.0
1998-02-28,KAPCHORWA,0.0,0.0,0.0
1998-02-28,MANAFWA,0.0,0.0,0.0
1998-02-28,BUDUDA,0.0,0.0,0.0
1998-02-28,MBALE,0.0,0.0,0.0
1998-02-28,MBALE,0.0,0.0,0.0
1998-03-01,SIRONKO,0.0,0.0,0.0
1998-03-01,BULAMBULI,0.1129771977036223,2.6260921955108643,0.0
1998-03-01,BUKWO,0.0,0.0,0.0
1998-03-01,BUTALEJA,0.007956130982252755,0.5465952157974243,0.0
1998-03-01,KWEEN,0.0,0.0,0.0
1998-03-01,KAPCHORWA,0.0,0.0,0.0
1998-03-01,MANAFWA,0.966709735669122,6.093839645385742,0.0
1998-03-01,BUDUDA,0.203398761417778,6.093839645385742,0.0
1998-03-01,MBALE,0.7107461982966199,4.418202877044678,0.0
1998-03-01,MBALE,0.0,0.0,0.0
1998-03-02,SIRONKO,0.0,0.0,0.0
1998-03-02,BULAMBULI,0.1129771977036223,2.6260921955108643,0.0
1998-03-02,BUKWO,0.0,0.0,0.0
1998-03-02,BUTALEJA,0.19565832035520186,5.208580017089844,0.0
1998-03-02,KWEEN,0.0,0.0,0.0
1998-03-02,KAPCHORWA,0.0,0.0,0.0
1998-03-02,MANAFWA,1.3087056706577846,5.255626201629639,0.0
1998-03-02,BUDUDA,0.22576577082355667,5.255626201629639,0.0
1998-03-02,MBALE,1.5610648852920723,5.392738342285156,0.0
1998-03-02,MBALE,0.0,0.0,0.0
1998-03-03,SIRONKO,0.0,0.0,0.0
1998-03-03,BULAMBULI,0.1129771977036223,2.6260921955108643,0.0
1998-03-03,BUKWO,0.0,0.0,0.0
1998-03-03,BUTALEJA,1.286034615558082,7.377187252044678,0.0
1998-03-03,KWEEN,0.0,0.0,0.0
1998-03-03,KAPCHORWA,0.0,0.0,0.0
1998-03-03,MANAFWA,0.8729614959217802,2.798008441925049,0.0
1998-03-03,BUDUDA,0.0730540134004397,2.798008441925049,0.0
1998-03-03,MBALE,0.68530538344241,3.467996835708618,0.0
1998-03-03,MBALE,0.0,0.0,0.0
1998-03-04,SIRONKO,0.0,0.0,0.0
1998-03-04,BULAMBULI,0.1129771977036223,2.6260921955108643,0.0
1998-03-04,BUKWO,0.0,0.0,0.0
1998-03-04,BUTALEJA,5.897745249012456,18.207393646240234,0.0
1998-03-04,KWEEN,0.0,0.0,0.0
1998-03-04,KAPCHORWA,0.0,0.0,0.0
1998-03-04,MANAFWA,6.167536577989267,15.790843963623047,0.0
1998-03-04,BUDUDA,0.22391146234729814,5.382104873657227,0.0
1998-03-04,MBALE,2.97423151765278,15.790843963623047,0.0
1998-03-04,MBALE,0.0,0.0,0.0
1998-03-05,SIRONKO,0.0,0.0,0.0
1998-03-05,BULAMBULI,1.788091162650581,30.967958450317383,0.0
1998-03-05,BUKWO,0.0,0.0,0.0
1998-03-05,BUTALEJA,0.011369069659066146,0.5465952157974243,0.0
1998-03-05,KWEEN,0.0,0.0,0.0
1998-03-05,KAPCHORWA,0.0,0.0,0.0
1998-03-05,MANAFWA,0.7497617312634314,2.6273763179779053,0.0
1998-03-05,BUDUDA,0.047704500479097176,1.2869222164154053,0.0
1998-03-05,MBALE,0.3232218797162424,1.6324468851089478,0.0
1998-03-05,MBALE,0.0,0.0,0.0
1998-03-06,SIRONKO,17.21649024194354,29.228857040405273,6.320684432983398
1998-03-06,BULAMBULI,12.529258508767935,23.083984375,1.4276779890060425
1998-03-06,BUKWO,3.5396940370102508,7.464199542999268,0.0
1998-03-06,BUTALEJA,24.955174696597425,43.81050109863281,11.396364212036133
1998-03-06,KWEEN,2.65046975254318,8.489114761352539,0.0
1998-03-06,KAPCHORWA,7.615223380442907,17.390850067138672,1.7860695123672485
1998-03-06,MANAFWA,23.391617591847595,35.287147521972656,10.929431915283203
1998-03-06,BUDUDA,20.648327163411963,38.82111740112305,6.320684432983398
1998-03-06,MBALE,33.93019472834837,51.52800750732422,16.106273651123047
1998-03-06,MBALE,44.81652187655029,47.49117660522461,26.244766235351562
1998-03-07,SIRONKO,10.388987415710712,14.864882469177246,5.636800289154053
1998-03-07,BULAMBULI,6.5474307821268525,14.864882469177246,0.35432660579681396
1998-03-07,BUKWO,3.006205574848184,6.782392978668213,1.2015106678009033
1998-03-07,BUTALEJA,8.349217016268584,17.98646354675293,2.6171250343322754
1998-03-07,KWEEN,2.264247829317946,8.993112564086914,0.0
1998-03-07,KAPCHORWA,6.13377957248866,12.935722351074219,0.9012291431427002
1998-03-07,MANAFWA,7.639235027979806,14.872730255126953,4.0275444984436035
1998-03-07,BUDUDA,8.824568595090112,14.864882469177246,4.0275444984436035
1998-03-07,MBALE,6.777385168810861,11.128938674926758,2.386934518814087
1998-03-07,MBALE,6.455479135592701,9.035998344421387,2.7426931858062744
1998-03-08,SIRONKO,9.822472864827244,28.050823211669922,1.67662513256073
1998-03-08,BULAMBULI,22.051969406511187,44.454383850097656,3.3055036067962646
1998-03-08,BUKWO,12.665968104625755,22.016517639160156,2.22171950340271
1998-03-08,BUTALEJA,0.07823432179708217,0.705345869064331,0.0
1998-03-08,KWEEN,13.86842454973943,44.454383850097656,0.0
1998-03-08,KAPCHORWA,28.446011092974555,39.707496643066406,15.050783157348633
1998-03-08,MANAFWA,4.128169989215334,8.222725868225098,0.7556279301643372
1998-03-08,BUDUDA,7.341271084300566,15.290812492370605,3.8846304416656494
1998-03-08,MBALE,2.141225178141268,7.328256607055664,0.015059525147080421
1998-03-08,MBALE,1.4671313798479515,3.0363433361053467,0.02352050505578518
1998-03-09,SIRONKO,1.501734386894051,5.00562858581543,0.12176233530044556
1998-03-09,BULAMBULI,2.0181977972637832,6.493068218231201,0.0
1998-03-09,BUKWO,0.5779023389830646,3.686596393585205,0.0
1998-03-09,BUTALEJA,0.11541895031059972,1.17886483669281,0.0
1998-03-09,KWEEN,0.7570246485717956,4.562785625457764,0.0
1998-03-09,KAPCHORWA,2.644855737391064,6.493068218231201,0.0688445121049881
1998-03-09,MANAFWA,4.217325754431388,8.788990020751953,1.07720148563385
1998-03-09,BUDUDA,2.263299732143053,5.3373494148254395,0.8375517129898071
1998-03-09,MBALE,0.693834179531998,2.3734285831451416,0.0
1998-03-09,MBALE,0.21409478310496827,0.3764634132385254,0.05078057944774628
1998-03-10,SIRONKO,2.548889401468806,3.7629432678222656,0.8417187929153442
1998-03-10,BULAMBULI,4.73986710991269,19.584274291992188,0.5060225129127502
1998-03-10,BUKWO,2.2867006483316112,9.067120552062988,0.6176636219024658
1998-03-10,BUTALEJA,2.4360973667049732,8.258880615234375,0.18396006524562836
1998-03-10,KWEEN,1.009632390113378,9.727182388305664,0.0
1998-03-10,KAPCHORWA,1.7248111928495902,3.94023060798645,0.5060225129127502
1998-03-10,MANAFWA,5.371260567199522,11.415426254272461,0.8887945413589478
1998-03-10,BUDUDA,2.4029277279305177,4.870332717895508,0.8417187929153442
1998-03-10,MBALE,3.2839534015766905,5.878453731536865,0.5308482646942139
1998-03-10,MBALE,2.910772501789897,4.673191547393799,0.9236970543861389
1998-03-11,SIRONKO,0.05483521562788807,0.2700122594833374,0.0
1998-03-11,BULAMBULI,0.005173363636055391,0.2700122594833374,0.0
1998-03-11,BUKWO,0.0,0.0,0.0
1998-03-11,BUTALEJA,0.0,0.0,0.0
1998-03-11,KWEEN,0.0,0.0,0.0
1998-03-11,KAPCHORWA,0.0030514501939479665,0.06202707812190056,0.0
1998-03-11,MANAFWA,0.0,0.0,0.0
1998-03-11,BUDUDA,0.021793131345640405,0.16064119338989258,0.0
1998-03-11,MBALE,0.0,0.0,0.0
1998-03-11,MBALE,0.0,0.0,0.0
1998-03-12,SIRONKO,0.03484946330175714,0.26582902669906616,0.0
1998-03-12,BULAMBULI,0.007295607133359874,0.26582902669906616,0.0
1998-03-12,BUKWO,0.0,0.0,0.0
1998-03-12,BUTALEJA,0.0,0.0,0.0
1998-03-12,KWEEN,0.0,0.0,0.0
1998-03-12,KAPCHORWA,0.0,0.0,0.0
1998-03-12,MANAFWA,0.0,0.0,0.0
1998-03-12,BUDUDA,0.030485478560920484,0.26582902669906616,0.0
1998-03-12,MBALE,0.0,0.0,0.0
1998-03-12,MBALE,0.0,0.0,0.0
1998-03-13,SIRONKO,0.09137130565162047,0.4543432295322418,0.0
1998-03-13,BULAMBULI,0.014944189569410378,0.4543432295322418,0.0
1998-03-13,BUKWO,0.0,0.0,0.0
1998-03-13,BUTALEJA,0.0,0.0,0.0
1998-03-13,KWEEN,0.0,0.0,0.0
1998-03-13,KAPCHORWA,0.010876942466678698,0.22109650075435638,0.0
1998-03-13,MANAFWA,0.0,0.0,0.0
1998-03-13,BUDUDA,0.049906692707004124,0.4543432295322418,0.0
1998-03-13,MBALE,0.0,0.0,0.0
1998-03-13,MBALE,0.0,0.0,0.0
1998-03-14,SIRONKO,0.057016203622335934,0.424753874540329,0.0
1998-03-14,BULAMBULI,0.007944542619781747,0.424753874540329,0.0
1998-03-14,BUKWO,0.0,0.0,0.0
1998-03-14,BUTALEJA,0.0,0.0,0.0
1998-03-14,KWEEN,0.0,0.0,0.0
1998-03-14,KAPCHORWA,0.0029037992096240554,0.05902576446533203,0.0
1998-03-14,MANAFWA,0.0,0.0,0.0
1998-03-14,BUDUDA,0.044026280864526646,0.424753874540329,0.0
1998-03-14,MBALE,0.0,0.0,0.0
1998-03-14,MBALE,0.0,0.0,0.0
1998-03-15,SIRONKO,0.06809147809342025,0.5383394360542297,0.0
1998-03-15,BULAMBULI,0.019935744031786107,0.5383394360542297,0.0
1998-03-15,BUKWO,0.0,0.0,0.0
1998-03-15,BUTALEJA,0.0,0.0,0.0
1998-03-15,KWEEN,0.0,0.0,0.0
1998-03-15,KAPCHORWA,0.0,0.0,0.0
1998-03-15,MANAFWA,0.0,0.0,0.0
1998-03-15,BUDUDA,0.057586045635379154,0.5383394360542297,0.0
1998-03-15,MBALE,0.0,0.0,0.0
1998-03-15,MBALE,0.0,0.0,0.0
1998-03-16,SIRONKO,0.0,0.0,0.0
1998-03-16,BULAMBULI,0.0,0.0,0.0
1998-03-16,BUKWO,0.0,0.0,0.0
1998-03-16,BUTALEJA,0.0017309706849116522,0.03145317733287811,0.0
1998-03-16,KWEEN,0.0,0.0,0.0
1998-03-16,KAPCHORWA,0.0,0.0,0.0
1998-03-16,MANAFWA,0.0,0.0,0.0
1998-03-16,BUDUDA,0.0,0.0,0.0
1998-03-16,MBALE,0.020697438772799087,1.1020927429199219,0.0
1998-03-16,MBALE,0.9461158561893355,1.1020927429199219,0.0
1998-03-17,SIRONKO,0.0,0.0,0.0
1998-03-17,BULAMBULI,0.0,0.0,0.0
1998-03-17,BUKWO,0.0,0.0,0.0
1998-03-17,BUTALEJA,0.0024854609327886763,0.04370446503162384,0.0
1998-03-17,KWEEN,0.0,0.0,0.0
1998-03-17,KAPCHORWA,0.0,0.0,0.0
1998-03-17,MANAFWA,0.0,0.0,0.0
1998-03-17,BUDUDA,0.0,0.0,0.0
1998-03-17,MBALE,0.02077250837728223,1.106337547302246,0.0
1998-03-17,MBALE,0.9497599022628979,1.106337547302246,0.0
1998-03-18,SIRONKO,0.0,0.0,0.0
1998-03-18,BULAMBULI,0.0,0.0,0.0
1998-03-18,BUKWO,0.0,0.0,0.0
1998-03-18,BUTALEJA,0.0013980277140625593,0.030059637501835823,0.0
1998-03-18,KWEEN,0.0,0.0,0.0
1998-03-18,KAPCHORWA,0.0,0.0,0.0
1998-03-18,MANAFWA,0.0,0.0,0.0
1998-03-18,BUDUDA,0.0,0.0,0.0
1998-03-18,MBALE,0.015524150558236543,0.8273741006851196,0.0
1998-03-18,MBALE,0.7102775702747378,0.8273741006851196,0.0
1998-03-19,SIRONKO,0.0,0.0,0.0
1998-03-19,BULAMBULI,0.0,0.0,0.0
1998-03-19,BUKWO,0.0,0.0,0.0
1998-03-19,BUTALEJA,0.0021003797500366633,0.043288640677928925,0.0
1998-03-19,KWEEN,0.0,0.0,0.0
1998-03-19,KAPCHORWA,0.0,0.0,0.0
1998-03-19,MANAFWA,0.0,0.0,0.0
1998-03-19,BUDUDA,0.0,0.0,0.0
1998-03-19,MBALE,0.013570546250968473,0.7232085466384888,0.0
1998-03-19,MBALE,0.6208543497831884,0.7232085466384888,0.0
1998-03-20,SIRONKO,0.0,0.0,0.0
1998-03-20,BULAMBULI,0.0,0.0,0.0
1998-03-20,BUKWO,0.0,0.0,0.0
1998-03-20,BUTALEJA,0.007248197365477855,0.1416098177433014,0.0
1998-03-20,KWEEN,0.0,0.0,0.0
1998-03-20,KAPCHORWA,0.0,0.0,0.0
1998-03-20,MANAFWA,0.0,0.0,0.0
1998-03-20,BUDUDA,0.0,0.0,0.0
1998-03-20,MBALE,0.018687551228709787,0.9929516911506653,0.0
1998-03-20,MBALE,0.85242130978801,0.9929516911506653,0.0
1998-03-21,SIRONKO,2.521493059898335,4.138824462890625,1.6566996574401855
1998-03-21,BULAMBULI,6.5288786976829,17.290851593017578,2.2114224433898926
1998-03-21,BUKWO,4.859922086308351,7.770706653594971,2.1873929500579834
1998-03-21,BUTALEJA,1.0829931001090696,1.7906240224838257,0.5724450349807739
1998-03-21,KWEEN,7.914967969766756,38.961090087890625,2.176328420639038
1998-03-21,KAPCHORWA,6.215006014655114,7.921379566192627,2.3576390743255615
1998-03-21,MANAFWA,3.5102320198250565,6.634746074676514,1.5504189729690552
1998-03-21,BUDUDA,2.9326652876033763,3.712500810623169,1.582573652267456
1998-03-21,MBALE,1.8900810218886264,3.072044610977173,1.282106876373291
1998-03-21,MBALE,2.334143626078881,2.394052267074585,1.405043601989746
1998-03-22,SIRONKO,5.64382933606299,10.949447631835938,2.5284481048583984
1998-03-22,BULAMBULI,9.825076247118362,26.67140007019043,2.0302116870880127
1998-03-22,BUKWO,9.89783834317377,16.402971267700195,5.92240571975708
1998-03-22,BUTALEJA,4.856004267707165,11.264935493469238,1.9244253635406494
1998-03-22,KWEEN,17.146070334997603,26.67140007019043,5.285907745361328
1998-03-22,KAPCHORWA,14.029427815824407,25.460901260375977,5.513948440551758
1998-03-22,MANAFWA,3.201745271343046,8.039909362792969,1.710858702659607
1998-03-22,BUDUDA,7.327361062008569,9.676300048828125,3.144850492477417
1998-03-22,MBALE,3.599192398292128,8.039909362792969,1.2988616228103638
1998-03-22,MBALE,3.611585082316609,4.549812316894531,1.867530107498169
1998-03-23,SIRONKO,1.8656235264962064,4.776718616485596,0.40600836277008057
1998-03-23,BULAMBULI,5.405340160025401,18.19123649597168,1.8419711589813232
1998-03-23,BUKWO,1.0239551200355672,4.711785793304443,0.0
1998-03-23,BUTALEJA,0.21100028465626167,4.296809196472168,0.0
1998-03-23,KWEEN,4.105204216754882,13.718626022338867,0.0
1998-03-23,KAPCHORWA,8.40905431939858,18.19123649597168,2.8253228664398193
1998-03-23,MANAFWA,0.6489510223304229,2.547762870788574,0.041187603026628494
1998-03-23,BUDUDA,1.8882186281547482,2.547762870788574,0.5674830675125122
1998-03-23,MBALE,0.34593414044612547,2.2452640533447266,0.0027076750993728638
1998-03-23,MBALE,0.22778640717749615,0.40588200092315674,0.034250371158123016
1998-03-24,SIRONKO,1.629136285347295,4.935666561126709,0.11481768637895584
1998-03-24,BULAMBULI,5.684788819759318,13.331038475036621,0.0
1998-03-24,BUKWO,1.1435531988887784,3.7342498302459717,0.0
1998-03-24,BUTALEJA,2.7893203188230964,8.532805442810059,0.3059673011302948
1998-03-24,KWEEN,1.0956357101909682,6.082905292510986,0.0
1998-03-24,KAPCHORWA,5.349586244125435,9.027653694152832,0.0
1998-03-24,MANAFWA,0.4485621516693334,1.4812442064285278,0.07758750021457672
1998-03-24,BUDUDA,1.2352733329432906,2.5463948249816895,0.5061526298522949
1998-03-24,MBALE,0.7953616614935065,1.5582648515701294,0.22358985245227814
1998-03-24,MBALE,1.062389145401853,1.1745437383651733,0.6457985639572144
1998-03-25,SIRONKO,25.557448444244407,35.09990692138672,9.953702926635742
1998-03-25,BULAMBULI,14.417807049600981,35.09990692138672,0.7138782739639282
1998-03-25,BUKWO,2.3195244278429255,9.263891220092773,0.0
1998-03-25,BUTALEJA,10.777609770212514,15.470733642578125,7.704712867736816
1998-03-25,KWEEN,3.5180513201403762,14.029269218444824,0.0
1998-03-25,KAPCHORWA,17.313792095297458,30.409236907958984,5.373830795288086
1998-03-25,MANAFWA,8.822302885385946,13.93716049194336,6.681893825531006
1998-03-25,BUDUDA,12.98892453963381,19.694122314453125,8.818671226501465
1998-03-25,MBALE,18.28182900478396,30.161945343017578,8.196681022644043
1998-03-25,MBALE,26.48907214755371,28.173419952392578,15.051117897033691
1998-03-26,SIRONKO,7.979989194833559,14.317337036132812,3.8337759971618652
1998-03-26,BULAMBULI,4.652857657581713,14.317337036132812,0.30689114332199097
1998-03-26,BUKWO,1.7061312290060673,6.901823043823242,0.0
1998-03-26,BUTALEJA,21.682649118992746,34.45502471923828,8.34353256225586
1998-03-26,KWEEN,0.6568684912239549,6.901823043823242,0.0
1998-03-26,KAPCHORWA,2.869278691452982,9.842489242553711,0.15336407721042633
1998-03-26,MANAFWA,12.135849862938041,16.416906356811523,7.899111747741699
1998-03-26,BUDUDA,10.891468443683983,16.416906356811523,3.8337759971618652
1998-03-26,MBALE,8.284705841167769,11.914310455322266,4.5814385414123535
1998-03-26,MBALE,9.555754304905168,9.802026748657227,6.226570129394531
1998-03-27,SIRONKO,12.284013236228304,29.038394927978516,6.706813335418701
1998-03-27,BULAMBULI,15.107519418299503,29.038394927978516,4.1472907066345215
1998-03-27,BUKWO,16.27512797714219,27.042543411254883,10.328350067138672
1998-03-27,BUTALEJA,3.8295165553168946,6.669314861297607,1.9990222454071045
1998-03-27,KWEEN,16.01445775722641,31.91437339782715,4.1472907066345215
1998-03-27,KAPCHORWA,18.523125012198907,23.68816566467285,10.887923240661621
1998-03-27,MANAFWA,7.159174935407142,13.53838062286377,2.932858467102051
1998-03-27,BUDUDA,10.866317227377635,29.038394927978516,5.1354756355285645
1998-03-27,MBALE,6.849200786441263,11.992559432983398,2.0418429374694824
1998-03-27,MBALE,10.791347596912342,11.107466697692871,6.909856796264648
1998-03-28,SIRONKO,4.091087560690582,7.167744159698486,1.13007652759552
1998-03-28,BULAMBULI,3.2197438919804684,9.24870491027832,0.0
1998-03-28,BUKWO,4.628943566089052,9.351038932800293,0.9601947665214539
1998-03-28,BUTALEJA,1.4099250240049153,3.069265365600586,0.05837829411029816
1998-03-28,KWEEN,1.9505270742199545,9.351038932800293,0.0
1998-03-28,KAPCHORWA,5.368820806638079,10.226645469665527,0.3229331970214844
1998-03-28,MANAFWA,0.7735458432610024,2.8363149166107178,0.0
1998-03-28,BUDUDA,2.2348326588167384,6.900796413421631,0.764988362789154
1998-03-28,MBALE,1.1403907002232467,3.9254183769226074,0.024451760575175285
1998-03-28,MBALE,1.5867118329597847,1.8219627141952515,0.8167696595191956
1998-03-29,SIRONKO,2.0235793732651133,10.164420127868652,0.4461536109447479
1998-03-29,BULAMBULI,1.336964759936831,10.164420127868652,0.0
1998-03-29,BUKWO,2.465890432027049,10.373119354248047,0.0
1998-03-29,BUTALEJA,1.2839811396358607,4.264902591705322,0.0
1998-03-29,KWEEN,1.4766986398504742,10.373119354248047,0.0
1998-03-29,KAPCHORWA,1.596121033164842,10.205403327941895,0.0
1998-03-29,MANAFWA,0.9007254543130803,5.899806976318359,0.0
1998-03-29,BUDUDA,3.762875960212509,10.164420127868652,0.8150367736816406
1998-03-29,MBALE,0.7707295483668217,2.0647690296173096,0.0
1998-03-29,MBALE,1.1680093252343597,1.2715239524841309,0.5901907682418823
1998-03-30,SIRONKO,0.0,0.0,0.0
1998-03-30,BULAMBULI,0.3097849915152916,2.889008045196533,0.0
1998-03-30,BUKWO,0.0,0.0,0.0
1998-03-30,BUTALEJA,0.0,0.0,0.0
1998-03-30,KWEEN,0.0,0.0,0.0
1998-03-30,KAPCHORWA,0.25721039047475064,1.689548373222351,0.0
1998-03-30,MANAFWA,0.0,0.0,0.0
1998-03-30,BUDUDA,0.0,0.0,0.0
1998-03-30,MBALE,0.0,0.0,0.0
1998-03-30,MBALE,0.0,0.0,0.0
1998-03-31,SIRONKO,0.39866049937930204,4.474746227264404,0.0
1998-03-31,BULAMBULI,0.5433100724798743,9.838785171508789,0.0
1998-03-31,BUKWO,0.0484059130530872,0.9350851774215698,0.0
1998-03-31,BUTALEJA,0.11025791015776489,0.40363699197769165,0.0
1998-03-31,KWEEN,0.04193612372101494,0.9350851774215698,0.0
1998-03-31,KAPCHORWA,0.07953619593332453,0.9350851774215698,0.0
1998-03-31,MANAFWA,0.5477029235606422,2.409425735473633,0.0
1998-03-31,BUDUDA,0.3655354688833059,1.8852803707122803,0.0
1998-03-31,MBALE,0.03338545171536289,0.12694936990737915,0.0
1998-03-31,MBALE,0.0,0.0,0.0
1998-04-01,SIRONKO,0.0,0.0,0.0
1998-04-01,BULAMBULI,1.5544996910805297E-4,0.4490898549556732,0.0
1998-04-01,BUKWO,0.0059180332794146785,0.6079972982406616,0.0
1998-04-01,BUTALEJA,0.0,0.0,0.0
1998-04-01,KWEEN,0.08537451435305837,1.027160406112671,0.0
1998-04-01,KAPCHORWA,0.21038978510400766,1.027160406112671,0.0
1998-04-01,MANAFWA,0.0,0.0,0.0
1998-04-01,BUDUDA,0.0,0.0,0.0
1998-04-01,MBALE,0.0,0.0,0.0
1998-04-01,MBALE,0.0,0.0,0.0
1998-04-02,SIRONKO,0.10464656282383912,0.4359787106513977,0.0
1998-04-02,BULAMBULI,0.018878174921913144,0.3940121531486511,0.0
1998-04-02,BUKWO,0.06680644841820325,1.143876075744629,0.0
1998-04-02,BUTALEJA,0.0169942361058331,0.23097439110279083,0.0
1998-04-02,KWEEN,0.04312522156614429,1.143876075744629,0.0
1998-04-02,KAPCHORWA,0.03759146217240214,0.13153387606143951,0.0
1998-04-02,MANAFWA,0.013280785557196964,0.2877523601055145,0.0
1998-04-02,BUDUDA,0.004613481674394542,0.1317298859357834,0.0
1998-04-02,MBALE,0.031380145908908315,0.18289412558078766,0.0
1998-04-02,MBALE,0.0,0.0,0.0
1998-04-03,SIRONKO,0.2366968983081001,0.8107846975326538,0.0
1998-04-03,BULAMBULI,0.04430439869834261,0.6473573446273804,0.0
1998-04-03,BUKWO,0.149834817001287,2.4941658973693848,0.0
1998-04-03,BUTALEJA,1.3137775958494242,14.359638214111328,0.0
1998-04-03,KWEEN,0.3656664778166122,2.4941658973693848,0.0
1998-04-03,KAPCHORWA,0.19710817203949418,0.5966905951499939,0.0
1998-04-03,MANAFWA,0.07760273772129897,0.5749592781066895,0.0
1998-04-03,BUDUDA,0.02013638798990092,0.5749592781066895,0.0
1998-04-03,MBALE,0.19419021597608477,1.2666974067687988,0.0
1998-04-03,MBALE,0.0,0.0,0.0
1998-04-04,SIRONKO,0.6606455610388046,3.0487563610076904,0.0
1998-04-04,BULAMBULI,1.8412470715532105,6.591551780700684,0.0
1998-04-04,BUKWO,0.18260526501253013,6.418313980102539,0.0
1998-04-04,BUTALEJA,7.413454607924896,22.007905960083008,0.296911358833313
1998-04-04,KWEEN,1.7966311028055406,6.418313980102539,0.0
1998-04-04,KAPCHORWA,2.3172982395798405,6.591551780700684,0.0
1998-04-04,MANAFWA,0.2003362575845487,1.1968342065811157,0.0
1998-04-04,BUDUDA,0.039680437915791844,1.1330053806304932,0.0
1998-04-04,MBALE,0.6229786785828765,2.945693016052246,0.0
1998-04-04,MBALE,0.0,0.0,0.0
1998-04-05,SIRONKO,0.45036311057761974,2.290895938873291,0.0
1998-04-05,BULAMBULI,4.337606466662536,11.4456205368042,0.0
1998-04-05,BUKWO,0.22683432815052973,4.806397438049316,0.0
1998-04-05,BUTALEJA,4.529962250549631,15.328462600708008,0.37246042490005493
1998-04-05,KWEEN,1.4202289054868031,9.065291404724121,0.0
1998-04-05,KAPCHORWA,3.902483012055741,10.854565620422363,0.0
1998-04-05,MANAFWA,0.5875627001690162,6.639120578765869,0.0
1998-04-05,BUDUDA,0.05004510154143496,1.4289501905441284,0.0
1998-04-05,MBALE,2.2436712422819443,7.413547515869141,0.0
1998-04-05,MBALE,0.0,0.0,0.0
1998-04-06,SIRONKO,7.1202092577090506,15.705940246582031,3.4896788597106934
1998-04-06,BULAMBULI,7.994553506244303,17.0581111907959,4.512547969818115
1998-04-06,BUKWO,8.942889962233533,14.089609146118164,4.583922386169434
1998-04-06,BUTALEJA,13.96142338015022,28.638877868652344,1.0080435276031494
1998-04-06,KWEEN,9.165215986776637,17.0581111907959,4.212554931640625
1998-04-06,KAPCHORWA,9.64559026628371,17.0581111907959,5.9237165451049805
1998-04-06,MANAFWA,22.134588321626026,33.7255973815918,7.567841053009033
1998-04-06,BUDUDA,18.5186910266346,28.06953239440918,6.658425331115723
1998-04-06,MBALE,9.05469396730076,21.703577041625977,1.2705403566360474
1998-04-06,MBALE,6.572004115702162,12.745133399963379,2.312530994415283
1998-04-07,SIRONKO,4.859695831471546,9.836567878723145,2.8886377811431885
1998-04-07,BULAMBULI,4.531201073965438,8.621909141540527,1.9023994207382202
1998-04-07,BUKWO,3.3710981376718845,7.434415817260742,0.8828847408294678
1998-04-07,BUTALEJA,2.3990610200255618,9.7055025100708,0.6382702589035034
1998-04-07,KWEEN,3.840228973720981,8.621909141540527,0.8358422517776489
1998-04-07,KAPCHORWA,5.530325191921402,8.425073623657227,3.3907599449157715
1998-04-07,MANAFWA,7.229571100414695,15.85416316986084,0.05634057894349098
1998-04-07,BUDUDA,8.40109481182195,13.394102096557617,4.687966823577881
1998-04-07,MBALE,6.985902840135586,17.587839126586914,0.05737054720520973
1998-04-07,MBALE,6.842438110953408,11.18336296081543,3.502157211303711
1998-04-08,SIRONKO,4.4573545579753615,7.81505823135376,1.5577456951141357
1998-04-08,BULAMBULI,5.499108219959916,8.814476013183594,0.3329165279865265
1998-04-08,BUKWO,2.4858027256743487,6.713428497314453,0.26656994223594666
1998-04-08,BUTALEJA,1.0934006608449518,5.552915096282959,0.0
1998-04-08,KWEEN,3.3778634403823715,11.427535057067871,0.3329165279865265
1998-04-08,KAPCHORWA,5.205156564154742,8.814476013183594,0.5632809400558472
1998-04-08,MANAFWA,1.9237570871375207,10.660618782043457,0.0
1998-04-08,BUDUDA,4.061564149001794,7.244073390960693,1.3711776733398438
1998-04-08,MBALE,2.1103173449231347,5.9718546867370605,0.0412391759455204
1998-04-08,MBALE,3.9727234105210734,3.98429799079895,3.511153221130371
1998-04-09,SIRONKO,5.647055290334731,14.331578254699707,0.08922580629587173
1998-04-09,BULAMBULI,5.257247620336433,17.467348098754883,0.0
1998-04-09,BUKWO,16.81842567534542,20.30514144897461,9.346088409423828
1998-04-09,BUTALEJA,14.018963343520028,26.05075454711914,0.7308598160743713
1998-04-09,KWEEN,9.612636018622664,19.097692489624023,1.6988166570663452
1998-04-09,KAPCHORWA,8.903763300868821,17.467348098754883,1.3726391792297363
1998-04-09,MANAFWA,11.474319167550918,25.152584075927734,2.825334310531616
1998-04-09,BUDUDA,11.90098292588951,17.58912467956543,2.96488618850708
1998-04-09,MBALE,9.261632634561632,25.152584075927734,0.08922580629587173
1998-04-09,MBALE,3.890763134396703,5.443025588989258,1.10858154296875
1998-04-10,SIRONKO,5.278853840982349,15.709412574768066,2.538879632949829
1998-04-10,BULAMBULI,14.312282271198022,26.442405700683594,4.811169147491455
1998-04-10,BUKWO,20.174922599647292,24.148193359375,12.578117370605469
1998-04-10,BUTALEJA,10.050278446648926,22.0766544342041,2.3802554607391357
1998-04-10,KWEEN,21.61528208405202,39.02068328857422,11.989188194274902
1998-04-10,KAPCHORWA,15.688673557026119,24.07091522216797,7.266407012939453
1998-04-10,MANAFWA,5.81564144575479,9.787151336669922,2.2023732662200928
1998-04-10,BUDUDA,6.570447243760242,15.709412574768066,3.9291799068450928
1998-04-10,MBALE,4.384805703982625,7.556763172149658,2.2023732662200928
1998-04-10,MBALE,5.014139168020405,5.256250381469727,3.255453109741211
1998-04-11,SIRONKO,25.93027222552561,42.3885498046875,14.26701545715332
1998-04-11,BULAMBULI,36.712954597507476,48.330604553222656,17.160432815551758
1998-04-11,BUKWO,19.133965088986262,38.65049743652344,0.0
1998-04-11,BUTALEJA,4.878460184523016,11.606078147888184,0.5886324048042297
1998-04-11,KWEEN,23.119461060338537,40.66012191772461,7.252767562866211
1998-04-11,KAPCHORWA,40.02194116632104,48.330604553222656,26.693201065063477
1998-04-11,MANAFWA,9.852884192602204,12.608283996582031,4.221409797668457
1998-04-11,BUDUDA,13.37868159400571,22.700918197631836,8.706734657287598
1998-04-11,MBALE,11.952960560266694,22.41249656677246,4.221409797668457
1998-04-11,MBALE,14.189469578294942,22.41249656677246,7.373185157775879
1998-04-12,SIRONKO,17.487912606450575,27.341283798217773,10.449752807617188
1998-04-12,BULAMBULI,17.533675943441573,25.09408950805664,10.282670974731445
1998-04-12,BUKWO,12.749128144211666,23.382476806640625,0.0
1998-04-12,BUTALEJA,63.33255124109307,89.99532318115234,31.12694549560547
1998-04-12,KWEEN,15.61769681896408,29.096643447875977,6.651247024536133
1998-04-12,KAPCHORWA,14.591137952425903,22.090717315673828,7.540346145629883
1998-04-12,MANAFWA,42.583166086809356,70.84131622314453,20.605249404907227
1998-04-12,BUDUDA,22.062801057430164,29.30349349975586,14.033365249633789
1998-04-12,MBALE,31.59272765317633,44.80243682861328,10.449752807617188
1998-04-12,MBALE,31.977342562312746,34.77743148803711,25.827768325805664
1998-04-13,SIRONKO,1.7113552483523724,4.112343788146973,0.0
1998-04-13,BULAMBULI,1.6137265645436625,4.9091901779174805,0.0
1998-04-13,BUKWO,2.1442073761080467,4.301068305969238,0.0
1998-04-13,BUTALEJA,4.245827712666563,7.255795001983643,1.4935641288757324
1998-04-13,KWEEN,1.9019734597383833,4.926156520843506,0.0
1998-04-13,KAPCHORWA,2.6249194985157085,4.9091901779174805,0.46850916743278503
1998-04-13,MANAFWA,4.423673399616311,10.424735069274902,1.8819782733917236
1998-04-13,BUDUDA,2.5273502516605566,4.112343788146973,1.8819782733917236
1998-04-13,MBALE,2.6992102287163235,6.1202073097229,0.8875972032546997
1998-04-13,MBALE,2.0873557989830056,2.681844711303711,1.5386533737182617
1998-04-14,SIRONKO,3.4277298469588557,8.074450492858887,0.9356456995010376
1998-04-14,BULAMBULI,2.5889205700434945,8.074450492858887,0.0
1998-04-14,BUKWO,2.3064387403680544,7.833909511566162,0.0
1998-04-14,BUTALEJA,0.6369997969844116,1.6690192222595215,0.05326254293322563
1998-04-14,KWEEN,1.6564121461136265,7.833909511566162,0.0
1998-04-14,KAPCHORWA,3.8336884655517887,7.833909511566162,0.4854513704776764
1998-04-14,MANAFWA,3.413633377406526,17.287761688232422,0.0
1998-04-14,BUDUDA,2.4123991067017747,8.074450492858887,0.8012998104095459
1998-04-14,MBALE,1.9965863920897837,3.5100157260894775,0.802384078502655
1998-04-14,MBALE,2.5565501813245604,3.5100157260894775,1.6853171586990356
1998-04-15,SIRONKO,3.6024311767698016,7.030730724334717,1.799539566040039
1998-04-15,BULAMBULI,5.161166415406708,9.257864952087402,0.263743132352829
1998-04-15,BUKWO,2.322368483041257,7.994999408721924,0.0
1998-04-15,BUTALEJA,0.22862013218603966,1.582055926322937,0.0
1998-04-15,KWEEN,3.9804630273372634,11.828940391540527,0.263743132352829
1998-04-15,KAPCHORWA,7.332845219685128,10.870987892150879,1.9861663579940796
1998-04-15,MANAFWA,3.4512945831379436,7.761920928955078,0.6689453125
1998-04-15,BUDUDA,4.362177824994723,6.417600154876709,2.2564828395843506
1998-04-15,MBALE,1.8730985932071202,4.020934104919434,0.586330235004425
1998-04-15,MBALE,2.643498073089679,3.095642566680908,2.0299508571624756
1998-04-16,SIRONKO,0.2903457542835289,0.719719409942627,0.06843126565217972
1998-04-16,BULAMBULI,0.7528816641679914,3.711444854736328,0.0
1998-04-16,BUKWO,0.33525539904462415,1.0450527667999268,0.0
1998-04-16,BUTALEJA,1.9236605615413946,3.9650521278381348,0.24120880663394928
1998-04-16,KWEEN,0.08153326740656383,1.0450527667999268,0.0
1998-04-16,KAPCHORWA,0.6546042782646656,2.0983972549438477,0.0
1998-04-16,MANAFWA,1.040544959952879,4.628167629241943,0.09407537430524826
1998-04-16,BUDUDA,0.16942637129973304,0.44706934690475464,0.07988455146551132
1998-04-16,MBALE,0.27390423126112184,1.4016002416610718,0.0534367635846138
1998-04-16,MBALE,0.34252258345431225,0.40545737743377686,0.16759686172008514
1998-04-17,SIRONKO,6.4364741798981715,10.361821174621582,4.223562240600586
1998-04-17,BULAMBULI,4.8174833595679,9.436314582824707,1.1982910633087158
1998-04-17,BUKWO,3.420334409014402,6.73223876953125,1.2782979011535645
1998-04-17,BUTALEJA,17.738054175493595,22.659591674804688,9.250848770141602
1998-04-17,KWEEN,5.636591989670534,10.506841659545898,3.251265525817871
1998-04-17,KAPCHORWA,5.415718975561548,8.743790626525879,3.228813648223877
1998-04-17,MANAFWA,5.4487827631112475,10.086003303527832,3.258312702178955
1998-04-17,BUDUDA,5.680587968961194,9.943465232849121,3.3484244346618652
1998-04-17,MBALE,10.151487374051834,16.973690032958984,4.710352420806885
1998-04-17,MBALE,15.637739304347324,16.365737915039062,10.56648063659668
1998-04-18,SIRONKO,7.635631644016396,10.133541107177734,2.3923754692077637
1998-04-18,BULAMBULI,3.86218049894428,10.133541107177734,0.6670846343040466
1998-04-18,BUKWO,1.985118573754679,3.1948423385620117,0.6915364265441895
1998-04-18,BUTALEJA,5.123214657078567,8.900845527648926,1.2143768072128296
1998-04-18,KWEEN,1.6368081064286093,3.183171510696411,0.910146176815033
1998-04-18,KAPCHORWA,3.4572269088531002,9.060760498046875,1.3962619304656982
1998-04-18,MANAFWA,6.622491177048342,13.038105010986328,1.498033046722412
1998-04-18,BUDUDA,7.080013122659102,14.037652015686035,2.292473316192627
1998-04-18,MBALE,8.520824729964199,14.037652015686035,5.506760120391846
1998-04-18,MBALE,10.296431555453756,13.57591438293457,6.240581035614014
1998-04-19,SIRONKO,1.4829437983700475,2.7506141662597656,0.30552592873573303
1998-04-19,BULAMBULI,0.7617814071520718,2.7506141662597656,0.0
1998-04-19,BUKWO,0.6155029588750404,2.273566246032715,0.002707518870010972
1998-04-19,BUTALEJA,2.5442841234578784,3.5849521160125732,1.1236804723739624
1998-04-19,KWEEN,0.17989673326249447,2.0650463104248047,0.0
1998-04-19,KAPCHORWA,0.5563742121974229,2.375173807144165,0.0
1998-04-19,MANAFWA,1.8183420478847305,6.141396999359131,0.11025812476873398
1998-04-19,BUDUDA,1.7927752567910162,3.472745656967163,1.0735809803009033
1998-04-19,MBALE,1.433175462328186,2.2846336364746094,0.5135817527770996
1998-04-19,MBALE,2.1761959973324996,2.2846336364746094,1.417595386505127
1998-04-20,SIRONKO,4.6467707636044615,11.190435409545898,2.071521759033203
1998-04-20,BULAMBULI,3.925027938691635,11.656861305236816,0.055467043071985245
1998-04-20,BUKWO,2.0961202552826776,3.9800450801849365,0.34926989674568176
1998-04-20,BUTALEJA,2.2631169000346945,6.585250377655029,0.6378482580184937
1998-04-20,KWEEN,1.1918332091163815,3.9800450801849365,0.10748524218797684
1998-04-20,KAPCHORWA,4.591185779214474,11.656861305236816,0.623744010925293
1998-04-20,MANAFWA,5.144567616255892,8.33029556274414,2.2477121353149414
1998-04-20,BUDUDA,4.9352147959350745,8.071228981018066,2.723381519317627
1998-04-20,MBALE,4.776055511660372,8.33029556274414,2.0251970291137695
1998-04-20,MBALE,4.658644840058027,5.876300811767578,2.0251970291137695
1998-04-21,SIRONKO,4.1639298973822285,7.781599998474121,2.640536069869995
1998-04-21,BULAMBULI,2.3161475426029616,5.766096591949463,0.05277936905622482
1998-04-21,BUKWO,3.156020957543053,5.656080722808838,1.0321415662765503
1998-04-21,BUTALEJA,2.2663708375851814,10.19845199584961,1.062766194343567
1998-04-21,KWEEN,2.5637674422747287,5.9240031242370605,0.0
1998-04-21,KAPCHORWA,3.961165458463785,5.766096591949463,0.8212887644767761
1998-04-21,MANAFWA,4.8291967968129,6.521389961242676,3.1931345462799072
1998-04-21,BUDUDA,3.645554864706932,5.0398077964782715,2.640536069869995
1998-04-21,MBALE,4.034620076889636,7.781599998474121,1.580905556678772
1998-04-21,MBALE,6.38974073818218,7.181844711303711,4.615205764770508
1998-04-22,SIRONKO,4.197692966857447,8.906336784362793,2.6458911895751953
1998-04-22,BULAMBULI,5.0441917092120905,11.286327362060547,1.6812838315963745
1998-04-22,BUKWO,2.600706726153282,4.574897289276123,0.6166028380393982
1998-04-22,BUTALEJA,7.39721117692743,9.380762100219727,5.370174884796143
1998-04-22,KWEEN,3.496405963485149,8.634724617004395,1.6812838315963745
1998-04-22,KAPCHORWA,5.131313265483563,11.286327362060547,1.6812838315963745
1998-04-22,MANAFWA,8.89023639423943,12.392807006835938,7.576962947845459
1998-04-22,BUDUDA,7.670475724945712,10.660555839538574,3.2343060970306396
1998-04-22,MBALE,8.261619797903467,11.43341064453125,2.6458911895751953
1998-04-22,MBALE,9.173088802530062,9.60551643371582,6.073324680328369
1998-04-23,SIRONKO,15.649264457827256,22.3386173248291,12.44027328491211
1998-04-23,BULAMBULI,18.76292751353231,33.02775192260742,7.425179481506348
1998-04-23,BUKWO,5.3552308897966165,13.06815242767334,0.1982712596654892
1998-04-23,BUTALEJA,13.286515684177802,21.380786895751953,4.72679328918457
1998-04-23,KWEEN,6.141994006546614,15.617369651794434,0.45343247056007385
1998-04-23,KAPCHORWA,18.506047956347366,29.340717315673828,7.943281173706055
1998-04-23,MANAFWA,18.6763118087836,24.868906021118164,11.46400260925293
1998-04-23,BUDUDA,19.25038665778804,22.3386173248291,12.44027328491211
1998-04-23,MBALE,14.591269255121677,19.6280460357666,8.63675308227539
1998-04-23,MBALE,15.36929603125821,19.6280460357666,9.280953407287598
1998-04-24,SIRONKO,4.595233481521764,14.457499504089355,2.5688986778259277
1998-04-24,BULAMBULI,3.3324475595652356,14.457499504089355,0.12441354244947433
1998-04-24,BUKWO,4.680106872749365,13.20917797088623,0.6434985995292664
1998-04-24,BUTALEJA,14.363117408697827,31.74643898010254,5.234189033508301
1998-04-24,KWEEN,3.5896681690045553,14.457499504089355,0.5431082844734192
1998-04-24,KAPCHORWA,4.458148004652686,13.014814376831055,1.0632715225219727
1998-04-24,MANAFWA,8.359985670601828,10.684710502624512,6.710430145263672
1998-04-24,BUDUDA,9.072111219525617,14.565914154052734,6.408105850219727
1998-04-24,MBALE,6.598442703134344,8.520868301391602,3.429732084274292
1998-04-24,MBALE,7.074774923178249,7.419692039489746,4.602835655212402
1998-04-25,SIRONKO,4.689622311426311,8.841636657714844,3.0766854286193848
1998-04-25,BULAMBULI,7.570057117625254,16.055856704711914,3.209196090698242
1998-04-25,BUKWO,4.31386809254011,9.248149871826172,2.3997559547424316
1998-04-25,BUTALEJA,3.9829083617271976,6.866822242736816,2.4502007961273193
1998-04-25,KWEEN,5.795129737106585,11.936836242675781,2.072749137878418
1998-04-25,KAPCHORWA,4.909917678366356,9.372983932495117,2.072749137878418
1998-04-25,MANAFWA,4.997564820595315,13.697566986083984,2.758519411087036
1998-04-25,BUDUDA,4.941137102396453,5.861457347869873,3.320716142654419
1998-04-25,MBALE,4.252005069893645,6.532883167266846,2.6619982719421387
1998-04-25,MBALE,5.741374772940825,6.072312831878662,4.1426873207092285
1998-04-26,SIRONKO,11.013815115770965,22.880054473876953,3.208862781524658
1998-04-26,BULAMBULI,21.246113414829306,51.78948211669922,4.0702996253967285
1998-04-26,BUKWO,16.977468285423484,42.02669906616211,5.498842239379883
1998-04-26,BUTALEJA,2.0753885559543703,20.73875617980957,0.0
1998-04-26,KWEEN,30.968752400551388,51.78948211669922,5.363051891326904
1998-04-26,KAPCHORWA,9.623271991320276,30.145689010620117,3.8098084926605225
1998-04-26,MANAFWA,1.1205964563407818,6.093658447265625,0.0
1998-04-26,BUDUDA,4.803242336003454,17.339452743530273,0.0
1998-04-26,MBALE,7.672520182498608,23.594749450683594,0.0
1998-04-26,MBALE,17.311025352988647,23.594749450683594,0.0
1998-04-27,SIRONKO,5.916102131054824,18.074304580688477,0.8348046541213989
1998-04-27,BULAMBULI,5.76452910968379,18.743982315063477,0.22485820949077606
1998-04-27,BUKWO,4.389863153471577,10.498419761657715,0.292974591255188
1998-04-27,BUTALEJA,1.0494179608663328,3.978550434112549,0.0
1998-04-27,KWEEN,3.6383725883728735,10.498419761657715,0.0
1998-04-27,KAPCHORWA,3.709183495126641,15.165135383605957,0.2358977049589157
1998-04-27,MANAFWA,0.8777359101666865,5.605874538421631,0.0
1998-04-27,BUDUDA,4.555482876456519,10.478792190551758,0.0
1998-04-27,MBALE,4.321612124995462,13.352459907531738,0.0
1998-04-27,MBALE,8.519691981484678,13.352459907531738,0.0
1998-04-28,SIRONKO,1.4692319720881026,4.563893795013428,0.38712573051452637
1998-04-28,BULAMBULI,1.2128150056930707,4.563893795013428,0.0
1998-04-28,BUKWO,1.908407624154824,2.9879422187805176,0.0
1998-04-28,BUTALEJA,0.06675963965869523,0.703044593334198,0.0
1998-04-28,KWEEN,0.7568862906595355,2.9879422187805176,0.0
1998-04-28,KAPCHORWA,0.9039274808615355,4.138504981994629,0.0
1998-04-28,MANAFWA,0.03435678410298047,0.8396880626678467,0.0
1998-04-28,BUDUDA,0.5842598619999637,1.4930212497711182,0.0
1998-04-28,MBALE,0.4319358153627173,1.5812407732009888,0.0
1998-04-28,MBALE,1.1303290425174346,1.2017254829406738,0.0
1998-04-29,SIRONKO,4.706637465894618,9.01107120513916,0.8696013689041138
1998-04-29,BULAMBULI,2.517640976636208,9.01107120513916,0.0
1998-04-29,BUKWO,5.377374935889757,10.39645767211914,0.6984951496124268
1998-04-29,BUTALEJA,0.5410398685404564,2.499171733856201,0.0
1998-04-29,KWEEN,2.8401148011354476,10.39645767211914,0.0
1998-04-29,KAPCHORWA,2.1794758130909746,8.896506309509277,0.17574122548103333
1998-04-29,MANAFWA,0.3004057203200947,4.132397651672363,0.0
1998-04-29,BUDUDA,3.2425702283848654,7.73486852645874,0.0
1998-04-29,MBALE,3.4499681122446755,10.371479034423828,0.0
1998-04-29,MBALE,8.725642884824543,10.371479034423828,0.0
1998-04-30,SIRONKO,1.2082618085239243,5.024800777435303,0.06458818167448044
1998-04-30,BULAMBULI,1.877204375465558,9.4583740234375,0.0
1998-04-30,BUKWO,1.067536521097948,6.066225528717041,0.0
1998-04-30,BUTALEJA,0.4928699507455357,1.8887887001037598,0.0
1998-04-30,KWEEN,3.210906353855345,14.929420471191406,0.0
1998-04-30,KAPCHORWA,3.845291869128004,10.859184265136719,0.6536309719085693
1998-04-30,MANAFWA,0.08699974701024442,0.6609178185462952,0.0
1998-04-30,BUDUDA,0.7018408860139095,1.8129277229309082,0.0
1998-04-30,MBALE,0.45425157525920135,1.8129277229309082,0.0
1998-04-30,MBALE,0.7236537914084641,0.9824702143669128,0.0
1998-05-01,SIRONKO,4.759194849347253,12.790902137756348,0.19391769170761108
1998-05-01,BULAMBULI,1.1410626545603852,6.442404270172119,0.0
1998-05-01,BUKWO,0.498162282676781,1.4335232973098755,0.0
1998-05-01,BUTALEJA,1.2286253444930484,4.629408359527588,0.07098402082920074
1998-05-01,KWEEN,0.43493522644783633,2.2294983863830566,0.0
1998-05-01,KAPCHORWA,1.1137828697565586,3.060292959213257,0.12385664135217667
1998-05-01,MANAFWA,6.741829916193136,15.606673240661621,2.226313829421997
1998-05-01,BUDUDA,7.361392411457896,15.606673240661621,0.7975263595581055
1998-05-01,MBALE,6.930882062240511,14.137633323669434,0.5233173966407776
1998-05-01,MBALE,5.702986148265386,12.252826690673828,1.8435146808624268
1998-05-02,SIRONKO,3.499965419752437,5.711045265197754,1.9130429029464722
1998-05-02,BULAMBULI,2.185941333891624,5.048018455505371,0.0
1998-05-02,BUKWO,0.6792502317212001,1.8889002799987793,0.0
1998-05-02,BUTALEJA,0.4825716564296245,3.9299683570861816,0.0
1998-05-02,KWEEN,0.5542453006185524,3.5656321048736572,0.0
1998-05-02,KAPCHORWA,2.7960728212425883,5.048018455505371,0.19368280470371246
1998-05-02,MANAFWA,2.285885499508576,4.893736839294434,0.041734859347343445
1998-05-02,BUDUDA,3.880327666663321,4.893736839294434,1.9130429029464722
1998-05-02,MBALE,3.4246128129611284,6.315433979034424,0.041734859347343445
1998-05-02,MBALE,5.323681612089494,6.315433979034424,4.678297519683838
1998-05-03,SIRONKO,11.127732899391901,18.422563552856445,5.407535076141357
1998-05-03,BULAMBULI,20.38845942595882,36.501548767089844,5.407535076141357
1998-05-03,BUKWO,15.349384036696847,27.114591598510742,3.8370614051818848
1998-05-03,BUTALEJA,10.935063045572686,25.125192642211914,3.8800315856933594
1998-05-03,KWEEN,14.756156105387923,22.66779899597168,4.871542930603027
1998-05-03,KAPCHORWA,15.755682837958519,28.620624542236328,7.741794586181641
1998-05-03,MANAFWA,6.61985866037286,9.346795082092285,3.944751024246216
1998-05-03,BUDUDA,7.7568424281853146,9.346795082092285,5.407535076141357
1998-05-03,MBALE,8.602577745518044,14.401013374328613,3.8800315856933594
1998-05-03,MBALE,11.552698309889347,12.466203689575195,11.18113899230957
1998-05-04,SIRONKO,3.077965480870896,6.477520942687988,1.6351287364959717
1998-05-04,BULAMBULI,6.492180071506174,13.431546211242676,1.731171727180481
1998-05-04,BUKWO,5.8107962189144775,11.754767417907715,2.318356513977051
1998-05-04,BUTALEJA,7.052246009909629,11.541470527648926,4.893067359924316
1998-05-04,KWEEN,9.906009633433587,16.927841186523438,3.261526584625244
1998-05-04,KAPCHORWA,6.734110761899922,11.31768798828125,3.325387716293335
1998-05-04,MANAFWA,10.781908468859289,15.26191234588623,3.0582103729248047
1998-05-04,BUDUDA,3.710292295328057,8.36723804473877,2.5418481826782227
1998-05-04,MBALE,5.355974453848157,10.949315071105957,1.6351287364959717
1998-05-04,MBALE,3.823736791512642,4.341897964477539,2.512608051300049
1998-05-05,SIRONKO,3.341174412974216,20.69147491455078,0.0436563566327095
1998-05-05,BULAMBULI,3.620484505167638,20.69147491455078,0.027885500341653824
1998-05-05,BUKWO,16.376405741066588,25.052173614501953,5.707202911376953
1998-05-05,BUTALEJA,1.0855588793957591,5.311829090118408,0.30118677020072937
1998-05-05,KWEEN,5.443998271809497,20.958654403686523,0.5843133926391602
1998-05-05,KAPCHORWA,2.482358019856319,17.297901153564453,0.23669159412384033
1998-05-05,MANAFWA,4.914325733562592,11.12971019744873,0.7184157371520996
1998-05-05,BUDUDA,7.813855312474071,22.20454978942871,0.5830096006393433
1998-05-05,MBALE,0.9615999401794041,3.5003442764282227,0.0436563566327095
1998-05-05,MBALE,0.5937865796239594,0.8927767276763916,0.1584545224905014
1998-05-06,SIRONKO,1.0592158525134587,3.964528799057007,0.21897658705711365
1998-05-06,BULAMBULI,1.6468067810893028,6.792863845825195,0.2896242141723633
1998-05-06,BUKWO,6.519634248760642,12.776434898376465,3.866358518600464
1998-05-06,BUTALEJA,0.3909947378239631,0.9643517732620239,0.0
1998-05-06,KWEEN,4.469468964455945,9.355838775634766,0.5299572944641113
1998-05-06,KAPCHORWA,2.419729449569744,7.619946002960205,1.584989070892334
1998-05-06,MANAFWA,0.367080128839485,0.9035128355026245,0.22978538274765015
1998-05-06,BUDUDA,0.8870131691934611,3.964528799057007,0.22978538274765015
1998-05-06,MBALE,0.47296149225445844,0.9909936189651489,0.21897658705711365
1998-05-06,MBALE,0.39073670420757967,0.4394969046115875,0.29686763882637024
1998-05-07,SIRONKO,3.7684099510726283,17.694236755371094,0.7823958396911621
1998-05-07,BULAMBULI,3.5756239109521473,17.694236755371094,0.3910062909126282
1998-05-07,BUKWO,5.106427876688839,16.80765151977539,0.48659229278564453
1998-05-07,BUTALEJA,1.4552457122924816,4.410125255584717,0.3128664791584015
1998-05-07,KWEEN,4.284092175642235,17.694236755371094,0.36856546998023987
1998-05-07,KAPCHORWA,2.5017668955172496,14.611063003540039,1.061008334159851
1998-05-07,MANAFWA,2.435553467371022,7.3239970207214355,1.3273173570632935
1998-05-07,BUDUDA,6.404499872533774,17.694236755371094,1.3881281614303589
1998-05-07,MBALE,2.4678300048810824,6.3997483253479,0.7143545150756836
1998-05-07,MBALE,1.1906804138350011,1.4280121326446533,0.8539300560951233
1998-05-08,SIRONKO,7.232992867957056,11.955767631530762,3.3207430839538574
1998-05-08,BULAMBULI,8.443084086544294,16.92512321472168,2.527630567550659
1998-05-08,BUKWO,7.95060075330619,14.617668151855469,1.8237206935882568
1998-05-08,BUTALEJA,13.158276655745613,22.108463287353516,5.345571517944336
1998-05-08,KWEEN,9.62430365278409,20.37485694885254,2.246389865875244
1998-05-08,KAPCHORWA,4.946904180352224,14.617668151855469,2.0256829261779785
1998-05-08,MANAFWA,3.480895732400841,9.545649528503418,1.5874452590942383
1998-05-08,BUDUDA,5.099120479258359,10.434432029724121,1.7923177480697632
1998-05-08,MBALE,5.888087916824388,10.053587913513184,2.3565759658813477
1998-05-08,MBALE,5.154166316659162,5.203154563903809,4.699030876159668
1998-05-09,SIRONKO,2.8523436309341856,16.12229347229004,0.502586841583252
1998-05-09,BULAMBULI,5.803075161903761,18.218629837036133,1.0635188817977905
1998-05-09,BUKWO,19.73225776059402,32.91257095336914,9.473740577697754
1998-05-09,BUTALEJA,10.870117038461187,22.50769805908203,1.385401964187622
1998-05-09,KWEEN,19.964691956845957,38.057403564453125,4.405430793762207
1998-05-09,KAPCHORWA,6.3370387620526305,18.218629837036133,3.414616107940674
1998-05-09,MANAFWA,1.2675460373320573,5.009369850158691,0.6077134013175964
1998-05-09,BUDUDA,3.8363495811652144,16.12229347229004,0.8143483400344849
1998-05-09,MBALE,1.817023777969143,3.395301103591919,0.7786896228790283
1998-05-09,MBALE,1.4001720786834129,1.4134687185287476,1.2518309354782104
1998-05-10,SIRONKO,1.623828504607118,7.728584289550781,0.15963762998580933
1998-05-10,BULAMBULI,3.3460534497125134,8.441495895385742,0.7006552219390869
1998-05-10,BUKWO,8.202777419376954,28.341909408569336,3.4275081157684326
1998-05-10,BUTALEJA,2.8909812481570136,5.887115478515625,0.20679421722888947
1998-05-10,KWEEN,5.85747020718248,19.171363830566406,0.524070680141449
1998-05-10,KAPCHORWA,3.5474144255350955,8.441495895385742,2.4778597354888916
1998-05-10,MANAFWA,0.6464715881138059,1.542233943939209,0.2680811583995819
1998-05-10,BUDUDA,1.2330996862025645,7.728584289550781,0.2680811583995819
1998-05-10,MBALE,0.464307513036882,1.3554176092147827,0.15963762998580933
1998-05-10,MBALE,0.21117813779400563,0.21876752376556396,0.17972683906555176
1998-05-11,SIRONKO,4.764726761240529,15.400764465332031,1.477485179901123
1998-05-11,BULAMBULI,8.641317390671547,17.078752517700195,2.232966661453247
1998-05-11,BUKWO,2.9933683534002125,10.365416526794434,0.4092021584510803
1998-05-11,BUTALEJA,4.26217265248802,10.874785423278809,0.05374773591756821
1998-05-11,KWEEN,7.942781391228323,18.02286148071289,2.036661148071289
1998-05-11,KAPCHORWA,12.525492805889684,18.02286148071289,3.214038610458374
1998-05-11,MANAFWA,6.832467531166398,16.970897674560547,2.3982856273651123
1998-05-11,BUDUDA,4.748815829149931,9.503032684326172,2.232966661453247
1998-05-11,MBALE,2.020758056439743,4.2065887451171875,0.057669512927532196
1998-05-11,MBALE,1.500574039057544,2.6201400756835938,0.4883076846599579
1998-05-12,SIRONKO,3.987357765845532,7.117732524871826,1.6831462383270264
1998-05-12,BULAMBULI,7.416713766843337,15.845137596130371,2.9003844261169434
1998-05-12,BUKWO,4.613053311894301,8.787586212158203,2.012937068939209
1998-05-12,BUTALEJA,4.189348538868806,12.240945816040039,0.37551677227020264
1998-05-12,KWEEN,3.6163155488640313,8.787586212158203,0.8701897859573364
1998-05-12,KAPCHORWA,5.249933023205032,7.41152811050415,3.2087481021881104
1998-05-12,MANAFWA,2.742115197148697,6.971545696258545,0.4347400665283203
1998-05-12,BUDUDA,3.7036009846224967,5.515812873840332,1.3252363204956055
1998-05-12,MBALE,4.997265868485018,12.240945816040039,1.446280837059021
1998-05-12,MBALE,4.168156727793323,5.630254745483398,2.29846453666687
1998-05-13,SIRONKO,7.127224226471171,15.16109848022461,1.663928508758545
1998-05-13,BULAMBULI,3.6429239390210757,15.16109848022461,0.16313469409942627
1998-05-13,BUKWO,7.773862637606142,15.65531063079834,1.2250864505767822
1998-05-13,BUTALEJA,3.362708703608309,7.104447364807129,0.7050156593322754
1998-05-13,KWEEN,2.61616021106618,15.65531063079834,0.10500825196504593
1998-05-13,KAPCHORWA,3.4984473089212327,10.048810005187988,0.6584962010383606
1998-05-13,MANAFWA,9.213861358868732,14.626886367797852,5.033302307128906
1998-05-13,BUDUDA,10.966243965460164,16.952016830444336,7.218295097351074
1998-05-13,MBALE,7.796340956725122,13.097627639770508,1.9544713497161865
1998-05-13,MBALE,7.321234723146234,9.28835391998291,4.1622443199157715
1998-05-14,SIRONKO,8.336892817507547,13.694598197937012,2.4115869998931885
1998-05-14,BULAMBULI,5.768032113453051,14.791866302490234,0.5788275003433228
1998-05-14,BUKWO,8.517203835429507,16.109485626220703,2.2928943634033203
1998-05-14,BUTALEJA,3.7749242692983866,11.783803939819336,0.04172408580780029
1998-05-14,KWEEN,8.675557402179429,16.109485626220703,1.1090786457061768
1998-05-14,KAPCHORWA,9.328937737799937,14.791866302490234,3.294374465942383
1998-05-14,MANAFWA,4.462915211000711,14.537209510803223,1.496538519859314
1998-05-14,BUDUDA,11.734278031375217,14.537209510803223,5.562033653259277
1998-05-14,MBALE,7.12488559420783,14.537209510803223,1.67902410030365
1998-05-14,MBALE,7.587139809322325,8.153470039367676,3.7232770919799805
1998-05-15,SIRONKO,23.002036827516285,57.955326080322266,13.953911781311035
1998-05-15,BULAMBULI,36.49771673820135,57.955326080322266,18.085826873779297
1998-05-15,BUKWO,26.54646790686226,44.23754119873047,12.018181800842285
1998-05-15,BUTALEJA,8.97246370971433,14.001029968261719,3.544888734817505
1998-05-15,KWEEN,34.00638039238412,55.23469161987305,17.257963180541992
1998-05-15,KAPCHORWA,42.294875290232895,49.707298278808594,22.462785720825195
1998-05-15,MANAFWA,5.928013999863665,17.761669158935547,1.2724851369857788
1998-05-15,BUDUDA,16.018527535307708,26.639135360717773,7.5908966064453125
1998-05-15,MBALE,16.509102070186998,33.96967697143555,3.3921661376953125
1998-05-15,MBALE,25.179313923383987,33.96967697143555,12.662912368774414
1998-05-16,SIRONKO,13.715500715315448,39.03447341918945,1.5766403675079346
1998-05-16,BULAMBULI,12.476052118725967,39.03447341918945,0.0
1998-05-16,BUKWO,25.602239270041874,42.75269317626953,0.08547274768352509
1998-05-16,BUTALEJA,0.1483475290619779,1.0004582405090332,0.0
1998-05-16,KWEEN,11.20789338286092,33.98804473876953,0.0
1998-05-16,KAPCHORWA,11.6825480274102,33.98804473876953,0.18809352815151215
1998-05-16,MANAFWA,4.651481837605509,24.259292602539062,0.5432495474815369
1998-05-16,BUDUDA,22.493945779438224,39.03447341918945,4.914886951446533
1998-05-16,MBALE,2.6484582262315284,17.878339767456055,0.007204185705631971
1998-05-16,MBALE,1.2971226619060938,2.511099338531494,0.3712761700153351
1998-05-17,SIRONKO,37.15726768123077,55.36442565917969,13.453781127929688
1998-05-17,BULAMBULI,20.06038387344302,55.36442565917969,0.20057247579097748
1998-05-17,BUKWO,6.846965614516829,13.719807624816895,0.009551522321999073
1998-05-17,BUTALEJA,14.872295603663366,26.431819915771484,5.730101585388184
1998-05-17,KWEEN,6.141602213439798,17.054153442382812,0.0
1998-05-17,KAPCHORWA,17.471762276388443,44.345909118652344,0.33617499470710754
1998-05-17,MANAFWA,10.592638093274752,35.26436996459961,5.99170446395874
1998-05-17,BUDUDA,23.83949216933508,44.061676025390625,7.956128120422363
1998-05-17,MBALE,29.574287488977657,56.89616394042969,5.730101585388184
1998-05-17,MBALE,48.66716061329631,56.89616394042969,30.74567413330078
1998-05-18,SIRONKO,1.618118081290596,4.815564155578613,0.0
1998-05-18,BULAMBULI,1.372673103435912,6.069232940673828,0.0
1998-05-18,BUKWO,0.7260973349487335,1.8580228090286255,0.0
1998-05-18,BUTALEJA,0.3278789272254309,4.277702808380127,0.0
1998-05-18,KWEEN,0.3852832555174728,3.2096333503723145,0.0
1998-05-18,KAPCHORWA,1.6877887356614507,6.069232940673828,0.0
1998-05-18,MANAFWA,0.4856768311130096,1.5954662561416626,0.0
1998-05-18,BUDUDA,0.927801588034333,3.042714834213257,0.0
1998-05-18,MBALE,1.266467426356241,4.424613952636719,0.0
1998-05-18,MBALE,2.3098009260717345,2.9398446083068848,0.0
1998-05-19,SIRONKO,0.25501473182274137,0.993011474609375,0.0
1998-05-19,BULAMBULI,0.3677228000992328,3.415205717086792,0.0
1998-05-19,BUKWO,1.2596050841329476,2.5923826694488525,0.0
1998-05-19,BUTALEJA,0.051491511465997127,0.1742665022611618,0.0
1998-05-19,KWEEN,0.4456261155244811,3.080507278442383,0.0
1998-05-19,KAPCHORWA,1.1644363346033209,3.415205717086792,0.0
1998-05-19,MANAFWA,0.38369463782611446,1.025087594985962,0.0
1998-05-19,BUDUDA,0.42635371857096166,0.8652356266975403,0.0
1998-05-19,MBALE,0.08497218965488809,0.3099763095378876,0.0
1998-05-19,MBALE,0.03936291532849433,0.1076025664806366,0.0
1998-05-20,SIRONKO,6.990816017390098,13.484253883361816,0.0
1998-05-20,BULAMBULI,2.2192916251750012,9.103074073791504,0.0
1998-05-20,BUKWO,1.0045440291999275,7.258190155029297,0.0
1998-05-20,BUTALEJA,0.07077818878627572,0.5227620005607605,0.0
1998-05-20,KWEEN,1.2890402503543577,10.513505935668945,0.0
1998-05-20,KAPCHORWA,2.5685835287417627,10.513505935668945,0.0
1998-05-20,MANAFWA,2.3880446128011505,6.992701053619385,0.5929380059242249
1998-05-20,BUDUDA,5.089968141927063,10.147346496582031,1.0840554237365723
1998-05-20,MBALE,4.397083008290162,13.484253883361816,0.008822261355817318
1998-05-20,MBALE,5.289511534804675,12.388970375061035,0.06524963676929474
1998-05-21,SIRONKO,1.746631607743512,2.8338425159454346,0.3300701677799225
1998-05-21,BULAMBULI,3.974821740036078,15.915194511413574,0.4944036900997162
1998-05-21,BUKWO,6.984729579551363,17.882658004760742,0.0
1998-05-21,BUTALEJA,1.0125218715996276,5.579972743988037,0.0
1998-05-21,KWEEN,2.679717521020274,7.222986221313477,0.0
1998-05-21,KAPCHORWA,2.7493292728155314,6.277109622955322,0.4944036900997162
1998-05-21,MANAFWA,1.0687922238709515,3.7311599254608154,0.16742607951164246
1998-05-21,BUDUDA,1.5051974740353957,2.5311028957366943,0.4087274670600891
1998-05-21,MBALE,1.935367950095518,5.579972743988037,0.3300701677799225
1998-05-21,MBALE,1.7043903763976083,1.784746527671814,0.7290542125701904
1998-05-22,SIRONKO,5.043921836510649,15.040327072143555,0.6985396146774292
1998-05-22,BULAMBULI,10.061709132737942,31.017189025878906,1.3176323175430298
1998-05-22,BUKWO,7.667337791957099,18.05898666381836,4.589997291564941
1998-05-22,BUTALEJA,2.4715845613539913,5.989314079284668,0.0
1998-05-22,KWEEN,7.623365605698524,19.243227005004883,1.8274786472320557
1998-05-22,KAPCHORWA,5.29602501964548,13.983778953552246,1.3176323175430298
1998-05-22,MANAFWA,5.500797381771184,11.161700248718262,0.9144482612609863
1998-05-22,BUDUDA,7.7499626316144,15.040327072143555,1.2167823314666748
1998-05-22,MBALE,5.190164037582398,11.940744400024414,0.6985396146774292
1998-05-22,MBALE,8.982970707563648,9.234479904174805,2.798855781555176
1998-05-23,SIRONKO,0.9800288154378968,4.273784637451172,0.0
1998-05-23,BULAMBULI,1.1768432142431915,6.015563011169434,0.0
1998-05-23,BUKWO,1.9742051891946446,6.404955863952637,0.0
1998-05-23,BUTALEJA,0.007385179518796101,0.15402090549468994,0.0
1998-05-23,KWEEN,1.5930286131175175,6.404955863952637,0.0
1998-05-23,KAPCHORWA,1.7579187102723455,6.015563011169434,0.32336604595184326
1998-05-23,MANAFWA,0.365652757727004,1.625955581665039,0.0
1998-05-23,BUDUDA,0.8827718941781236,4.273784637451172,0.06593599915504456
1998-05-23,MBALE,0.03967030632855929,0.29401886463165283,0.0
1998-05-23,MBALE,0.04936412262444184,0.06393805891275406,0.0
1998-05-24,SIRONKO,6.724762348637835,18.0396671295166,0.4582432508468628
1998-05-24,BULAMBULI,9.037683614871593,21.088138580322266,0.0
1998-05-24,BUKWO,10.411901526079388,16.695186614990234,0.0
1998-05-24,BUTALEJA,0.21738130266758454,4.028783798217773,0.0
1998-05-24,KWEEN,8.176262491622037,17.72580337524414,0.0
1998-05-24,KAPCHORWA,14.397371060192647,21.088138580322266,6.602306365966797
1998-05-24,MANAFWA,6.85720471635411,12.434357643127441,1.6880329847335815
1998-05-24,BUDUDA,7.1733577128546315,15.278071403503418,1.2972056865692139
1998-05-24,MBALE,3.046094641535702,11.970474243164062,0.0
1998-05-24,MBALE,1.5325291186785177,1.60514235496521,0.27762576937675476
1998-05-25,SIRONKO,4.994410560529387,10.738239288330078,1.5404772758483887
1998-05-25,BULAMBULI,2.746564908034693,10.738239288330078,0.0
1998-05-25,BUKWO,4.928973951814744,15.262505531311035,0.12285024672746658
1998-05-25,BUTALEJA,5.912918247579786,10.6859712600708,0.0
1998-05-25,KWEEN,1.9104153029633424,10.738239288330078,0.0
1998-05-25,KAPCHORWA,3.7503939070001886,9.661317825317383,0.7665666341781616
1998-05-25,MANAFWA,5.377450682244514,14.38271713256836,1.4119855165481567
1998-05-25,BUDUDA,7.144523452255738,14.38271713256836,2.0997719764709473
1998-05-25,MBALE,6.52094784522349,10.6859712600708,1.5404772758483887
1998-05-25,MBALE,8.781766465665314,9.098965644836426,3.1611058712005615
1998-05-26,SIRONKO,12.308677287921144,19.535005569458008,3.6242899894714355
1998-05-26,BULAMBULI,5.101117191274828,26.783716201782227,0.16499494016170502
1998-05-26,BUKWO,8.002841960813388,18.207178115844727,2.9570376873016357
1998-05-26,BUTALEJA,0.8460177187264629,4.8833160400390625,0.0
1998-05-26,KWEEN,5.0397146196267535,26.783716201782227,0.2703803479671478
1998-05-26,KAPCHORWA,3.0549121247376063,26.783716201782227,0.37745776772499084
1998-05-26,MANAFWA,27.160022784860374,46.34463882446289,13.228803634643555
1998-05-26,BUDUDA,16.34532994738129,31.584957122802734,11.779792785644531
1998-05-26,MBALE,12.354071074696638,35.05337142944336,0.04593880847096443
1998-05-26,MBALE,7.877146443597173,15.19408893585205,0.1541007161140442
1998-05-27,SIRONKO,8.322972371129802,22.82155418395996,1.6544902324676514
1998-05-27,BULAMBULI,14.841801281056329,32.74149703979492,4.2047438621521
1998-05-27,BUKWO,5.951872067760578,14.645646095275879,1.7733640670776367
1998-05-27,BUTALEJA,0.5179525942985483,4.070625305175781,0.0
1998-05-27,KWEEN,7.789324568937298,26.183439254760742,1.770778775215149
1998-05-27,KAPCHORWA,10.715401247364857,21.215984344482422,5.150390625
1998-05-27,MANAFWA,10.782000620816543,20.745075225830078,1.7889227867126465
1998-05-27,BUDUDA,9.117933569368315,12.683631896972656,4.2047438621521
1998-05-27,MBALE,3.397174591577373,14.885392189025879,0.09995032846927643
1998-05-27,MBALE,3.231876594813828,3.703382730484009,0.25680384039878845
1998-05-28,SIRONKO,9.151475517897136,14.703083992004395,3.973763942718506
1998-05-28,BULAMBULI,6.407616005379455,14.279873847961426,0.011282817460596561
1998-05-28,BUKWO,5.32221281282904,12.376511573791504,0.7147971987724304
1998-05-28,BUTALEJA,9.543069268609726,18.358448028564453,0.7528405785560608
1998-05-28,KWEEN,5.281728204893383,12.766274452209473,0.0
1998-05-28,KAPCHORWA,7.240063964201752,12.766274452209473,3.1077659130096436
1998-05-28,MANAFWA,4.644779203055834,10.188151359558105,1.7038856744766235
1998-05-28,BUDUDA,5.467746603812885,10.358238220214844,2.29504656791687
1998-05-28,MBALE,6.103856986041655,11.931326866149902,0.15388508141040802
1998-05-28,MBALE,5.674937166159269,5.909940719604492,0.3703811764717102
1998-05-29,SIRONKO,7.310253070215865,13.226799964904785,1.208188533782959
1998-05-29,BULAMBULI,4.660515931174086,13.226799964904785,0.0570509135723114
1998-05-29,BUKWO,0.8539548273037472,4.587138652801514,0.0
1998-05-29,BUTALEJA,8.54404986808916,17.12855339050293,0.12711310386657715
1998-05-29,KWEEN,2.072304986214853,6.489128112792969,0.004020653665065765
1998-05-29,KAPCHORWA,3.0215195348480277,7.141622543334961,1.3198167085647583
1998-05-29,MANAFWA,6.0617294037323415,16.880027770996094,1.726120114326477
1998-05-29,BUDUDA,4.9880303628959455,10.599907875061035,1.900916337966919
1998-05-29,MBALE,2.3473336053927225,7.14601469039917,0.06673941761255264
1998-05-29,MBALE,2.109173246260722,2.466794490814209,0.1597912609577179
1998-05-30,SIRONKO,3.67782954124988,5.5046281814575195,0.7488154768943787
1998-05-30,BULAMBULI,2.344244732926247,5.87803316116333,0.059228189289569855
1998-05-30,BUKWO,0.48689213886145777,2.871678352355957,0.0
1998-05-30,BUTALEJA,4.420715517995661,12.017566680908203,0.019949665293097496
1998-05-30,KWEEN,0.34092262270614576,4.681378364562988,0.0
1998-05-30,KAPCHORWA,1.2678292739154993,4.681378364562988,0.2726992666721344
1998-05-30,MANAFWA,3.3357478633803566,13.410858154296875,0.8466230630874634
1998-05-30,BUDUDA,2.24486090996315,3.8805201053619385,0.8466230630874634
1998-05-30,MBALE,3.8744348207750186,13.790471076965332,0.040708690881729126
1998-05-30,MBALE,2.359403668000073,2.646798849105835,0.22805634140968323
1998-05-31,SIRONKO,2.3800666835942277,5.285482883453369,0.0933685153722763
1998-05-31,BULAMBULI,2.002913825051999,7.658631324768066,0.0
1998-05-31,BUKWO,0.5712390188197445,2.749307155609131,0.0
1998-05-31,BUTALEJA,4.282219471028987,16.131837844848633,0.0
1998-05-31,KWEEN,0.7635086374715193,2.749307155609131,0.0
1998-05-31,KAPCHORWA,2.666585965288864,7.658631324768066,0.2602895200252533
1998-05-31,MANAFWA,3.473897260231176,7.380807399749756,0.0
1998-05-31,BUDUDA,4.111020890922294,5.673893451690674,0.5601800084114075
1998-05-31,MBALE,1.8493469383375643,5.541285037994385,0.00826171599328518
1998-05-31,MBALE,0.9336838068515354,1.606995701789856,0.03878321126103401
1998-06-01,SIRONKO,2.340704488922942,9.233922958374023,0.21349094808101654
1998-06-01,BULAMBULI,2.609126955381592,9.233922958374023,0.0
1998-06-01,BUKWO,0.6317988271700344,2.304344415664673,0.0
1998-06-01,BUTALEJA,4.494012373943284,10.797163963317871,0.5121434330940247
1998-06-01,KWEEN,0.7123960689228064,6.215665817260742,0.0
1998-06-01,KAPCHORWA,2.284026387245489,7.7675957679748535,0.0
1998-06-01,MANAFWA,2.190157067035805,5.369016170501709,0.6691451072692871
1998-06-01,BUDUDA,2.1300311126751197,5.882818222045898,0.41374671459198
1998-06-01,MBALE,4.980842734324047,10.797163963317871,0.21349094808101654
1998-06-01,MBALE,8.102193662632224,8.374333381652832,5.3267130851745605
1998-06-02,SIRONKO,5.040251225172162,20.277881622314453,0.6572933197021484
1998-06-02,BULAMBULI,4.7417800392246185,10.1747407913208,0.7182366251945496
1998-06-02,BUKWO,0.7920688522273279,4.646085739135742,0.0
1998-06-02,BUTALEJA,10.137982145430831,38.14369201660156,1.55496346950531
1998-06-02,KWEEN,3.196022717948821,9.139817237854004,0.4660152792930603
1998-06-02,KAPCHORWA,4.814710385674758,10.121137619018555,0.7182366251945496
1998-06-02,MANAFWA,3.5832782403845416,14.70433521270752,0.6269744038581848
1998-06-02,BUDUDA,5.865576889025991,15.628791809082031,0.8982974886894226
1998-06-02,MBALE,16.503918431335762,38.14369201660156,0.6269744038581848
1998-06-02,MBALE,33.03627449369416,33.81092834472656,20.23360824584961
1998-06-03,SIRONKO,11.61123493382168,31.047344207763672,0.0
1998-06-03,BULAMBULI,2.9150363507256896,26.430368423461914,0.0
1998-06-03,BUKWO,0.06270157390919094,0.6202682852745056,0.0
1998-06-03,BUTALEJA,1.6315459175072897,18.26447868347168,0.0
1998-06-03,KWEEN,0.12970956807365897,1.2712138891220093,0.0
1998-06-03,KAPCHORWA,0.40396956783410987,7.404587268829346,0.0
1998-06-03,MANAFWA,9.372620828012689,23.30179214477539,1.0975035429000854
1998-06-03,BUDUDA,4.739853578109663,20.66982078552246,1.0904475450515747
1998-06-03,MBALE,11.964376449777307,23.30179214477539,0.0
1998-06-03,MBALE,5.634752379186084,11.057045936584473,0.0
1998-06-04,SIRONKO,3.4374074033704654,10.115198135375977,0.34725692868232727
1998-06-04,BULAMBULI,5.824344890434873,18.408220291137695,0.423037588596344
1998-06-04,BUKWO,0.8286534308886222,7.219153881072998,0.0
1998-06-04,BUTALEJA,3.581039314843355,8.628156661987305,0.0
1998-06-04,KWEEN,2.411793344823199,18.687742233276367,0.024138949811458588
1998-06-04,KAPCHORWA,4.6550821437917,7.723517417907715,0.18334010243415833
1998-06-04,MANAFWA,4.200856081282769,10.544557571411133,1.256468653678894
1998-06-04,BUDUDA,4.404926268744763,10.544557571411133,1.6923751831054688
1998-06-04,MBALE,3.7949745530547463,10.544557571411133,0.4216882586479187
1998-06-04,MBALE,4.575884343361177,6.335238456726074,2.8216681480407715
1998-06-05,SIRONKO,7.535024081827725,22.54631805419922,0.5633550882339478
1998-06-05,BULAMBULI,6.381805769694918,22.54631805419922,0.4787832796573639
1998-06-05,BUKWO,14.294527008955644,26.5152645111084,1.7110267877578735
1998-06-05,BUTALEJA,0.23535791846475035,3.441890239715576,0.0
1998-06-05,KWEEN,10.640705006361992,22.30832290649414,0.7723363637924194
1998-06-05,KAPCHORWA,8.24876485463127,14.231725692749023,0.7943501472473145
1998-06-05,MANAFWA,3.5770381189502403,16.80034637451172,0.5060623288154602
1998-06-05,BUDUDA,4.5928399883468005,16.80034637451172,0.5292173027992249
1998-06-05,MBALE,6.7811039491367735,19.82826042175293,0.2830250859260559
1998-06-05,MBALE,11.141437701061198,16.004150390625,4.115036487579346
1998-06-06,SIRONKO,15.709237737334073,25.927249908447266,5.367847919464111
1998-06-06,BULAMBULI,11.296545244673085,25.95256805419922,1.9374922513961792
1998-06-06,BUKWO,7.55560044529323,18.027610778808594,2.7755117416381836
1998-06-06,BUTALEJA,18.8992798917936,34.041046142578125,2.2937021255493164
1998-06-06,KWEEN,5.565490826226008,18.562711715698242,0.3407933712005615
1998-06-06,KAPCHORWA,11.306142683656088,18.562711715698242,3.2289164066314697
1998-06-06,MANAFWA,20.24607159026559,33.01219940185547,8.770232200622559
1998-06-06,BUDUDA,14.855560621944297,22.164081573486328,5.367847919464111
1998-06-06,MBALE,21.74200111434438,32.45903778076172,11.123150825500488
1998-06-06,MBALE,25.63325174781881,26.180891036987305,17.860824584960938
1998-06-07,SIRONKO,7.742441689004213,16.357257843017578,0.9456469416618347
1998-06-07,BULAMBULI,4.774805249230287,16.13360023498535,0.0
1998-06-07,BUKWO,3.5331081765783394,19.598108291625977,0.13941502571105957
1998-06-07,BUTALEJA,0.13915629738650717,3.7291975021362305,0.0
1998-06-07,KWEEN,3.0791634429959718,15.539009094238281,0.0
1998-06-07,KAPCHORWA,7.963965443112199,17.025432586669922,0.0
1998-06-07,MANAFWA,7.875009085391573,22.733959197998047,0.07723002135753632
1998-06-07,BUDUDA,15.40813965573529,22.733959197998047,5.407329082489014
1998-06-07,MBALE,3.33762905426768,10.896468162536621,0.0
1998-06-07,MBALE,3.820848469675034,4.894034385681152,2.103424549102783
1998-06-08,SIRONKO,40.12916200650391,65.12220001220703,31.192110061645508
1998-06-08,BULAMBULI,51.63295061304312,68.71759033203125,34.99977111816406
1998-06-08,BUKWO,55.37666945538253,70.8093490600586,43.64339828491211
1998-06-08,BUTALEJA,7.921904470726821,23.92444610595703,2.0619845390319824
1998-06-08,KWEEN,58.8676063518342,70.8093490600586,41.6174201965332
1998-06-08,KAPCHORWA,46.4894512829929,68.71759033203125,33.36492156982422
1998-06-08,MANAFWA,20.490450483102496,44.252567291259766,9.536389350891113
1998-06-08,BUDUDA,40.55038558874476,65.72943878173828,23.644075393676758
1998-06-08,MBALE,25.09673088017405,38.73615264892578,9.536389350891113
1998-06-08,MBALE,29.563595192672924,34.198631286621094,18.635896682739258
1998-06-09,SIRONKO,7.642891270555941,13.06945514678955,1.208411455154419
1998-06-09,BULAMBULI,4.535979355936924,16.238353729248047,0.0
1998-06-09,BUKWO,15.341265882871959,29.47332191467285,4.666216850280762
1998-06-09,BUTALEJA,1.1002814098499518,4.411946773529053,0.0
1998-06-09,KWEEN,14.927544911073996,29.47332191467285,0.0
1998-06-09,KAPCHORWA,7.667915252633905,19.73776626586914,0.6083158254623413
1998-06-09,MANAFWA,7.402150211591833,14.096116065979004,1.2601207494735718
1998-06-09,BUDUDA,11.752511775802079,14.096116065979004,8.036497116088867
1998-06-09,MBALE,6.231625892746828,11.896520614624023,1.2601207494735718
1998-06-09,MBALE,5.698345887205625,8.110723495483398,2.6365244388580322
1998-06-10,SIRONKO,4.06811858370737,8.961013793945312,0.0
1998-06-10,BULAMBULI,2.5404544918795424,7.511504173278809,0.0
1998-06-10,BUKWO,3.345662121582531,9.881302833557129,0.0
1998-06-10,BUTALEJA,0.4036140812841829,3.867098569869995,0.0
1998-06-10,KWEEN,1.5449816755725014,9.07436752319336,0.0
1998-06-10,KAPCHORWA,2.0629433818694634,7.511504173278809,0.0
1998-06-10,MANAFWA,8.584793275891668,15.786972045898438,1.43691885471344
1998-06-10,BUDUDA,8.684343982225478,13.152425765991211,4.9039306640625
1998-06-10,MBALE,3.7004667534184197,8.752325057983398,1.43691885471344
1998-06-10,MBALE,4.300270301821651,4.355504989624023,3.322429895401001
1998-06-11,SIRONKO,1.1864981734703692,2.966005563735962,0.11985904723405838
1998-06-11,BULAMBULI,0.6256148154163212,2.0449600219726562,0.0
1998-06-11,BUKWO,0.8618481446283668,3.538846015930176,0.0
1998-06-11,BUTALEJA,0.13481623970447587,1.8466659784317017,0.0
1998-06-11,KWEEN,0.47073513911132375,2.3032662868499756,0.0
1998-06-11,KAPCHORWA,0.3999375144791315,1.6131953001022339,0.0
1998-06-11,MANAFWA,2.422170712578282,4.604440212249756,0.292105108499527
1998-06-11,BUDUDA,1.5126872186133788,3.5172088146209717,0.49787914752960205
1998-06-11,MBALE,0.9995443859117269,3.5172088146209717,0.0
1998-06-11,MBALE,0.0,0.0,0.0
1998-06-12,SIRONKO,1.3874669803900195,5.219482421875,0.08251937478780746
1998-06-12,BULAMBULI,1.9183931665116905,5.219482421875,0.06589740514755249
1998-06-12,BUKWO,0.5446931660338229,2.6591243743896484,0.0
1998-06-12,BUTALEJA,0.06098181030826969,0.31175461411476135,0.0
1998-06-12,KWEEN,1.0680569598833238,5.219482421875,0.0
1998-06-12,KAPCHORWA,1.4648662908580585,4.766427516937256,0.0
1998-06-12,MANAFWA,0.8023353342960936,4.2173871994018555,0.03684101998806
1998-06-12,BUDUDA,2.426409124471575,5.29693078994751,0.3720218241214752
1998-06-12,MBALE,0.20171655398662805,2.4711782932281494,0.0
1998-06-12,MBALE,0.0030233658901274384,0.3779824376106262,0.0
1998-06-13,SIRONKO,1.4947708548495982,3.2859528064727783,0.2218572050333023
1998-06-13,BULAMBULI,0.9104818338448043,3.2859528064727783,0.0
1998-06-13,BUKWO,0.2620580291557674,1.7688933610916138,0.0
1998-06-13,BUTALEJA,0.22566926237911145,3.3334004878997803,0.0
1998-06-13,KWEEN,0.4460506903479579,1.7688933610916138,0.0
1998-06-13,KAPCHORWA,0.514678654337397,2.320478677749634,0.0
1998-06-13,MANAFWA,1.126750252975767,3.347614049911499,0.0
1998-06-13,BUDUDA,2.102437479276903,3.347614049911499,0.2218572050333023
1998-06-13,MBALE,0.692542289460757,3.347614049911499,0.0
1998-06-13,MBALE,0.00785099834427505,0.981535017490387,0.0
1998-06-14,SIRONKO,0.682536460075637,4.06348991394043,0.0
1998-06-14,BULAMBULI,0.8153280652218248,4.06348991394043,0.0
1998-06-14,BUKWO,0.7357201261567118,2.9398787021636963,0.0
1998-06-14,BUTALEJA,0.3049125890024724,1.6077115535736084,0.0
1998-06-14,KWEEN,0.6690881925777006,4.06348991394043,0.0
1998-06-14,KAPCHORWA,0.5769719848510871,2.8439321517944336,0.0
1998-06-14,MANAFWA,2.773281752849335,5.310376167297363,0.5846177935600281
1998-06-14,BUDUDA,2.735707162428909,4.06348991394043,1.0254446268081665
1998-06-14,MBALE,0.7831529533624844,2.7360315322875977,0.0
1998-06-14,MBALE,0.010289197473248897,1.2863596677780151,0.0
1998-06-15,SIRONKO,1.2087664818468251,3.5862877368927,0.0
1998-06-15,BULAMBULI,1.1236130430129212,3.5862877368927,0.0
1998-06-15,BUKWO,0.7145181997861569,2.8613698482513428,0.0
1998-06-15,BUTALEJA,0.05929895687103262,0.31175461411476135,0.0
1998-06-15,KWEEN,0.6066156337758957,2.0049848556518555,0.0
1998-06-15,KAPCHORWA,0.9493381177259079,3.1700832843780518,0.0
1998-06-15,MANAFWA,1.541967200006429,5.332578659057617,0.011591472662985325
1998-06-15,BUDUDA,2.705885852467634,5.332578659057617,0.8991054892539978
1998-06-15,MBALE,0.3495190140624688,5.332578659057617,0.0
1998-06-15,MBALE,0.0,0.0,0.0
1998-06-16,SIRONKO,2.16427687536692,18.99295997619629,0.0
1998-06-16,BULAMBULI,3.0801135285547887,18.99295997619629,0.0
1998-06-16,BUKWO,0.15570721078554373,1.0276730060577393,0.0
1998-06-16,BUTALEJA,3.3148094862532173E-4,0.10163719207048416,0.0
1998-06-16,KWEEN,0.38730618259532174,3.4975626468658447,0.0
1998-06-16,KAPCHORWA,4.980462176267673,12.1477689743042,0.0
1998-06-16,MANAFWA,0.22471165569982765,1.4249480962753296,0.0
1998-06-16,BUDUDA,0.6989907948772994,1.3999629020690918,0.08805879205465317
1998-06-16,MBALE,0.06572544878377456,0.8885127902030945,0.0
1998-06-16,MBALE,0.0,0.0,0.0
1998-06-17,SIRONKO,1.0869794424331287,6.816361427307129,0.0
1998-06-17,BULAMBULI,2.1693535854038344,8.108111381530762,0.0
1998-06-17,BUKWO,0.12818617932087256,0.7663159370422363,0.0
1998-06-17,BUTALEJA,2.599332875465853,21.436866760253906,0.0
1998-06-17,KWEEN,0.8396493242643507,6.506505012512207,0.0
1998-06-17,KAPCHORWA,2.417210295689274,5.544487953186035,0.0
1998-06-17,MANAFWA,0.7113022241048423,12.059464454650879,0.0
1998-06-17,BUDUDA,1.1273496544812547,2.614168405532837,0.27287474274635315
1998-06-17,MBALE,0.12009806945133113,2.614168405532837,0.0
1998-06-17,MBALE,0.0,0.0,0.0
1998-06-18,SIRONKO,0.9829054503367096,9.412066459655762,0.0
1998-06-18,BULAMBULI,0.9695147925964169,9.412066459655762,0.0
1998-06-18,BUKWO,0.027755439672961416,0.3201068043708801,0.0
1998-06-18,BUTALEJA,1.7057723174599715,15.843754768371582,0.0
1998-06-18,KWEEN,0.24893491652101216,3.751563549041748,0.0
1998-06-18,KAPCHORWA,3.184959697328703,9.005379676818848,0.0
1998-06-18,MANAFWA,0.3461396725640891,4.638189792633057,0.0
1998-06-18,BUDUDA,0.35474921993531205,0.6351363062858582,0.0887024998664856
1998-06-18,MBALE,0.037135522302839716,0.4071557819843292,0.0
1998-06-18,MBALE,0.0,0.0,0.0
1998-06-19,SIRONKO,0.5757652451508676,8.60027027130127,0.0
1998-06-19,BULAMBULI,8.769247352294482,42.27973556518555,0.0
1998-06-19,BUKWO,0.07185903215393573,1.1479299068450928,0.0
1998-06-19,BUTALEJA,7.655074085488519E-4,0.09284330159425735,0.0
1998-06-19,KWEEN,1.8523267590225045,21.109872817993164,0.0
1998-06-19,KAPCHORWA,15.32950663359328,41.140419006347656,0.0
1998-06-19,MANAFWA,0.32432760545948214,1.0318348407745361,0.0
1998-06-19,BUDUDA,0.4921162295842102,1.0178896188735962,0.15664726495742798
1998-06-19,MBALE,0.052113053127729965,1.0178896188735962,0.0
1998-06-19,MBALE,0.0,0.0,0.0
1998-06-20,SIRONKO,0.8762405153771743,8.34057903289795,0.0
1998-06-20,BULAMBULI,3.3911291093383866,15.348976135253906,0.0
1998-06-20,BUKWO,0.12040814126603624,0.826856255531311,0.0
1998-06-20,BUTALEJA,0.22114197555944642,5.905079364776611,0.0
1998-06-20,KWEEN,2.6351137908759825,21.203956604003906,0.0
1998-06-20,KAPCHORWA,8.967257822657302,15.348976135253906,0.0
1998-06-20,MANAFWA,0.4578617453513584,9.294591903686523,0.0
1998-06-20,BUDUDA,1.0195246523024086,1.68760347366333,0.13886329531669617
1998-06-20,MBALE,0.08913830846969013,1.68760347366333,0.0
1998-06-20,MBALE,0.0,0.0,0.0
1998-06-21,SIRONKO,1.4558141691679432,4.620522975921631,0.045883141458034515
1998-06-21,BULAMBULI,0.8760779115198468,4.139853000640869,0.0
1998-06-21,BUKWO,0.34373990021327583,1.2495628595352173,0.0
1998-06-21,BUTALEJA,3.5991496271138446,15.219316482543945,0.0648745447397232
1998-06-21,KWEEN,0.654492933526186,2.0417990684509277,0.0
1998-06-21,KAPCHORWA,1.1695517793755217,2.9454588890075684,0.3949340581893921
1998-06-21,MANAFWA,3.4005806621266115,6.221792221069336,0.6603712439537048
1998-06-21,BUDUDA,2.7146116602689414,4.620522975921631,0.6934083700180054
1998-06-21,MBALE,0.8756640047470122,4.620522975921631,0.026979314163327217
1998-06-21,MBALE,0.47588665599269186,0.811439573764801,0.18961206078529358
1998-06-22,SIRONKO,5.134756723705319,10.406404495239258,1.0392764806747437
1998-06-22,BULAMBULI,7.833819262514288,16.65680694580078,2.6076014041900635
1998-06-22,BUKWO,4.474657492802339,11.460707664489746,0.46237677335739136
1998-06-22,BUTALEJA,0.2683852659807213,8.132787704467773,0.0
1998-06-22,KWEEN,7.04249645591556,22.433977127075195,0.6942759156227112
1998-06-22,KAPCHORWA,9.294721446895437,22.433977127075195,4.914073944091797
1998-06-22,MANAFWA,0.5610823493774674,2.3214471340179443,0.0
1998-06-22,BUDUDA,1.8429804164156407,7.226806640625,0.0
1998-06-22,MBALE,1.2187256646374878,5.565521717071533,0.0
1998-06-22,MBALE,3.779515796652659,5.194492340087891,1.8764822483062744
1998-06-23,SIRONKO,4.204866544238044,10.74167251586914,0.7653878331184387
1998-06-23,BULAMBULI,2.553367437002023,10.74167251586914,0.137730672955513
1998-06-23,BUKWO,7.139309605501895,14.504498481750488,0.3652428686618805
1998-06-23,BUTALEJA,13.239439494073254,33.642860412597656,5.189612865447998
1998-06-23,KWEEN,2.918528362970647,8.523401260375977,0.2704083323478699
1998-06-23,KAPCHORWA,2.178547097138868,7.0410475730896,0.8038672804832458
1998-06-23,MANAFWA,8.692781006629124,22.811782836914062,2.8120388984680176
1998-06-23,BUDUDA,5.028953913464112,7.982492446899414,2.889906644821167
1998-06-23,MBALE,7.111190242115635,21.97119140625,0.7653878331184387
1998-06-23,MBALE,7.288872375447024,8.147258758544922,1.4663738012313843
1998-06-24,SIRONKO,8.8570278315162,18.575143814086914,4.532297134399414
1998-06-24,BULAMBULI,7.631854005627394,18.465768814086914,1.9982569217681885
1998-06-24,BUKWO,4.284439677391425,21.46769905090332,0.40528276562690735
1998-06-24,BUTALEJA,9.986963436677971,36.50564193725586,5.232100486755371
1998-06-24,KWEEN,8.482761382304464,30.380374908447266,0.5067080855369568
1998-06-24,KAPCHORWA,4.110123981622424,9.286405563354492,0.9183012247085571
1998-06-24,MANAFWA,13.073232096803363,24.10007667541504,6.170002460479736
1998-06-24,BUDUDA,12.339896487462063,18.575143814086914,4.75430965423584
1998-06-24,MBALE,8.123085577635274,18.575143814086914,4.172046661376953
1998-06-24,MBALE,12.706205687490195,13.812928199768066,4.397047996520996
1998-06-25,SIRONKO,12.475064245588019,24.89910125732422,5.220442295074463
1998-06-25,BULAMBULI,9.468044985060672,18.946563720703125,4.705048084259033
1998-06-25,BUKWO,5.087118045568342,16.75593376159668,0.4985358715057373
1998-06-25,BUTALEJA,5.639609051300547,15.595176696777344,2.2248547077178955
1998-06-25,KWEEN,11.158665822798914,19.10919761657715,0.7548847198486328
1998-06-25,KAPCHORWA,8.098233545455647,19.10919761657715,3.5281269550323486
1998-06-25,MANAFWA,7.150643624981852,20.474031448364258,1.180133581161499
1998-06-25,BUDUDA,15.857072742796769,24.89910125732422,5.689477920532227
1998-06-25,MBALE,10.776326356840098,25.79336929321289,2.86337947845459
1998-06-25,MBALE,18.380678209805467,23.869064331054688,5.316433429718018
1998-06-26,SIRONKO,12.431419389538714,17.015661239624023,3.2643826007843018
1998-06-26,BULAMBULI,3.48849152556829,16.25943946838379,0.0
1998-06-26,BUKWO,5.16175973814915,14.845443725585938,1.4701917171478271
1998-06-26,BUTALEJA,12.161410664448011,15.313567161560059,7.982398986816406
1998-06-26,KWEEN,1.8402975450421761,15.988232612609863,0.0
1998-06-26,KAPCHORWA,2.2599510529266302,11.835464477539062,0.2274816334247589
1998-06-26,MANAFWA,10.118424140472149,19.80995750427246,6.604480743408203
1998-06-26,BUDUDA,16.231065813497665,19.80995750427246,11.260801315307617
1998-06-26,MBALE,13.047997120578858,19.465469360351562,3.906407117843628
1998-06-26,MBALE,10.85602295994175,12.66487979888916,10.654170036315918
1998-06-27,SIRONKO,5.885512267428467,10.24599552154541,0.45398879051208496
1998-06-27,BULAMBULI,7.449729503425556,17.463132858276367,0.0
1998-06-27,BUKWO,17.218976049843736,32.93104553222656,7.716766357421875
1998-06-27,BUTALEJA,0.02992636160701259,0.6360267400741577,0.0
1998-06-27,KWEEN,7.851162698379041,14.502641677856445,2.6628687381744385
1998-06-27,KAPCHORWA,7.129625701377941,12.58901309967041,3.8957011699676514
1998-06-27,MANAFWA,8.809440386414357,13.746129035949707,0.4205341637134552
1998-06-27,BUDUDA,7.954125163216276,11.401266098022461,5.363162040710449
1998-06-27,MBALE,4.15956733340515,10.371467590332031,0.022794919088482857
1998-06-27,MBALE,3.2452596987613154,4.486586093902588,2.95959210395813
1998-06-28,SIRONKO,1.465604686173694,5.849668025970459,0.17252855002880096
1998-06-28,BULAMBULI,1.28844833175501,6.954361915588379,0.0
1998-06-28,BUKWO,2.2281778724841956,7.576443195343018,0.05280259996652603
1998-06-28,BUTALEJA,0.43856940535843925,5.18606424331665,0.0
1998-06-28,KWEEN,2.8310618793849303,6.167708873748779,0.01856256276369095
1998-06-28,KAPCHORWA,1.5654104656003798,5.877194881439209,0.0
1998-06-28,MANAFWA,1.3920916113469388,3.1532773971557617,0.22811025381088257
1998-06-28,BUDUDA,1.1585056503103053,4.203688621520996,0.22811025381088257
1998-06-28,MBALE,2.0012826272043083,5.18606424331665,0.04535454511642456
1998-06-28,MBALE,1.2634709132941686,2.2907605171203613,0.3976040780544281
1998-06-29,SIRONKO,0.3950685288098428,1.0607984066009521,0.0
1998-06-29,BULAMBULI,1.2028096645431936,4.914018154144287,0.06285998225212097
1998-06-29,BUKWO,3.4064936710327127,8.31179428100586,0.06289112567901611
1998-06-29,BUTALEJA,0.018178446523867946,0.2673059403896332,0.0
1998-06-29,KWEEN,5.237744854990475,16.327730178833008,0.3015453517436981
1998-06-29,KAPCHORWA,1.2862960243606116,5.17322301864624,0.1286316215991974
1998-06-29,MANAFWA,0.0719995119643475,0.46522143483161926,0.0
1998-06-29,BUDUDA,0.24187450191827953,0.7300389409065247,0.0
1998-06-29,MBALE,0.29794029000715316,1.7097444534301758,0.0
1998-06-29,MBALE,0.5340919043945402,0.8402987718582153,0.33809661865234375
1998-06-30,SIRONKO,2.2284834269837375,5.302189350128174,0.049924321472644806
1998-06-30,BULAMBULI,2.423470656241091,9.904242515563965,0.06714216619729996
1998-06-30,BUKWO,3.6394203822493614,9.705187797546387,0.6883083581924438
1998-06-30,BUTALEJA,1.3864176995877548,3.907851219177246,0.3419238328933716
1998-06-30,KWEEN,1.7862504251376812,4.799765110015869,0.42975297570228577
1998-06-30,KAPCHORWA,1.7336647265779301,5.3473992347717285,0.31308600306510925
1998-06-30,MANAFWA,0.7500096086120719,1.4005718231201172,0.21262477338314056
1998-06-30,BUDUDA,0.8043280287350687,1.517743706703186,0.20617444813251495
1998-06-30,MBALE,0.3979723791299796,3.8916966915130615,0.0
1998-06-30,MBALE,0.10588249674299806,0.24981851875782013,0.021846380084753036
1998-07-01,SIRONKO,2.0527887885129172,7.55852746963501,0.0
1998-07-01,BULAMBULI,1.008321597192576,7.55852746963501,0.0
1998-07-01,BUKWO,0.7386459750536123,8.77043342590332,0.0
1998-07-01,BUTALEJA,0.0,0.0,0.0
1998-07-01,KWEEN,0.48060886016543586,8.145318031311035,0.0
1998-07-01,KAPCHORWA,0.6876453731488708,4.6379594802856445,0.0
1998-07-01,MANAFWA,1.850598982544256,6.601635932922363,0.0026017646305263042
1998-07-01,BUDUDA,3.414152044159728,7.55852746963501,0.21306999027729034
1998-07-01,MBALE,0.13980804027735905,2.313756227493286,0.0
1998-07-01,MBALE,7.971895597936691E-4,0.00297364080324769,0.0
1998-07-02,SIRONKO,2.7838022297082046,7.942668437957764,0.02244500257074833
1998-07-02,BULAMBULI,1.2619011330088021,7.942668437957764,0.0
1998-07-02,BUKWO,1.1749242088616227,4.648406982421875,0.0
1998-07-02,BUTALEJA,0.005926023798274023,0.09728063642978668,0.0
1998-07-02,KWEEN,1.651520544550016,5.077978610992432,0.0
1998-07-02,KAPCHORWA,1.2386375478957026,3.326544761657715,0.1525617092847824
1998-07-02,MANAFWA,0.5528501815304657,5.965144157409668,0.0
1998-07-02,BUDUDA,5.685392678450431,8.793370246887207,0.4752088487148285
1998-07-02,MBALE,0.600191476981149,6.686642646789551,0.0
1998-07-02,MBALE,0.06312233572910926,0.19080977141857147,0.012041461654007435
1998-07-03,SIRONKO,0.9297604549032468,3.44705867767334,0.0
1998-07-03,BULAMBULI,1.1418878916204365,5.122310161590576,0.0
1998-07-03,BUKWO,1.6572962150124217,6.1057209968566895,0.0
1998-07-03,BUTALEJA,0.03577609636779903,0.545534610748291,0.0
1998-07-03,KWEEN,0.3434535917718852,4.862870693206787,0.0
1998-07-03,KAPCHORWA,0.5855306074096898,3.2317652702331543,0.0
1998-07-03,MANAFWA,0.08742363828396092,1.1802356243133545,0.0
1998-07-03,BUDUDA,0.5150805108188764,2.3247015476226807,0.0
1998-07-03,MBALE,0.4094241640555883,2.100940704345703,0.0
1998-07-03,MBALE,0.2234881243410353,0.5166276693344116,0.1771649420261383
1998-07-04,SIRONKO,1.4731273598421888,7.054020404815674,0.025416536256670952
1998-07-04,BULAMBULI,5.547067129504666,18.07354164123535,0.025416536256670952
1998-07-04,BUKWO,3.8157608170283277,10.274786949157715,0.8500002026557922
1998-07-04,BUTALEJA,0.26214487602311964,1.5259708166122437,0.0014005402335897088
1998-07-04,KWEEN,8.466685531790429,19.945022583007812,0.8500002026557922
1998-07-04,KAPCHORWA,1.7262238539746757,10.40573501586914,0.43676814436912537
1998-07-04,MANAFWA,0.9098032520061868,8.052791595458984,0.061433807015419006
1998-07-04,BUDUDA,4.451288682792427,8.052791595458984,0.025416536256670952
1998-07-04,MBALE,1.3025468179787296,8.052791595458984,0.08172482997179031
1998-07-04,MBALE,0.38542450250406457,0.6797413229942322,0.09127450734376907
1998-07-05,SIRONKO,11.943740623463471,22.839332580566406,2.0017879009246826
1998-07-05,BULAMBULI,11.542495940770976,19.578657150268555,0.5004592537879944
1998-07-05,BUKWO,7.8221920352717405,23.461742401123047,0.47745567560195923
1998-07-05,BUTALEJA,0.4876087767482235,1.3943558931350708,0.11045615375041962
1998-07-05,KWEEN,13.771185163964667,31.67979621887207,0.019578706473112106
1998-07-05,KAPCHORWA,17.969100343460266,19.578657150268555,11.027231216430664
1998-07-05,MANAFWA,4.9247964495737815,28.63225555419922,0.17679288983345032
1998-07-05,BUDUDA,18.679167031419,28.63225555419922,2.2298429012298584
1998-07-05,MBALE,2.7077129098483024,19.63332748413086,0.17679288983345032
1998-07-05,MBALE,1.1341958919888493,1.6310666799545288,1.0579164028167725
1998-07-06,SIRONKO,6.335031572417566,15.88255786895752,0.13049043715000153
1998-07-06,BULAMBULI,6.6322329392045605,15.88255786895752,0.0
1998-07-06,BUKWO,3.1157249357430534,13.196061134338379,0.0
1998-07-06,BUTALEJA,1.7304846152764468,4.9285101890563965,0.3770712912082672
1998-07-06,KWEEN,3.571330579524908,16.79277801513672,0.15706458687782288
1998-07-06,KAPCHORWA,8.016627325851392,16.79277801513672,0.9450386762619019
1998-07-06,MANAFWA,11.752999629813063,20.227907180786133,3.3884785175323486
1998-07-06,BUDUDA,12.001455931014402,20.227907180786133,3.409421920776367
1998-07-06,MBALE,2.7048260013915946,9.24355411529541,0.1774892508983612
1998-07-06,MBALE,1.7935361411207218,2.0798428058624268,0.9285656809806824
1998-07-07,SIRONKO,0.5955973057569711,5.278249740600586,0.0
1998-07-07,BULAMBULI,0.933388946232319,4.787084579467773,0.0
1998-07-07,BUKWO,1.050008892170727,2.5450427532196045,0.0
1998-07-07,BUTALEJA,0.09477560691235362,1.1934280395507812,0.0
1998-07-07,KWEEN,0.5808731057340306,3.5513246059417725,0.0
1998-07-07,KAPCHORWA,3.524202816550777,5.303367614746094,0.29027608036994934
1998-07-07,MANAFWA,10.898607165237818,27.355480194091797,2.240115165710449
1998-07-07,BUDUDA,4.469920927579116,9.993303298950195,0.5204364657402039
1998-07-07,MBALE,2.2744570691316057,9.993303298950195,0.0
1998-07-07,MBALE,1.7440763268056665,2.7962682247161865,0.0
1998-07-08,SIRONKO,3.285697769834753,9.859525680541992,0.09134330600500107
1998-07-08,BULAMBULI,13.507659533211905,36.74111557006836,0.0
1998-07-08,BUKWO,15.293280040720683,44.138240814208984,0.4248904883861542
1998-07-08,BUTALEJA,1.206179303702873,5.791223526000977,0.0
1998-07-08,KWEEN,14.43777236104985,36.74111557006836,1.2320131063461304
1998-07-08,KAPCHORWA,20.49108700320436,35.118064880371094,5.870985507965088
1998-07-08,MANAFWA,2.571502911032276,9.87899112701416,0.0885595753788948
1998-07-08,BUDUDA,4.582748993934198,11.91007137298584,1.2437187433242798
1998-07-08,MBALE,1.4729459417581126,3.197521448135376,0.0
1998-07-08,MBALE,1.7239531471551808,2.2492291927337646,0.7057514786720276
1998-07-09,SIRONKO,42.827186580455404,68.9287338256836,11.239235877990723
1998-07-09,BULAMBULI,35.5975023393247,68.9287338256836,4.772426605224609
1998-07-09,BUKWO,38.0154765316535,62.07814025878906,6.160911560058594
1998-07-09,BUTALEJA,12.555070119092889,24.246793746948242,8.124436378479004
1998-07-09,KWEEN,19.971081643396886,57.2769775390625,4.772426605224609
1998-07-09,KAPCHORWA,45.877841697901125,66.65951538085938,6.918336868286133
1998-07-09,MANAFWA,8.854210898712065,16.461063385009766,2.424135208129883
1998-07-09,BUDUDA,11.405892942393635,26.103544235229492,4.389608860015869
1998-07-09,MBALE,16.81701238344163,52.27214431762695,7.19125509262085
1998-07-09,MBALE,29.781308822993005,38.257598876953125,17.881940841674805
1998-07-10,SIRONKO,16.51738376797003,39.212249755859375,1.3758538961410522
1998-07-10,BULAMBULI,14.21509824879572,39.212249755859375,0.7708951830863953
1998-07-10,BUKWO,19.67427419082243,44.8259391784668,5.877513408660889
1998-07-10,BUTALEJA,2.1114906055921074,10.510600090026855,0.07104776054620743
1998-07-10,KWEEN,10.478677157432562,32.004276275634766,0.0
1998-07-10,KAPCHORWA,22.772598334682254,33.545169830322266,2.442274570465088
1998-07-10,MANAFWA,8.732364533658979,22.61948585510254,2.231907606124878
1998-07-10,BUDUDA,20.045033059956133,30.185319900512695,13.166987419128418
1998-07-10,MBALE,9.388164891651188,22.61948585510254,3.349867820739746
1998-07-10,MBALE,10.817995558834294,11.538796424865723,5.746678352355957
1998-07-11,SIRONKO,7.02503635099914,19.34363555908203,0.7690712213516235
1998-07-11,BULAMBULI,1.6531825495292836,10.446043014526367,0.12405049800872803
1998-07-11,BUKWO,0.7552429153080217,3.0749425888061523,0.10781881213188171
1998-07-11,BUTALEJA,11.041767735557436,40.9429817199707,0.0
1998-07-11,KWEEN,1.2270442853015784,5.486960411071777,0.0
1998-07-11,KAPCHORWA,1.1989629976923173,2.034205198287964,0.3702161908149719
1998-07-11,MANAFWA,15.462093456718607,24.580177307128906,6.4148736000061035
1998-07-11,BUDUDA,18.78809648929319,26.405508041381836,3.5142390727996826
1998-07-11,MBALE,20.58822784895363,40.9429817199707,6.4148736000061035
1998-07-11,MBALE,21.967931989046473,32.59980773925781,19.700206756591797
1998-07-12,SIRONKO,1.8246581187074458,5.307021617889404,0.0
1998-07-12,BULAMBULI,0.4413312566143479,4.178417205810547,0.0
1998-07-12,BUKWO,2.185676023337578,7.043182849884033,0.22419041395187378
1998-07-12,BUTALEJA,2.188912552266313,8.184459686279297,0.0
1998-07-12,KWEEN,0.7339582169535748,4.070149898529053,0.0
1998-07-12,KAPCHORWA,0.4342505672892869,2.036365032196045,0.0
1998-07-12,MANAFWA,4.878876396550851,9.442687034606934,2.1991002559661865
1998-07-12,BUDUDA,4.4684666134227955,5.642117977142334,1.763377070426941
1998-07-12,MBALE,3.2949811311975,9.442687034606934,0.041868794709444046
1998-07-12,MBALE,0.21336792862341367,0.392317533493042,0.14289742708206177
1998-07-13,SIRONKO,0.9244669342419461,4.678493022918701,0.0
1998-07-13,BULAMBULI,1.3625738743998557,4.80524206161499,0.009927882812917233
1998-07-13,BUKWO,0.1986267599596665,0.9634150862693787,0.0
1998-07-13,BUTALEJA,0.4005037369210157,1.5430479049682617,0.0
1998-07-13,KWEEN,0.488309525469727,4.80524206161499,0.0
1998-07-13,KAPCHORWA,0.7199285883968546,2.0068912506103516,0.09499811381101608
1998-07-13,MANAFWA,2.1122334053477574,9.384499549865723,0.0
1998-07-13,BUDUDA,2.0176638607982715,5.186142444610596,0.0
1998-07-13,MBALE,0.38422396809370335,1.5430479049682617,0.0
1998-07-13,MBALE,0.2833964969391819,0.676023006439209,0.015537826344370842
1998-07-14,SIRONKO,5.780179614177668,29.78867530822754,0.3344069719314575
1998-07-14,BULAMBULI,2.440826313763049,22.677932739257812,0.0
1998-07-14,BUKWO,5.940672724324869,21.738929748535156,1.0694729089736938
1998-07-14,BUTALEJA,1.4816424200030884,5.741464138031006,0.0
1998-07-14,KWEEN,13.271573726282805,26.064908981323242,1.0694729089736938
1998-07-14,KAPCHORWA,1.2583225780793077,7.390918254852295,0.09594220668077469
1998-07-14,MANAFWA,13.481072012240812,33.10884094238281,2.7513930797576904
1998-07-14,BUDUDA,20.463308963900204,37.349571228027344,8.353219032287598
1998-07-14,MBALE,5.467232779529614,15.3283052444458,1.4812772274017334
1998-07-14,MBALE,5.353015893197628,9.100646018981934,4.364167213439941
1998-07-15,SIRONKO,5.979365497484786,31.745849609375,0.0
1998-07-15,BULAMBULI,2.582374040678751,31.745849609375,0.0
1998-07-15,BUKWO,11.38977518238439,22.715484619140625,2.883143901824951
1998-07-15,BUTALEJA,2.44568630766322,5.897575855255127,0.0
1998-07-15,KWEEN,4.343562890857931,31.745849609375,0.0
1998-07-15,KAPCHORWA,2.920318326875964,16.04172134399414,1.106913447380066
1998-07-15,MANAFWA,6.352520032816794,10.129719734191895,0.9864604473114014
1998-07-15,BUDUDA,11.0943784603347,43.046417236328125,2.5623440742492676
1998-07-15,MBALE,1.4748445808475217,12.752662658691406,0.0
1998-07-15,MBALE,0.07870735307481021,0.22829216718673706,0.0
1998-07-16,SIRONKO,0.8600912377932879,3.801757574081421,0.0
1998-07-16,BULAMBULI,1.317685382420072,15.051899909973145,0.0
1998-07-16,BUKWO,0.8446049923133565,5.1952433586120605,0.0
1998-07-16,BUTALEJA,0.0,0.0,0.0
1998-07-16,KWEEN,0.3812591905153873,3.7779929637908936,0.0
1998-07-16,KAPCHORWA,0.2693187179872356,0.9896812438964844,0.0282632727175951
1998-07-16,MANAFWA,1.083221102042444,3.6751863956451416,0.0
1998-07-16,BUDUDA,2.0994694704428913,4.114116668701172,0.020301751792430878
1998-07-16,MBALE,0.04820664009862219,0.6318692564964294,0.0
1998-07-16,MBALE,0.0,0.0,0.0
1998-07-17,SIRONKO,11.592236244732018,32.36490249633789,1.140108585357666
1998-07-17,BULAMBULI,4.260580014640484,21.524051666259766,0.9960266947746277
1998-07-17,BUKWO,9.659283258153527,34.28485870361328,0.5342581272125244
1998-07-17,BUTALEJA,9.733051601999046,24.820676803588867,1.5851788520812988
1998-07-17,KWEEN,4.79673084225938,30.832359313964844,0.0964401513338089
1998-07-17,KAPCHORWA,4.243608299491369,13.133780479431152,1.2727822065353394
1998-07-17,MANAFWA,15.731852504915315,35.03500747680664,7.293065071105957
1998-07-17,BUDUDA,29.200112742186327,35.03500747680664,14.18538761138916
1998-07-17,MBALE,18.85881919370241,31.207590103149414,6.880002021789551
1998-07-17,MBALE,18.657605958459737,27.566917419433594,9.526801109313965
1998-07-18,SIRONKO,3.148500763346285,9.477770805358887,0.27077579498291016
1998-07-18,BULAMBULI,4.588714356151454,20.579479217529297,0.27077579498291016
1998-07-18,BUKWO,3.7924113189862187,9.552990913391113,0.1431484967470169
1998-07-18,BUTALEJA,6.360216803950295,11.268555641174316,1.2994885444641113
1998-07-18,KWEEN,1.3241485595647138,9.756237030029297,0.0
1998-07-18,KAPCHORWA,1.5410917670279374,6.824892044067383,0.6851718425750732
1998-07-18,MANAFWA,3.295385451829239,10.253588676452637,1.1159244775772095
1998-07-18,BUDUDA,8.111046032539845,10.84379768371582,3.617649793624878
1998-07-18,MBALE,2.7517185580726404,7.408143520355225,1.0072011947631836
1998-07-18,MBALE,3.18132975803572,4.10250997543335,2.550610303878784
1998-07-19,SIRONKO,6.046136487323974,14.160452842712402,0.7410707473754883
1998-07-19,BULAMBULI,5.852429722995152,31.834796905517578,0.572309136390686
1998-07-19,BUKWO,8.640660010601417,30.103670120239258,0.9405949711799622
1998-07-19,BUTALEJA,3.1991032201128533,6.145298480987549,0.8488034605979919
1998-07-19,KWEEN,13.69109043966329,47.394256591796875,0.6058365106582642
1998-07-19,KAPCHORWA,2.7581576434546884,14.838536262512207,0.572309136390686
1998-07-19,MANAFWA,5.092371628238749,11.868406295776367,1.3519192934036255
1998-07-19,BUDUDA,10.336273341179181,14.160452842712402,5.195080280303955
1998-07-19,MBALE,5.13355713006482,14.160452842712402,0.8488034605979919
1998-07-19,MBALE,8.617614510555185,10.397969245910645,7.834534645080566
1998-07-20,SIRONKO,3.0944257632576866,18.93027687072754,0.07665932178497314
1998-07-20,BULAMBULI,1.3224704420125737,18.93027687072754,0.0
1998-07-20,BUKWO,3.22659007108161,14.987813949584961,0.0
1998-07-20,BUTALEJA,3.8604905170096964,10.759162902832031,0.32233983278274536
1998-07-20,KWEEN,3.370873871875784,18.93027687072754,0.0
1998-07-20,KAPCHORWA,1.4846980718177394,13.585222244262695,0.09899400174617767
1998-07-20,MANAFWA,7.725088024863666,11.900019645690918,2.2443623542785645
1998-07-20,BUDUDA,8.104410985252029,19.152502059936523,1.215059518814087
1998-07-20,MBALE,1.3677959779610631,6.006068706512451,0.038678862154483795
1998-07-20,MBALE,0.21779073120486764,0.2513306736946106,0.05171084403991699
1998-07-21,SIRONKO,7.76466756068994,15.91411304473877,0.0
1998-07-21,BULAMBULI,3.7226562162477217,12.943435668945312,0.0
1998-07-21,BUKWO,0.8612406260230003,3.8935940265655518,0.0
1998-07-21,BUTALEJA,2.3138715870811786,4.9325175285339355,0.06568954885005951
1998-07-21,KWEEN,1.7715461992680628,5.469832897186279,0.0
1998-07-21,KAPCHORWA,3.9372850425017254,7.541121006011963,1.1543041467666626
1998-07-21,MANAFWA,7.252529219343453,10.649303436279297,2.537491798400879
1998-07-21,BUDUDA,7.545943164823221,15.107110023498535,3.1820709705352783
1998-07-21,MBALE,3.6069122151088195,15.91411304473877,0.9873299598693848
1998-07-21,MBALE,2.120107957595242,2.678394317626953,2.0952301025390625
1998-07-22,SIRONKO,7.218162538941744,13.132601737976074,2.9890620708465576
1998-07-22,BULAMBULI,7.258625864284061,14.06298542022705,3.3726308345794678
1998-07-22,BUKWO,6.419634887625915,10.863992691040039,3.098081350326538
1998-07-22,BUTALEJA,1.4777972635619734,3.527318000793457,0.1567372977733612
1998-07-22,KWEEN,6.215145570299298,14.06298542022705,1.8972848653793335
1998-07-22,KAPCHORWA,6.97305757536829,14.06298542022705,3.3726308345794678
1998-07-22,MANAFWA,2.0098872713940525,4.723207950592041,0.9297505617141724
1998-07-22,BUDUDA,5.918385716856918,13.132601737976074,2.724454641342163
1998-07-22,MBALE,3.1132981948311804,8.306184768676758,0.929970383644104
1998-07-22,MBALE,3.1468211485986957,4.729936122894287,2.5128085613250732
1998-07-23,SIRONKO,13.37560169180983,19.17776870727539,7.1189422607421875
1998-07-23,BULAMBULI,9.604324400597925,19.17776870727539,1.265334963798523
1998-07-23,BUKWO,7.63510180527903,16.782489776611328,3.3355460166931152
1998-07-23,BUTALEJA,1.4774721515772224,6.4886088371276855,0.13977888226509094
1998-07-23,KWEEN,6.972365406730623,19.17776870727539,3.3023288249969482
1998-07-23,KAPCHORWA,10.100824411967167,16.78447723388672,6.563867092132568
1998-07-23,MANAFWA,7.2562101002341945,16.56960105895996,0.5758113265037537
1998-07-23,BUDUDA,14.706826861105124,19.17776870727539,7.066951751708984
1998-07-23,MBALE,6.130944774314915,17.03095054626465,0.6376011967658997
1998-07-23,MBALE,6.337614426377782,10.254887580871582,5.1648783683776855
1998-07-24,SIRONKO,12.153481345354795,26.55315589904785,5.024056911468506
1998-07-24,BULAMBULI,15.851949400682448,26.55315589904785,5.024056911468506
1998-07-24,BUKWO,18.976800113872816,22.815860748291016,12.769543647766113
1998-07-24,BUTALEJA,5.410135386407099,9.753623008728027,0.367245614528656
1998-07-24,KWEEN,18.09381526215758,25.222930908203125,10.537964820861816
1998-07-24,KAPCHORWA,14.266817239049802,23.443693161010742,10.086176872253418
1998-07-24,MANAFWA,5.834285350882632,17.530366897583008,1.1133235692977905
1998-07-24,BUDUDA,16.933309773990274,26.55315589904785,8.3433198928833
1998-07-24,MBALE,7.242573590873222,17.530366897583008,1.5892016887664795
1998-07-24,MBALE,7.472884749805775,9.94756031036377,5.48753023147583
1998-07-25,SIRONKO,5.073741373176369,12.58337116241455,1.5995627641677856
1998-07-25,BULAMBULI,2.8209911483329817,12.023627281188965,0.5807079076766968
1998-07-25,BUKWO,6.5961444302143715,13.45008659362793,2.0200142860412598
1998-07-25,BUTALEJA,2.9666039522911443,10.257525444030762,0.09628691524267197
1998-07-25,KWEEN,2.6501320543119213,12.265264511108398,0.0617716945707798
1998-07-25,KAPCHORWA,2.1349226623477335,10.511335372924805,0.5862776637077332
1998-07-25,MANAFWA,4.7360445961078685,15.870638847351074,0.8260015845298767
1998-07-25,BUDUDA,10.471509259379083,15.870638847351074,6.533275604248047
1998-07-25,MBALE,6.782146689279188,15.870638847351074,1.3019182682037354
1998-07-25,MBALE,5.196468449362811,8.438188552856445,1.8606503009796143
1998-07-26,SIRONKO,6.92781914105581,20.567853927612305,3.5102415084838867
1998-07-26,BULAMBULI,12.384780813486291,29.08209228515625,3.097996234893799
1998-07-26,BUKWO,12.367827707452847,35.28038787841797,1.3130735158920288
1998-07-26,BUTALEJA,0.688865292316091,7.051595211029053,0.0
1998-07-26,KWEEN,9.882827883844916,22.985252380371094,1.2821496725082397
1998-07-26,KAPCHORWA,12.430058642353924,29.08209228515625,3.097996234893799
1998-07-26,MANAFWA,10.677467699324588,19.44260597229004,3.928834915161133
1998-07-26,BUDUDA,9.346651157921636,20.567853927612305,5.032892227172852
1998-07-26,MBALE,6.5486631281253755,12.415472984313965,1.6449177265167236
1998-07-26,MBALE,3.7762837693693587,6.2708210945129395,3.4511911869049072
1998-07-27,SIRONKO,1.8851983098965999,3.808861494064331,1.15362548828125
1998-07-27,BULAMBULI,2.64862262546671,5.843544006347656,0.0
1998-07-27,BUKWO,3.6809705534838875,9.46532917022705,0.0
1998-07-27,BUTALEJA,3.405373007925383,11.593300819396973,0.0
1998-07-27,KWEEN,1.6762339539097448,7.989526271820068,0.0
1998-07-27,KAPCHORWA,4.117127975615437,7.989526271820068,1.0713289976119995
1998-07-27,MANAFWA,1.0202408853775369,4.023139476776123,0.22553585469722748
1998-07-27,BUDUDA,1.5578649797433806,4.903720855712891,0.7466808557510376
1998-07-27,MBALE,3.9866627854908643,11.593300819396973,1.0494422912597656
1998-07-27,MBALE,3.009341008593901,6.330178260803223,1.5231235027313232
1998-07-28,SIRONKO,1.990295725932694,5.4821319580078125,0.05226951092481613
1998-07-28,BULAMBULI,3.3663764179047453,15.255014419555664,0.05226951092481613
1998-07-28,BUKWO,9.411461471745705,16.948640823364258,2.1378674507141113
1998-07-28,BUTALEJA,1.4475621366854554,10.329270362854004,0.0
1998-07-28,KWEEN,8.194613061272912,30.014997482299805,2.634462594985962
1998-07-28,KAPCHORWA,3.5240560754813663,9.241922378540039,0.5616452097892761
1998-07-28,MANAFWA,4.823285138415286,10.159419059753418,1.8215813636779785
1998-07-28,BUDUDA,3.666312856656187,5.469686508178711,2.634462594985962
1998-07-28,MBALE,4.492041741139391,10.329270362854004,0.0
1998-07-28,MBALE,1.8822799623109838,3.3678605556488037,1.1519302129745483
1998-07-29,SIRONKO,2.467315122277066,5.8372931480407715,0.11763519048690796
1998-07-29,BULAMBULI,5.655777099346032,18.775270462036133,0.01840069703757763
1998-07-29,BUKWO,3.2874046242197092,8.379536628723145,0.6250767111778259
1998-07-29,BUTALEJA,2.2446606162794103,7.260752201080322,0.0
1998-07-29,KWEEN,8.337006701918286,12.690200805664062,2.2269399166107178
1998-07-29,KAPCHORWA,4.915431470260227,12.690200805664062,0.31007495522499084
1998-07-29,MANAFWA,1.3360309188917034,4.331449508666992,0.086285300552845
1998-07-29,BUDUDA,3.3313269573663336,5.8372931480407715,1.856215238571167
1998-07-29,MBALE,2.9116204166581623,7.260752201080322,0.3157024085521698
1998-07-29,MBALE,1.5016384961419815,3.491062641143799,0.5168567299842834
1998-07-30,SIRONKO,14.728087760108801,35.265968322753906,2.3297479152679443
1998-07-30,BULAMBULI,4.9403640474672885,15.922932624816895,0.049702901393175125
1998-07-30,BUKWO,4.536487911484506,11.207459449768066,0.4950712025165558
1998-07-30,BUTALEJA,8.232628476146632,13.97673511505127,0.0
1998-07-30,KWEEN,5.422071553601772,11.207459449768066,0.16026392579078674
1998-07-30,KAPCHORWA,5.3762713870196155,12.164006233215332,1.0941970348358154
1998-07-30,MANAFWA,9.620760996805569,15.922991752624512,2.5368382930755615
1998-07-30,BUDUDA,11.94892547937022,28.671836853027344,2.404343843460083
1998-07-30,MBALE,8.26757610336515,35.265968322753906,1.0029329061508179
1998-07-30,MBALE,5.2164130060648635,7.658337593078613,4.997162342071533
1998-07-31,SIRONKO,11.629493649981288,17.94057846069336,2.674571990966797
1998-07-31,BULAMBULI,19.213371149480796,37.177772521972656,10.693292617797852
1998-07-31,BUKWO,6.60102827865417,13.55698299407959,1.0162773132324219
1998-07-31,BUTALEJA,6.620185700602084,12.431550025939941,0.0
1998-07-31,KWEEN,7.028825648642214,20.666913986206055,0.9311574101448059
1998-07-31,KAPCHORWA,14.839260656742384,27.615001678466797,8.291354179382324
1998-07-31,MANAFWA,2.942512907774442,12.489341735839844,0.9645676612854004
1998-07-31,BUDUDA,10.797996018780653,17.94057846069336,4.10511589050293
1998-07-31,MBALE,4.581727382573849,10.408927917480469,2.2723071575164795
1998-07-31,MBALE,3.418662339614335,7.362244606018066,2.611196756362915
1998-08-01,SIRONKO,7.350763571388757,15.249187469482422,0.647537887096405
1998-08-01,BULAMBULI,4.8329179641014814,32.391937255859375,0.6313637495040894
1998-08-01,BUKWO,20.130479207065598,32.463077545166016,2.131856679916382
1998-08-01,BUTALEJA,6.945821384036717,17.2618350982666,0.0
1998-08-01,KWEEN,4.349565846422451,30.6019287109375,0.6617684960365295
1998-08-01,KAPCHORWA,2.301291506764025,3.2284257411956787,1.4695181846618652
1998-08-01,MANAFWA,1.5748396499052533,5.315201282501221,0.0
1998-08-01,BUDUDA,3.671956205471216,9.630431175231934,0.1422746628522873
1998-08-01,MBALE,9.044587725401657,17.2618350982666,0.0
1998-08-01,MBALE,12.990455326363032,14.998946189880371,12.932848930358887
1998-08-02,SIRONKO,10.061749848844679,22.228046417236328,0.0
1998-08-02,BULAMBULI,2.0980247086768373,22.228046417236328,0.0
1998-08-02,BUKWO,4.665066031852277,15.800996780395508,0.0
1998-08-02,BUTALEJA,2.5490600203009532,11.50428295135498,0.0
1998-08-02,KWEEN,1.3421418632201252,15.800996780395508,0.0
1998-08-02,KAPCHORWA,1.2718101029905295,3.5147716999053955,9.301727986894548E-4
1998-08-02,MANAFWA,1.999787226303049,25.174633026123047,0.0
1998-08-02,BUDUDA,10.56411442914646,25.174633026123047,0.11375585943460464
1998-08-02,MBALE,3.495601287562549,22.18180274963379,0.0
1998-08-02,MBALE,2.5570590689734547,5.380410671234131,0.4671509563922882
1998-08-03,SIRONKO,5.2980524867371654,11.565393447875977,0.5707104206085205
1998-08-03,BULAMBULI,1.3202463604598875,10.13364028930664,0.0
1998-08-03,BUKWO,3.1763992857154375,9.034320831298828,0.0
1998-08-03,BUTALEJA,6.896720748565541,23.877408981323242,0.0
1998-08-03,KWEEN,0.5036168968366421,9.034320831298828,0.0
1998-08-03,KAPCHORWA,1.5681881500894452,3.7549867630004883,0.02821548469364643
1998-08-03,MANAFWA,0.9800106364520116,8.428200721740723,0.0
1998-08-03,BUDUDA,2.446412972512659,7.5089640617370605,0.09678352624177933
1998-08-03,MBALE,7.853772239702199,23.877408981323242,0.0
1998-08-03,MBALE,11.902766393206301,16.343338012695312,10.009649276733398
1998-08-04,SIRONKO,15.371984284587853,31.810171127319336,0.6944369673728943
1998-08-04,BULAMBULI,3.7195902132730554,19.679059982299805,0.35745567083358765
1998-08-04,BUKWO,3.16920584891658,8.855717658996582,0.0731356292963028
1998-08-04,BUTALEJA,2.1363261651984407,12.309514999389648,0.0
1998-08-04,KWEEN,2.124682833218898,8.855717658996582,0.23589444160461426
1998-08-04,KAPCHORWA,2.616121207234678,3.418203115463257,1.3303706645965576
1998-08-04,MANAFWA,4.989989116322876,28.14008140563965,0.0
1998-08-04,BUDUDA,11.979979306941857,28.14008140563965,0.41864365339279175
1998-08-04,MBALE,12.21628589939914,31.810171127319336,0.0
1998-08-04,MBALE,12.62488286478863,16.55950164794922,11.302160263061523
1998-08-05,SIRONKO,4.572532196865462,10.934160232543945,0.29867371916770935
1998-08-05,BULAMBULI,1.7323855274015534,10.934160232543945,0.0
1998-08-05,BUKWO,12.335992058524326,21.94846534729004,2.2937204837799072
1998-08-05,BUTALEJA,2.002629781208731,7.520900249481201,0.0
1998-08-05,KWEEN,2.9863042628422676,21.94846534729004,0.0
1998-08-05,KAPCHORWA,1.3742587448043704,2.979297637939453,0.40447014570236206
1998-08-05,MANAFWA,1.7459087853049327,8.708184242248535,0.0
1998-08-05,BUDUDA,5.687926348130325,10.934160232543945,0.10440803319215775
1998-08-05,MBALE,3.691803686634163,8.741841316223145,0.0
1998-08-05,MBALE,2.590542125947094,4.326637268066406,1.8077112436294556
1998-08-06,SIRONKO,25.685651958937264,46.953338623046875,7.378100872039795
1998-08-06,BULAMBULI,32.086175768405695,47.063377380371094,1.694169044494629
1998-08-06,BUKWO,3.483688736703725,13.857637405395508,0.1562180519104004
1998-08-06,BUTALEJA,28.162569084442136,46.945430755615234,12.913286209106445
1998-08-06,KWEEN,4.885317148696129,43.04986572265625,0.02348327450454235
1998-08-06,KAPCHORWA,25.427616412018068,47.063377380371094,1.694169044494629
1998-08-06,MANAFWA,22.214196395781155,37.089168548583984,5.311285018920898
1998-08-06,BUDUDA,32.21511073057583,47.377132415771484,16.560361862182617
1998-08-06,MBALE,18.789496493568667,35.30876922607422,7.378100872039795
1998-08-06,MBALE,12.738246643656108,15.829919815063477,7.512081623077393
1998-08-07,SIRONKO,5.1043221167318364,14.493206024169922,0.9641835689544678
1998-08-07,BULAMBULI,6.620113629450286,19.630958557128906,0.0
1998-08-07,BUKWO,6.3846189528750665,14.992025375366211,0.6585394740104675
1998-08-07,BUTALEJA,1.9782577337396143,23.763574600219727,0.0
1998-08-07,KWEEN,3.852855928412516,15.318010330200195,0.0
1998-08-07,KAPCHORWA,12.959819764942722,19.630958557128906,1.0863169431686401
1998-08-07,MANAFWA,8.65333883272081,23.710773468017578,0.9944967031478882
1998-08-07,BUDUDA,9.37333423589234,20.229202270507812,2.049527645111084
1998-08-07,MBALE,2.1074790571365196,7.406056880950928,0.0
1998-08-07,MBALE,1.5543537501062088,2.7685811519622803,0.410240113735199
1998-08-08,SIRONKO,3.508421248191864,21.44607925415039,0.8783528208732605
1998-08-08,BULAMBULI,7.751672284798341,25.72407341003418,0.38522276282310486
1998-08-08,BUKWO,3.48728034194533,14.572248458862305,0.08497804403305054
1998-08-08,BUTALEJA,0.7061168392709238,5.662412643432617,0.0
1998-08-08,KWEEN,2.5382393151894695,13.9722261428833,0.0038521490059792995
1998-08-08,KAPCHORWA,11.720209861559805,25.72407341003418,0.7585009336471558
1998-08-08,MANAFWA,10.15615360696348,27.08316993713379,2.0699315071105957
1998-08-08,BUDUDA,13.705197435385724,30.123878479003906,2.171900987625122
1998-08-08,MBALE,3.752804290821132,11.581040382385254,0.6096497178077698
1998-08-08,MBALE,5.16667135470917,7.437168598175049,4.050944805145264
1998-08-09,SIRONKO,0.7006157768916771,3.5356063842773438,0.0
1998-08-09,BULAMBULI,0.48210816742293394,3.4684078693389893,0.0
1998-08-09,BUKWO,0.8344713418806102,3.0978505611419678,0.111808642745018
1998-08-09,BUTALEJA,0.007804039296154521,0.769966185092926,0.0
1998-08-09,KWEEN,0.425200986944176,3.4684078693389893,0.0
1998-08-09,KAPCHORWA,1.507594231890309,4.524403095245361,0.0
1998-08-09,MANAFWA,1.0526146811320534,2.9897687435150146,0.0
1998-08-09,BUDUDA,1.940444858854741,4.371631145477295,0.26029500365257263
1998-08-09,MBALE,0.3783306896306091,2.012209177017212,0.0
1998-08-09,MBALE,0.6729487953935618,1.515356183052063,0.0
1998-08-10,SIRONKO,4.457856196994622,15.0867919921875,1.9010037183761597
1998-08-10,BULAMBULI,3.7968532900286047,13.017261505126953,0.0
1998-08-10,BUKWO,1.8117824557806255,4.593550205230713,0.0985061377286911
1998-08-10,BUTALEJA,0.8988681139759956,2.7044360637664795,0.0
1998-08-10,KWEEN,0.7050060524172046,6.0586256980896,0.0
1998-08-10,KAPCHORWA,5.112651631570777,11.194354057312012,0.060985267162323
1998-08-10,MANAFWA,11.690612332410318,18.689292907714844,3.4462788105010986
1998-08-10,BUDUDA,12.58419128506361,18.547008514404297,2.5326054096221924
1998-08-10,MBALE,7.2915773114297675,18.547008514404297,1.3353490829467773
1998-08-10,MBALE,5.608921706579186,9.339116096496582,3.8217906951904297
1998-08-11,SIRONKO,3.1420602733001584,11.949851036071777,0.15643048286437988
1998-08-11,BULAMBULI,9.012547966226656,15.770652770996094,0.22068879008293152
1998-08-11,BUKWO,2.659199627441452,8.433771133422852,0.0
1998-08-11,BUTALEJA,0.030103015012430998,0.26042473316192627,0.0
1998-08-11,KWEEN,4.4911712314265415,11.137410163879395,0.0
1998-08-11,KAPCHORWA,9.070086714203912,12.888633728027344,6.587700366973877
1998-08-11,MANAFWA,1.343204584332227,7.424272537231445,0.412382572889328
1998-08-11,BUDUDA,5.2681096081625505,10.347990036010742,0.6015881299972534
1998-08-11,MBALE,0.8709796843700273,3.8935859203338623,0.06876763701438904
1998-08-11,MBALE,1.1377944094543944,1.9853065013885498,0.7703468203544617
1998-08-12,SIRONKO,7.43377291610133,22.09154510498047,0.4820815622806549
1998-08-12,BULAMBULI,8.321647529467189,24.660612106323242,0.07002107053995132
1998-08-12,BUKWO,14.577483242893026,24.660612106323242,1.8284651041030884
1998-08-12,BUTALEJA,1.2396710976409895,5.252414703369141,8.078581304289401E-4
1998-08-12,KWEEN,5.402473095203613,24.660612106323242,0.0
1998-08-12,KAPCHORWA,11.219715732600863,24.660612106323242,0.9511406421661377
1998-08-12,MANAFWA,2.1577203490109644,17.929344177246094,0.09891656041145325
1998-08-12,BUDUDA,14.058358514094556,20.506431579589844,1.5163055658340454
1998-08-12,MBALE,3.122608339502096,19.765108108520508,0.26780006289482117
1998-08-12,MBALE,4.180033138597708,5.524453639984131,3.8952579498291016
1998-08-13,SIRONKO,5.695347671119813,22.675718307495117,1.0310124158859253
1998-08-13,BULAMBULI,9.89589800521113,29.64242172241211,0.22481682896614075
1998-08-13,BUKWO,10.547490433629605,29.64242172241211,5.04435396194458
1998-08-13,BUTALEJA,0.4346578504095214,2.6450843811035156,0.0
1998-08-13,KWEEN,12.844887181880312,29.64242172241211,6.341982364654541
1998-08-13,KAPCHORWA,16.402339313924394,29.64242172241211,6.87969446182251
1998-08-13,MANAFWA,1.3231077567475262,17.91213035583496,0.002360776998102665
1998-08-13,BUDUDA,9.827698274422053,22.675718307495117,0.555887758731842
1998-08-13,MBALE,1.817235146126327,10.253440856933594,0.02981150895357132
1998-08-13,MBALE,2.685218176925801,3.310668468475342,2.3988311290740967
1998-08-14,SIRONKO,1.5295480034164384,7.266059398651123,0.4206894338130951
1998-08-14,BULAMBULI,2.033589356076721,7.266059398651123,0.051525432616472244
1998-08-14,BUKWO,3.6667356831919977,6.988837242126465,1.2319773435592651
1998-08-14,BUTALEJA,1.147957290653756,4.115962028503418,0.010771041736006737
1998-08-14,KWEEN,0.6640008742847974,7.266059398651123,0.0
1998-08-14,KAPCHORWA,1.397882938972906,4.709329128265381,0.18857982754707336
1998-08-14,MANAFWA,0.6965188265234996,5.803315162658691,0.08942345529794693
1998-08-14,BUDUDA,3.2587546966831575,7.266059398651123,0.18491283059120178
1998-08-14,MBALE,0.6688091743378838,3.536611318588257,0.034671273082494736
1998-08-14,MBALE,1.095065700610868,1.7886028289794922,0.7951043844223022
1998-08-15,SIRONKO,1.9641123392655042,8.509627342224121,0.5023697018623352
1998-08-15,BULAMBULI,17.51696230394676,37.374183654785156,1.9164460897445679
1998-08-15,BUKWO,18.182776174734222,30.714197158813477,5.569744110107422
1998-08-15,BUTALEJA,6.409911554742401,20.272258758544922,0.051475539803504944
1998-08-15,KWEEN,23.936788200006212,42.89990234375,3.6997225284576416
1998-08-15,KAPCHORWA,21.05072684028512,35.73070526123047,9.513720512390137
1998-08-15,MANAFWA,0.09780261537961991,0.3237007260322571,0.019819160923361778
1998-08-15,BUDUDA,0.789970503518818,3.6997225284576416,0.019819160923361778
1998-08-15,MBALE,0.3900818825164484,3.9049758911132812,0.00665224390104413
1998-08-15,MBALE,0.7110634187575147,1.1128084659576416,0.46918627619743347
1998-08-16,SIRONKO,2.3057802355053756,6.027962684631348,1.1223429441452026
1998-08-16,BULAMBULI,2.692723392031501,10.06178092956543,0.17441748082637787
1998-08-16,BUKWO,1.4674958213373415,2.821549654006958,0.19155140221118927
1998-08-16,BUTALEJA,1.1373030632214047,7.204379081726074,0.03886626660823822
1998-08-16,KWEEN,1.8629306223524393,5.407172679901123,0.2222585380077362
1998-08-16,KAPCHORWA,0.5920113673989007,2.4764037132263184,0.15934590995311737
1998-08-16,MANAFWA,1.8615392739661982,4.549932479858398,0.564985454082489
1998-08-16,BUDUDA,2.223230560669824,2.8610541820526123,1.2662441730499268
1998-08-16,MBALE,1.8157518215310167,6.1702070236206055,0.564985454082489
1998-08-16,MBALE,2.280527853903489,2.507061719894409,2.042968511581421
1998-08-17,SIRONKO,5.402372323101418,11.882627487182617,2.3908793926239014
1998-08-17,BULAMBULI,5.116820177951074,12.968988418579102,0.6490667462348938
1998-08-17,BUKWO,3.056951444947337,8.09789752960205,0.21104346215724945
1998-08-17,BUTALEJA,10.13925161138867,14.731423377990723,3.862133502960205
1998-08-17,KWEEN,3.4834780233329634,8.663204193115234,0.44279012084007263
1998-08-17,KAPCHORWA,2.5339491951864304,8.758899688720703,0.6490667462348938
1998-08-17,MANAFWA,6.227852361628429,8.961845397949219,3.3860440254211426
1998-08-17,BUDUDA,5.689418464596503,7.361236572265625,2.9153082370758057
1998-08-17,MBALE,5.53218657467913,7.68064546585083,3.282137632369995
1998-08-17,MBALE,4.567082179943176,5.2636799812316895,3.7290537357330322
1998-08-18,SIRONKO,7.683353300208016,15.421252250671387,2.1843669414520264
1998-08-18,BULAMBULI,4.754006956848032,15.421252250671387,0.0
1998-08-18,BUKWO,1.6311683955495617,12.653376579284668,0.13439232110977173
1998-08-18,BUTALEJA,8.40506368360141,22.26162338256836,1.003720760345459
1998-08-18,KWEEN,2.9758999900715404,15.406281471252441,0.0
1998-08-18,KAPCHORWA,2.6077424879338316,10.452393531799316,0.779853880405426
1998-08-18,MANAFWA,16.863041668465158,26.797353744506836,11.093084335327148
1998-08-18,BUDUDA,13.513099900327491,16.10853385925293,11.028366088867188
1998-08-18,MBALE,14.04790628704469,26.797353744506836,5.67284631729126
1998-08-18,MBALE,12.089440752235534,15.205256462097168,9.98255443572998
1998-08-19,SIRONKO,3.1165846435556164,6.278592109680176,1.0569442510604858
1998-08-19,BULAMBULI,1.8297973731296597,6.278592109680176,0.0
1998-08-19,BUKWO,1.0883706061650076,3.6033315658569336,0.2536371648311615
1998-08-19,BUTALEJA,1.993118387433296,6.091923236846924,0.73789381980896
1998-08-19,KWEEN,1.0532013077531805,4.081366062164307,0.0
1998-08-19,KAPCHORWA,0.8513260498894153,3.832275629043579,0.23232388496398926
1998-08-19,MANAFWA,2.3272678988000943,7.2245097160339355,0.5563439130783081
1998-08-19,BUDUDA,3.03054436901809,5.026747703552246,1.0251212120056152
1998-08-19,MBALE,2.3614489801012426,7.2245097160339355,0.5563439130783081
1998-08-19,MBALE,1.1972070290125394,1.6866310834884644,0.7804502844810486
1998-08-20,SIRONKO,0.9258174994579326,4.62267541885376,0.008358815684914589
1998-08-20,BULAMBULI,1.1094130310820214,4.62267541885376,0.0
1998-08-20,BUKWO,0.8011287487791247,3.638216495513916,0.08642227947711945
1998-08-20,BUTALEJA,7.255362159044218,20.566539764404297,0.6255437731742859
1998-08-20,KWEEN,0.7031162586978374,4.62267541885376,0.0
1998-08-20,KAPCHORWA,0.7214449360029683,4.427341938018799,0.17644457519054413
1998-08-20,MANAFWA,1.8482055528579153,3.8170201778411865,0.1500159502029419
1998-08-20,BUDUDA,1.9800260710381576,4.62267541885376,0.3664458394050598
1998-08-20,MBALE,0.7346046040999372,3.7008559703826904,0.012076443061232567
1998-08-20,MBALE,0.8725578278373688,1.5827909708023071,0.07021913677453995
1998-08-21,SIRONKO,12.040403428903483,18.30953598022461,5.709407806396484
1998-08-21,BULAMBULI,9.844614385856634,19.13715171813965,0.50613933801651
1998-08-21,BUKWO,2.1662857697141766,11.771658897399902,0.0
1998-08-21,BUTALEJA,3.1426616470915714,9.92063045501709,0.3254305422306061
1998-08-21,KWEEN,2.3909748392859735,17.23235321044922,0.10253611207008362
1998-08-21,KAPCHORWA,10.09666369321011,17.735395431518555,2.7703747749328613
1998-08-21,MANAFWA,5.28836838504505,16.64232063293457,0.49815353751182556
1998-08-21,BUDUDA,14.410084785115703,17.23235321044922,3.8387484550476074
1998-08-21,MBALE,3.2135235018618338,12.919632911682129,0.44784218072891235
1998-08-21,MBALE,3.810409125026985,7.214818000793457,3.2028658390045166
1998-08-22,SIRONKO,1.7676961873974615,4.118423938751221,0.3769809603691101
1998-08-22,BULAMBULI,1.7111078143001255,5.641379356384277,0.0
1998-08-22,BUKWO,1.487469223526273,5.641379356384277,0.03138303384184837
1998-08-22,BUTALEJA,0.20484278017342225,0.8957654237747192,0.0
1998-08-22,KWEEN,1.014963575797788,5.641379356384277,0.0
1998-08-22,KAPCHORWA,2.644906762571715,5.641379356384277,0.0
1998-08-22,MANAFWA,0.9619970527095643,2.876340389251709,0.005204629618674517
1998-08-22,BUDUDA,2.275401993020604,4.118423938751221,0.6928897500038147
1998-08-22,MBALE,0.4727444185183836,1.757712483406067,0.008920006453990936
1998-08-22,MBALE,0.2699159574599154,0.4678477346897125,0.1857220083475113
1998-08-23,SIRONKO,7.689441597820388,20.62841796875,1.8989763259887695
1998-08-23,BULAMBULI,13.753069288627923,23.143413543701172,3.441103219985962
1998-08-23,BUKWO,9.760215007878413,22.6258544921875,3.400458812713623
1998-08-23,BUTALEJA,3.8249360987416265,9.567468643188477,0.1109151840209961
1998-08-23,KWEEN,19.929964966414406,27.615222930908203,7.577565670013428
1998-08-23,KAPCHORWA,19.578366029915255,23.143413543701172,12.601308822631836
1998-08-23,MANAFWA,6.684164331363159,11.573298454284668,1.604265809059143
1998-08-23,BUDUDA,9.307334976206914,20.581283569335938,3.9619154930114746
1998-08-23,MBALE,6.165968366337363,11.573298454284668,0.17638805508613586
1998-08-23,MBALE,2.8862393203608323,6.550848007202148,1.0680243968963623
1998-08-24,SIRONKO,5.968334149902127,14.344929695129395,1.9763331413269043
1998-08-24,BULAMBULI,4.9806647961783055,13.746784210205078,0.2804264426231384
1998-08-24,BUKWO,6.468017011989817,20.867572784423828,0.5251842141151428
1998-08-24,BUTALEJA,10.68186942945795,22.04654884338379,5.674351692199707
1998-08-24,KWEEN,4.2309196868324275,17.53893280029297,0.10915551334619522
1998-08-24,KAPCHORWA,5.6572704047542395,9.52296257019043,1.0678317546844482
1998-08-24,MANAFWA,2.4456456957709065,15.151376724243164,0.24939961731433868
1998-08-24,BUDUDA,9.096596734796368,16.44552993774414,2.0071988105773926
1998-08-24,MBALE,4.438107941664985,15.381174087524414,0.5482101440429688
1998-08-24,MBALE,2.660390614392981,6.716697692871094,1.5788630247116089
1998-08-25,SIRONKO,6.133516091322966,12.42030143737793,1.8076095581054688
1998-08-25,BULAMBULI,6.247530196233539,12.685392379760742,2.479348659515381
1998-08-25,BUKWO,9.053679772092407,13.855158805847168,4.76439094543457
1998-08-25,BUTALEJA,1.3720949670290454,4.032561779022217,0.10453877598047256
1998-08-25,KWEEN,6.240103310607292,12.685392379760742,1.4575756788253784
1998-08-25,KAPCHORWA,6.027978724339785,9.012968063354492,5.10028600692749
1998-08-25,MANAFWA,2.3923225665538195,10.372689247131348,0.35651805996894836
1998-08-25,BUDUDA,7.930191717648009,12.42030143737793,2.135658025741577
1998-08-25,MBALE,1.8070881004418995,6.906757831573486,0.13703195750713348
1998-08-25,MBALE,1.295395198305798,2.123481035232544,1.1425660848617554
1998-08-26,SIRONKO,5.580489427807206,13.078569412231445,2.408308744430542
1998-08-26,BULAMBULI,7.196565336721741,16.076284408569336,2.6096529960632324
1998-08-26,BUKWO,6.1221397652371445,12.803257942199707,3.664306879043579
1998-08-26,BUTALEJA,10.209822331914783,13.93883991241455,3.657116413116455
1998-08-26,KWEEN,6.20748024213323,15.343546867370605,2.537214517593384
1998-08-26,KAPCHORWA,7.357476825822527,16.076284408569336,3.490206241607666
1998-08-26,MANAFWA,2.684268358922311,4.627535820007324,1.0867860317230225
1998-08-26,BUDUDA,4.484401273608603,6.837905406951904,2.5893137454986572
1998-08-26,MBALE,4.479092368572703,9.161513328552246,2.123513698577881
1998-08-26,MBALE,4.2503910027334895,7.568288803100586,3.5482888221740723
1998-08-27,SIRONKO,8.267513243011564,18.820003509521484,1.645728588104248
1998-08-27,BULAMBULI,11.245631865526724,18.820003509521484,2.388462543487549
1998-08-27,BUKWO,9.38753306424113,13.831380844116211,2.445624589920044
1998-08-27,BUTALEJA,2.9471681745288993,6.004337787628174,0.8182430267333984
1998-08-27,KWEEN,8.633258445892386,14.824681282043457,1.5833970308303833
1998-08-27,KAPCHORWA,14.646066110000179,18.41693878173828,7.414942741394043
1998-08-27,MANAFWA,5.112624063689841,11.04686164855957,1.5843515396118164
1998-08-27,BUDUDA,8.459662994366404,13.665776252746582,5.219045639038086
1998-08-27,MBALE,5.173725013220507,9.549072265625,1.0522489547729492
1998-08-27,MBALE,2.37562924907599,4.001338481903076,1.5910688638687134
1998-08-28,SIRONKO,4.953906839314521,9.043476104736328,1.432847261428833
1998-08-28,BULAMBULI,7.186072406128174,11.807881355285645,1.6716117858886719
1998-08-28,BUKWO,4.002735602173488,6.729404926300049,2.0189027786254883
1998-08-28,BUTALEJA,1.595729348723769,5.379472732543945,0.4159788191318512
1998-08-28,KWEEN,7.000299301401516,12.068696975708008,2.1691527366638184
1998-08-28,KAPCHORWA,7.232912241203387,9.97925090789795,4.670914173126221
1998-08-28,MANAFWA,4.137487323850701,9.062301635742188,1.9138052463531494
1998-08-28,BUDUDA,6.0043257625995645,7.827552795410156,2.7126424312591553
1998-08-28,MBALE,2.3564422235792293,5.370305061340332,0.5911511182785034
1998-08-28,MBALE,1.1792546509626136,2.2555973529815674,0.7645096778869629
1998-08-29,SIRONKO,4.659074553104035,6.256122589111328,1.173719048500061
1998-08-29,BULAMBULI,3.6933202848845674,9.304581642150879,0.08413529396057129
1998-08-29,BUKWO,0.787309912763746,9.304581642150879,0.0
1998-08-29,BUTALEJA,1.2051561447059758,5.3887224197387695,0.0
1998-08-29,KWEEN,2.0898644068364627,9.304581642150879,0.0
1998-08-29,KAPCHORWA,3.074296324568241,9.304581642150879,0.08413529396057129
1998-08-29,MANAFWA,2.460980255724069,5.9487104415893555,0.45328766107559204
1998-08-29,BUDUDA,2.4434790359366065,5.595350742340088,0.45328766107559204
1998-08-29,MBALE,4.001199457169399,7.170663833618164,1.3620367050170898
1998-08-29,MBALE,3.3557446222074896,4.842317581176758,3.229884147644043
1998-08-30,SIRONKO,0.8252518008034034,2.0270469188690186,0.11631074547767639
1998-08-30,BULAMBULI,1.0356420556692756,2.5404443740844727,0.14962033927440643
1998-08-30,BUKWO,0.31791976579695697,2.482787609100342,0.0
1998-08-30,BUTALEJA,2.6782050993427444,9.440254211425781,0.0
1998-08-30,KWEEN,0.7922629415929179,2.5404443740844727,0.0
1998-08-30,KAPCHORWA,1.0704570604647934,2.5404443740844727,0.17150656878948212
1998-08-30,MANAFWA,1.6078047099992572,3.5200705528259277,0.24693971872329712
1998-08-30,BUDUDA,1.4423880784831025,2.1718673706054688,0.540285050868988
1998-08-30,MBALE,0.684238131214944,2.490600824356079,0.0
1998-08-30,MBALE,0.6280173901888111,1.082706093788147,0.4077380299568176
1998-08-31,SIRONKO,2.1635520992413633,7.616906642913818,0.09757284075021744
1998-08-31,BULAMBULI,3.174636005275954,11.875017166137695,0.2795424461364746
1998-08-31,BUKWO,0.7991521433228631,4.1432013511657715,0.0
1998-08-31,BUTALEJA,5.396817867678226,11.569107055664062,1.130999207496643
1998-08-31,KWEEN,0.49381699870549933,4.1432013511657715,0.0
1998-08-31,KAPCHORWA,3.260924252783737,9.090346336364746,0.2795424461364746
1998-08-31,MANAFWA,2.9474857426762053,7.7957024574279785,0.9845144748687744
1998-08-31,BUDUDA,3.5984300960146354,5.613964080810547,1.1798970699310303
1998-08-31,MBALE,2.7438899116067703,8.945006370544434,0.6439803838729858
1998-08-31,MBALE,1.1113564816713724,2.150404214859009,0.8765546083450317
1998-09-01,SIRONKO,5.526427284493007,18.333023071289062,0.0
1998-09-01,BULAMBULI,1.3255303534989076,10.213859558105469,0.0
1998-09-01,BUKWO,0.400008442264687,2.0572686195373535,0.0
1998-09-01,BUTALEJA,1.989253323897246,4.483081817626953,0.5280912518501282
1998-09-01,KWEEN,0.9359071889770763,3.1417272090911865,0.0
1998-09-01,KAPCHORWA,1.7268082602510242,3.3448750972747803,0.3612534999847412
1998-09-01,MANAFWA,8.767777942974302,14.819859504699707,4.078217506408691
1998-09-01,BUDUDA,9.06621737222414,18.333023071289062,0.36035019159317017
1998-09-01,MBALE,3.7004918629078256,18.333023071289062,0.0
1998-09-01,MBALE,1.105875110817411,2.527609348297119,0.0
1998-09-02,SIRONKO,3.9973843617311577,17.16099739074707,0.0
1998-09-02,BULAMBULI,2.6196846848631745,13.303009033203125,0.0
1998-09-02,BUKWO,0.3976163847483601,3.423905849456787,0.0
1998-09-02,BUTALEJA,1.9555204498638912,7.845059871673584,0.0
1998-09-02,KWEEN,0.6027021831445325,3.423905849456787,0.0
1998-09-02,KAPCHORWA,2.853816374967142,7.433002948760986,0.1032574325799942
1998-09-02,MANAFWA,8.133273375479437,31.773521423339844,1.8055312633514404
1998-09-02,BUDUDA,16.470572598012392,31.773521423339844,0.16118910908699036
1998-09-02,MBALE,4.699930165026194,18.34367561340332,0.0
1998-09-02,MBALE,2.073048789167264,2.63116455078125,0.0
1998-09-03,SIRONKO,2.7712325512336298,8.799612998962402,0.0
1998-09-03,BULAMBULI,0.8500621368349548,8.799612998962402,0.0
1998-09-03,BUKWO,0.23076401701590446,1.6100467443466187,0.0
1998-09-03,BUTALEJA,0.2550335611886076,0.7996847629547119,0.0
1998-09-03,KWEEN,0.26326855668924193,1.6100467443466187,0.0
1998-09-03,KAPCHORWA,0.6386385903508741,1.8782408237457275,0.0
1998-09-03,MANAFWA,2.87180784728794,5.872056007385254,0.2646849751472473
1998-09-03,BUDUDA,4.785271246319336,8.204121589660645,0.12032488733530045
1998-09-03,MBALE,1.5825101983771177,6.272684097290039,0.0
1998-09-03,MBALE,1.4453765589195333,1.9799569845199585,0.0
1998-09-04,SIRONKO,3.616495912169724,12.289739608764648,0.0
1998-09-04,BULAMBULI,1.2959509948746957,6.772490501403809,0.0
1998-09-04,BUKWO,0.3368229151582005,2.021792411804199,0.0
1998-09-04,BUTALEJA,44.72055144907965,59.463768005371094,16.328142166137695
1998-09-04,KWEEN,0.49785849004680244,2.9950761795043945,0.0
1998-09-04,KAPCHORWA,1.8232105812089665,4.4422926902771,0.005605403333902359
1998-09-04,MANAFWA,21.374040716181707,51.968353271484375,3.4754135608673096
1998-09-04,BUDUDA,7.9430683343584185,28.4581241607666,0.31724703311920166
1998-09-04,MBALE,30.31432351079137,59.463768005371094,0.0
1998-09-04,MBALE,18.364304021025188,25.943761825561523,0.0
1998-09-05,SIRONKO,9.609667589536583,23.455638885498047,0.0
1998-09-05,BULAMBULI,2.5170129841180784,22.1185302734375,0.0
1998-09-05,BUKWO,0.4209433324225853,3.4607882499694824,0.0
1998-09-05,BUTALEJA,0.8514438257925148,4.061355113983154,0.07155618816614151
1998-09-05,KWEEN,0.3768083002372323,3.4607882499694824,0.0
1998-09-05,KAPCHORWA,1.3244465888673393,4.751761436462402,0.04587579518556595
1998-09-05,MANAFWA,23.422901066622,40.00519561767578,9.650099754333496
1998-09-05,BUDUDA,19.542907242390047,29.02440643310547,1.1695337295532227
1998-09-05,MBALE,7.85041782688001,18.272972106933594,0.0
1998-09-05,MBALE,5.890088987630681,10.777763366699219,0.0
1998-09-06,SIRONKO,1.3619070633919932,6.670081615447998,0.321962833404541
1998-09-06,BULAMBULI,1.6465977638629297,6.619041442871094,0.0
1998-09-06,BUKWO,1.4956074850773382,6.6778130531311035,0.0
1998-09-06,BUTALEJA,0.6592575191788071,3.5909698009490967,0.006720493547618389
1998-09-06,KWEEN,1.4863888542023769,11.652887344360352,0.0
1998-09-06,KAPCHORWA,4.138403210952757,11.652887344360352,0.05946246534585953
1998-09-06,MANAFWA,3.0483688183017654,8.02020263671875,0.0704701617360115
1998-09-06,BUDUDA,3.6982170213832553,8.02020263671875,1.2626248598098755
1998-09-06,MBALE,0.8810346279187368,2.037652015686035,0.0704701617360115
1998-09-06,MBALE,0.6436701778382053,1.298636555671692,0.32933923602104187
1998-09-07,SIRONKO,2.361219764330267,14.045172691345215,0.06405091285705566
1998-09-07,BULAMBULI,5.254282462852147,14.045172691345215,0.104399174451828
1998-09-07,BUKWO,0.9269173515242778,5.024304389953613,0.0
1998-09-07,BUTALEJA,0.4508151820015261,1.9300142526626587,0.0021487760823220015
1998-09-07,KWEEN,0.5921394060276963,6.091169357299805,0.0
1998-09-07,KAPCHORWA,7.370900436692617,13.57715129852295,0.8576166033744812
1998-09-07,MANAFWA,1.900885731906241,5.751981258392334,0.16182339191436768
1998-09-07,BUDUDA,1.4391701120301634,4.166923522949219,0.621907114982605
1998-09-07,MBALE,0.508654342681449,4.036557674407959,0.06405091285705566
1998-09-07,MBALE,0.49032673247978265,0.8085802793502808,0.27427223324775696
1998-09-08,SIRONKO,0.41740143575224053,1.413313388824463,0.04891160503029823
1998-09-08,BULAMBULI,4.218843575434522,15.267739295959473,0.40254274010658264
1998-09-08,BUKWO,3.465684068152047,8.270983695983887,0.0
1998-09-08,BUTALEJA,0.012421556856959106,0.16669213771820068,0.0
1998-09-08,KWEEN,2.98835198923132,15.286898612976074,0.0
1998-09-08,KAPCHORWA,7.634748371261907,15.18620777130127,1.273064136505127
1998-09-08,MANAFWA,0.8304445689902386,3.7922799587249756,0.005544274114072323
1998-09-08,BUDUDA,0.37671723241804883,1.6770484447479248,0.09362596273422241
1998-09-08,MBALE,0.07185796547378534,0.3402899503707886,0.005544274114072323
1998-09-08,MBALE,0.049495454672681446,0.09570102393627167,0.022845059633255005
1998-09-09,SIRONKO,2.941921458558375,9.787657737731934,0.9651657342910767
1998-09-09,BULAMBULI,15.615647012073769,29.8612003326416,1.5296624898910522
1998-09-09,BUKWO,4.004926700217312,6.82033634185791,0.0
1998-09-09,BUTALEJA,2.2410859003148675,9.001208305358887,0.39589250087738037
1998-09-09,KWEEN,2.439563250028848,26.623117446899414,0.0
1998-09-09,KAPCHORWA,13.84513580901363,28.601417541503906,2.624586343765259
1998-09-09,MANAFWA,1.2228553211770719,3.577716827392578,0.13857406377792358
1998-09-09,BUDUDA,1.0498430399816607,2.6157069206237793,0.3749403655529022
1998-09-09,MBALE,0.7498450099046882,8.490324020385742,0.13857406377792358
1998-09-09,MBALE,0.7048475385840874,1.1107161045074463,0.6470965147018433
1998-09-10,SIRONKO,5.189236700556459,16.78598976135254,2.0251734256744385
1998-09-10,BULAMBULI,9.887828527728002,21.192365646362305,1.5926014184951782
1998-09-10,BUKWO,3.6309451152963286,11.374622344970703,0.0
1998-09-10,BUTALEJA,3.1408821713442068,6.05642557144165,0.7936716675758362
1998-09-10,KWEEN,2.4611812289640227,13.208414077758789,0.0
1998-09-10,KAPCHORWA,12.694094672504995,21.192365646362305,3.139890432357788
1998-09-10,MANAFWA,4.542522186143214,8.821211814880371,0.5912588238716125
1998-09-10,BUDUDA,4.529809846000032,10.14962387084961,2.2960495948791504
1998-09-10,MBALE,1.8036053679330442,4.7320780754089355,0.5912588238716125
1998-09-10,MBALE,1.19074087453519,1.7658742666244507,1.1361923217773438
1998-09-11,SIRONKO,2.549432231729382,11.219087600708008,0.0
1998-09-11,BULAMBULI,5.959643598690509,19.539873123168945,0.0
1998-09-11,BUKWO,7.324335920557442,14.544090270996094,0.0
1998-09-11,BUTALEJA,0.02642890245688692,0.37248244881629944,0.0
1998-09-11,KWEEN,6.859941675913623,15.265563011169434,0.0
1998-09-11,KAPCHORWA,11.885764349329852,19.539873123168945,1.9414305686950684
1998-09-11,MANAFWA,0.9321562947481793,5.496812343597412,0.15764938294887543
1998-09-11,BUDUDA,2.93435112190369,5.527799606323242,1.1182591915130615
1998-09-11,MBALE,0.6273700938594583,1.660811424255371,0.0
1998-09-11,MBALE,0.25708295590491437,0.6276851296424866,0.009334906004369259
1998-09-12,SIRONKO,5.169082560438133,13.213797569274902,1.681117296218872
1998-09-12,BULAMBULI,5.8848860349432,25.439388275146484,0.0
1998-09-12,BUKWO,6.076278724948857,25.439388275146484,0.0
1998-09-12,BUTALEJA,3.0740763391323505,5.576441764831543,0.525082528591156
1998-09-12,KWEEN,3.49331453918729,26.92987060546875,0.0
1998-09-12,KAPCHORWA,7.033833581806406,26.92987060546875,0.09849309921264648
1998-09-12,MANAFWA,2.791922059993653,8.403887748718262,0.5864068269729614
1998-09-12,BUDUDA,7.2688615214666745,11.039538383483887,2.9366562366485596
1998-09-12,MBALE,4.633468879653558,8.403887748718262,0.4405049979686737
1998-09-12,MBALE,4.371190619554311,5.289280414581299,4.268630027770996
1998-09-13,SIRONKO,10.59380841672176,21.265119552612305,2.5774290561676025
1998-09-13,BULAMBULI,8.531649650816522,23.006343841552734,0.0
1998-09-13,BUKWO,7.0786138330193324,19.500022888183594,0.0
1998-09-13,BUTALEJA,5.65333210869254,19.008665084838867,0.4410552382469177
1998-09-13,KWEEN,2.949460762516631,19.500022888183594,0.0
1998-09-13,KAPCHORWA,7.850245060981728,23.006343841552734,2.5820648670196533
1998-09-13,MANAFWA,2.2783710955537266,8.975640296936035,0.8324601650238037
1998-09-13,BUDUDA,6.8539524628330275,12.296769142150879,2.350031852722168
1998-09-13,MBALE,5.523752241831336,16.096193313598633,0.35005250573158264
1998-09-13,MBALE,5.912072134609515,8.130690574645996,5.5972723960876465
1998-09-14,SIRONKO,1.824460300282965,9.245532989501953,0.027093855664134026
1998-09-14,BULAMBULI,2.3453793653148844,11.721302032470703,0.0
1998-09-14,BUKWO,2.000287106475391,8.112774848937988,0.0
1998-09-14,BUTALEJA,1.0773852566282462,3.83038330078125,0.0884905606508255
1998-09-14,KWEEN,0.19974820954139405,6.483616828918457,0.0
1998-09-14,KAPCHORWA,1.505858983291198,7.000984191894531,0.0
1998-09-14,MANAFWA,0.5816778774371545,2.4394891262054443,0.041617609560489655
1998-09-14,BUDUDA,2.3545833751702223,8.141226768493652,0.2521975040435791
1998-09-14,MBALE,0.484445697048459,1.5609813928604126,0.027093855664134026
1998-09-14,MBALE,0.26911733729063664,0.5038385391235352,0.06999187171459198
1998-09-15,SIRONKO,10.685419416482272,23.917322158813477,3.305873394012451
1998-09-15,BULAMBULI,13.845672459849602,23.917322158813477,0.0
1998-09-15,BUKWO,19.413043676875503,32.346614837646484,0.0
1998-09-15,BUTALEJA,2.1054386245731718,4.438232898712158,0.3627949357032776
1998-09-15,KWEEN,9.642514831096294,21.962289810180664,0.0
1998-09-15,KAPCHORWA,11.048759905359317,23.015979766845703,5.554964542388916
1998-09-15,MANAFWA,2.9346356235663995,5.998887538909912,1.5136975049972534
1998-09-15,BUDUDA,6.819236544828775,12.876422882080078,2.310488224029541
1998-09-15,MBALE,3.0374918542688865,8.301857948303223,0.35160017013549805
1998-09-15,MBALE,2.5356816466322454,3.8469297885894775,2.3501474857330322
1998-09-16,SIRONKO,13.25139146108479,25.325593948364258,2.695507526397705
1998-09-16,BULAMBULI,10.33193699580783,29.169845581054688,0.03838180750608444
1998-09-16,BUKWO,2.622672157278848,28.21403694152832,0.0
1998-09-16,BUTALEJA,2.8712575240093954,13.884416580200195,0.34897682070732117
1998-09-16,KWEEN,10.384007855118554,28.261587142944336,0.0
1998-09-16,KAPCHORWA,9.993294881611329,29.169845581054688,0.0
1998-09-16,MANAFWA,9.110172032306439,18.975324630737305,3.795452356338501
1998-09-16,BUDUDA,14.47500665132193,20.713226318359375,6.792928218841553
1998-09-16,MBALE,9.449797760257784,15.322185516357422,2.695507526397705
1998-09-16,MBALE,5.433368401514951,8.683310508728027,3.0440027713775635
1998-09-17,SIRONKO,4.3319821622813715,8.467072486877441,1.5803877115249634
1998-09-17,BULAMBULI,11.10658385197625,36.53947830200195,0.13119709491729736
1998-09-17,BUKWO,0.5249437664899635,7.806811809539795,0.0
1998-09-17,BUTALEJA,0.34660009564843686,7.113876819610596,0.0
1998-09-17,KWEEN,10.769527528802051,36.53947830200195,0.0
1998-09-17,KAPCHORWA,5.0366551784207765,21.73335838317871,0.0
1998-09-17,MANAFWA,5.788137024262506,9.081610679626465,2.7284128665924072
1998-09-17,BUDUDA,6.503769343835344,13.550300598144531,3.307608127593994
1998-09-17,MBALE,6.0856167869162645,14.00020980834961,0.1170586571097374
1998-09-17,MBALE,5.323241472555615,7.535632610321045,2.6099791526794434
1998-09-18,SIRONKO,33.0278703651953,77.99893188476562,3.073129653930664
1998-09-18,BULAMBULI,38.337249044704116,84.59933471679688,0.37838035821914673
1998-09-18,BUKWO,0.48567961958193745,10.570528030395508,0.0
1998-09-18,BUTALEJA,5.654308669232241,37.42356491088867,0.2623433768749237
1998-09-18,KWEEN,6.736571057361226,31.20326805114746,0.0
1998-09-18,KAPCHORWA,24.822099125239948,84.59933471679688,0.0
1998-09-18,MANAFWA,7.34840784597187,16.68410301208496,0.02298429235816002
1998-09-18,BUDUDA,9.555736792134407,19.672832489013672,1.4551316499710083
1998-09-18,MBALE,15.96800605505012,33.53034591674805,4.038767337799072
1998-09-18,MBALE,20.498034272986303,29.861408233642578,20.264726638793945
1998-09-19,SIRONKO,10.566427511357684,25.20686149597168,2.3485615253448486
1998-09-19,BULAMBULI,12.510345336737876,29.984289169311523,0.0
1998-09-19,BUKWO,1.6072249746356977,21.40774154663086,0.0
1998-09-19,BUTALEJA,12.989011249446781,25.395870208740234,4.668877601623535
1998-09-19,KWEEN,1.6869445165807495,21.40774154663086,0.0
1998-09-19,KAPCHORWA,6.753045913018154,22.62911033630371,0.0
1998-09-19,MANAFWA,10.742235377408816,27.140289306640625,4.92907190322876
1998-09-19,BUDUDA,14.027428320895567,25.20686149597168,7.843907356262207
1998-09-19,MBALE,11.458629771622453,20.619461059570312,2.292177438735962
1998-09-19,MBALE,7.5246815496980854,12.92567253112793,2.6761393547058105
1998-09-20,SIRONKO,0.8041686979742956,2.0779831409454346,0.14334489405155182
1998-09-20,BULAMBULI,0.7864812370382994,4.1880292892456055,0.0
1998-09-20,BUKWO,0.11620345084144736,4.1880292892456055,0.0
1998-09-20,BUTALEJA,6.124712195355697,12.325369834899902,0.10349965840578079
1998-09-20,KWEEN,0.1383115838087641,4.1880292892456055,0.0
1998-09-20,KAPCHORWA,0.264183450773914,4.1880292892456055,0.0
1998-09-20,MANAFWA,0.9128321926492202,7.254344463348389,0.06454741954803467
1998-09-20,BUDUDA,0.829848127906144,1.6870466470718384,0.38856926560401917
1998-09-20,MBALE,0.9005116686389957,7.993034362792969,0.10117942094802856
1998-09-20,MBALE,1.052377662017888,2.6605756282806396,0.2442534863948822
1998-09-21,SIRONKO,0.8105103346802506,2.2918620109558105,0.17716439068317413
1998-09-21,BULAMBULI,7.734054998760014,26.85542869567871,0.17716439068317413
1998-09-21,BUKWO,2.0757161460733764,4.417638778686523,0.9188510179519653
1998-09-21,BUTALEJA,1.3055122872489107,2.8614392280578613,0.3583148717880249
1998-09-21,KWEEN,6.198810637310404,26.85542869567871,0.17716439068317413
1998-09-21,KAPCHORWA,8.716911518622863,17.833881378173828,0.9122007489204407
1998-09-21,MANAFWA,1.7881027388817494,3.861520767211914,0.5498127341270447
1998-09-21,BUDUDA,1.252708710372629,1.8684509992599487,0.17716439068317413
1998-09-21,MBALE,1.1587143081503137,2.7675652503967285,0.18452869355678558
1998-09-21,MBALE,0.48541494077992825,0.7886420488357544,0.18452869355678558
1998-09-22,SIRONKO,8.891504413813529,21.241838455200195,4.84868860244751
1998-09-22,BULAMBULI,20.69266533426327,44.65976333618164,6.669255256652832
1998-09-22,BUKWO,18.51778648150425,32.415855407714844,6.972545623779297
1998-09-22,BUTALEJA,0.430698199126663,1.6347625255584717,0.11592638492584229
1998-09-22,KWEEN,17.801613454399096,43.43482208251953,6.669255256652832
1998-09-22,KAPCHORWA,28.630802204338014,44.65976333618164,15.865218162536621
1998-09-22,MANAFWA,5.786167538617851,10.797505378723145,1.4222642183303833
1998-09-22,BUDUDA,8.533618679347871,13.898205757141113,2.652604341506958
1998-09-22,MBALE,3.071268360392389,8.444077491760254,0.3603425621986389
1998-09-22,MBALE,2.354348232300111,3.510188102722168,1.0919888019561768
1998-09-23,SIRONKO,2.9355238336787584,8.341103553771973,1.0228335857391357
1998-09-23,BULAMBULI,1.9997686593548116,6.485714435577393,0.0
1998-09-23,BUKWO,8.963167926405477,30.164356231689453,0.3941679894924164
1998-09-23,BUTALEJA,0.8132038386969117,6.512426376342773,0.014829873107373714
1998-09-23,KWEEN,1.1628697866843982,10.899256706237793,0.0
1998-09-23,KAPCHORWA,3.1163313276260096,6.904922962188721,0.22213415801525116
1998-09-23,MANAFWA,4.43616616292113,11.334871292114258,1.1604112386703491
1998-09-23,BUDUDA,3.304718807441135,4.36875581741333,1.0228335857391357
1998-09-23,MBALE,4.408605289313046,8.44491195678711,1.1604112386703491
1998-09-23,MBALE,4.378825736014702,5.282512664794922,2.945162534713745
1998-09-24,SIRONKO,3.0679663800478147,7.585647106170654,1.680770993232727
1998-09-24,BULAMBULI,12.855217210487071,31.09153175354004,1.9355158805847168
1998-09-24,BUKWO,1.457061637973209,5.839567184448242,0.02108658291399479
1998-09-24,BUTALEJA,2.868184536602861,13.658422470092773,1.0547820329666138
1998-09-24,KWEEN,4.5068881902743145,15.184289932250977,0.9275498390197754
1998-09-24,KAPCHORWA,8.83278650557414,15.676704406738281,2.244875907897949
1998-09-24,MANAFWA,4.836034065073361,8.04232120513916,1.9674038887023926
1998-09-24,BUDUDA,2.937642973911219,4.682286262512207,1.711942195892334
1998-09-24,MBALE,3.3674072518481597,4.97008752822876,1.3175854682922363
1998-09-24,MBALE,2.333367550797296,2.9254672527313232,1.3175854682922363
1998-09-25,SIRONKO,8.024557043657982,23.05652618408203,0.6751931309700012
1998-09-25,BULAMBULI,14.797457579341733,32.063053131103516,0.6751931309700012
1998-09-25,BUKWO,9.994316953203688,19.114728927612305,0.7614250779151917
1998-09-25,BUTALEJA,6.904148338125371,12.844623565673828,0.5010716319084167
1998-09-25,KWEEN,9.680281590428086,19.610502243041992,0.6751931309700012
1998-09-25,KAPCHORWA,19.14189144136407,32.063053131103516,3.340345621109009
1998-09-25,MANAFWA,1.2908838242053795,2.8406667709350586,0.544883131980896
1998-09-25,BUDUDA,1.8165264334019977,2.8406667709350586,0.361410528421402
1998-09-25,MBALE,2.141446872679746,12.183405876159668,0.5010716319084167
1998-09-25,MBALE,2.294627015015832,3.5261597633361816,0.8643086552619934
1998-09-26,SIRONKO,2.612967593954108,4.556005954742432,1.3550127744674683
1998-09-26,BULAMBULI,4.203160189177134,10.50310230255127,0.8688924312591553
1998-09-26,BUKWO,7.252558532634144,10.83224868774414,2.3582704067230225
1998-09-26,BUTALEJA,2.2009601245916697,8.072274208068848,0.6137346625328064
1998-09-26,KWEEN,6.41787711810579,16.379432678222656,1.888864278793335
1998-09-26,KAPCHORWA,6.851739414431288,10.50310230255127,1.993091106414795
1998-09-26,MANAFWA,2.3345008871062727,4.538071155548096,0.46715325117111206
1998-09-26,BUDUDA,3.312624142618112,4.217641353607178,1.3575276136398315
1998-09-26,MBALE,1.9272900896162546,4.217641353607178,0.526238739490509
1998-09-26,MBALE,1.872886933670922,2.619333028793335,1.1676853895187378
1998-09-27,SIRONKO,4.238274617798179,9.697626113891602,0.37212449312210083
1998-09-27,BULAMBULI,11.059311393191265,23.108388900756836,0.37212449312210083
1998-09-27,BUKWO,2.067700144999751,4.670661449432373,0.15017162263393402
1998-09-27,BUTALEJA,3.175318510739534,12.218879699707031,0.6046257019042969
1998-09-27,KWEEN,1.526471318326934,9.70940113067627,0.197195366024971
1998-09-27,KAPCHORWA,10.349236407682723,19.35912322998047,1.1398234367370605
1998-09-27,MANAFWA,0.8033547093088603,2.675280809402466,0.08204770088195801
1998-09-27,BUDUDA,1.9822953288344558,4.042805194854736,0.1698441207408905
1998-09-27,MBALE,1.0442033520425111,4.042805194854736,0.1534501314163208
1998-09-27,MBALE,1.511780551726858,2.560140371322632,0.8742316961288452
1998-09-28,SIRONKO,0.4666476466112521,2.93472957611084,0.0
1998-09-28,BULAMBULI,1.3870509722149087,4.024774551391602,0.0
1998-09-28,BUKWO,0.9883841382048921,3.277674674987793,0.06606319546699524
1998-09-28,BUTALEJA,0.035817248967101804,0.23476313054561615,0.0
1998-09-28,KWEEN,2.665399299632728,12.987624168395996,0.5874257683753967
1998-09-28,KAPCHORWA,2.0321402971077687,3.9992237091064453,0.4927250146865845
1998-09-28,MANAFWA,2.204295389436327,6.395667552947998,0.04182494059205055
1998-09-28,BUDUDA,3.08118537480976,6.395667552947998,0.7315497994422913
1998-09-28,MBALE,0.38923082485815896,2.635282039642334,0.04182494059205055
1998-09-28,MBALE,0.21401505519849118,0.22815725207328796,0.10744431614875793
1998-09-29,SIRONKO,0.3621616597884547,1.1240853071212769,0.07618137449026108
1998-09-29,BULAMBULI,1.5834689890878468,4.03632926940918,0.4237792491912842
1998-09-29,BUKWO,0.5655100984526786,2.0381252765655518,0.08110935240983963
1998-09-29,BUTALEJA,0.5277205858687971,1.2055485248565674,0.12244535982608795
1998-09-29,KWEEN,2.611088703569015,16.54401206970215,0.3741495907306671
1998-09-29,KAPCHORWA,2.482185641704134,3.5426008701324463,0.6337249875068665
1998-09-29,MANAFWA,3.6933342812852197,7.030029296875,1.059282898902893
1998-09-29,BUDUDA,1.2700259633568909,4.689640045166016,0.261913925409317
1998-09-29,MBALE,0.5461961541362358,1.7000395059585571,0.07618137449026108
1998-09-29,MBALE,0.25620612099285106,0.44264164566993713,0.10523301362991333
1998-09-30,SIRONKO,4.028808559306953,7.297436237335205,1.8303148746490479
1998-09-30,BULAMBULI,11.476808568423307,18.854534149169922,3.9438557624816895
1998-09-30,BUKWO,7.023698612659252,15.486464500427246,3.153747797012329
1998-09-30,BUTALEJA,1.3890605999849113,3.7106122970581055,0.7419401407241821
1998-09-30,KWEEN,8.653884526758967,18.261964797973633,2.4825809001922607
1998-09-30,KAPCHORWA,12.280119726631545,18.854534149169922,4.387396812438965
1998-09-30,MANAFWA,3.19635922987769,6.5479865074157715,0.9701066613197327
1998-09-30,BUDUDA,5.582608489820799,7.8352861404418945,2.6038715839385986
1998-09-30,MBALE,2.201008599773683,6.436942100524902,0.7419401407241821
1998-09-30,MBALE,2.6344322513568805,4.097905158996582,1.8716737031936646
1998-10-01,SIRONKO,4.359660548890081,13.275623321533203,1.5541309118270874
1998-10-01,BULAMBULI,4.295488636028564,13.275623321533203,0.7371359467506409
1998-10-01,BUKWO,4.205914054468494,8.412081718444824,1.6091303825378418
1998-10-01,BUTALEJA,3.0881606891645426,5.492810249328613,1.3642817735671997
1998-10-01,KWEEN,3.797956221507598,10.262495040893555,1.6146605014801025
1998-10-01,KAPCHORWA,5.4782366110600424,9.3878755569458,2.588996410369873
1998-10-01,MANAFWA,2.647572710885634,7.3063201904296875,0.3640274107456207
1998-10-01,BUDUDA,4.905248393760216,13.275623321533203,2.569385290145874
1998-10-01,MBALE,2.733409616186862,4.433375358581543,0.6762992143630981
1998-10-01,MBALE,3.1537898267518063,4.040528297424316,3.087744951248169
1998-10-02,SIRONKO,2.3556057191712667,5.051881313323975,0.9757541418075562
1998-10-02,BULAMBULI,5.859192338051216,10.259422302246094,1.1544326543807983
1998-10-02,BUKWO,3.5118988848405164,6.403452396392822,1.285000205039978
1998-10-02,BUTALEJA,1.632384836697202,4.531523704528809,0.619236171245575
1998-10-02,KWEEN,5.2741934419836625,9.722418785095215,1.5778731107711792
1998-10-02,KAPCHORWA,6.950179148233602,10.13753890991211,2.868533134460449
1998-10-02,MANAFWA,1.0389684908494177,4.247702121734619,0.08550606667995453
1998-10-02,BUDUDA,1.8394406668632437,3.4635913372039795,1.0775277614593506
1998-10-02,MBALE,1.0767264782450718,2.331801652908325,0.15164607763290405
1998-10-02,MBALE,1.1627367348539412,2.1820805072784424,0.752801239490509
1998-10-03,SIRONKO,3.4067263112111243,10.262845993041992,0.6462646722793579
1998-10-03,BULAMBULI,4.73168786052154,12.799921989440918,0.4715176820755005
1998-10-03,BUKWO,5.582140898177503,11.832796096801758,3.02284574508667
1998-10-03,BUTALEJA,0.8926455901775008,1.842496395111084,0.05858699604868889
1998-10-03,KWEEN,7.646524234240516,11.832796096801758,1.8906952142715454
1998-10-03,KAPCHORWA,8.165054102673013,12.799921989440918,3.7903640270233154
1998-10-03,MANAFWA,1.2205288057570818,4.15792989730835,0.10524105280637741
1998-10-03,BUDUDA,3.2686464200445466,10.262845993041992,1.582695484161377
1998-10-03,MBALE,1.322736032197078,3.323756456375122,0.23000240325927734
1998-10-03,MBALE,1.1767087472718876,1.8560549020767212,0.8855273723602295
1998-10-04,SIRONKO,2.7918777192387068,13.71854019165039,0.19185712933540344
1998-10-04,BULAMBULI,8.258476910848826,18.84637451171875,1.7238638401031494
1998-10-04,BUKWO,7.073313828036407,17.63214683532715,1.2152262926101685
1998-10-04,BUTALEJA,0.1469195517907752,1.543911337852478,0.0
1998-10-04,KWEEN,9.515509940054653,18.67523765563965,2.120162010192871
1998-10-04,KAPCHORWA,14.025321482161305,18.84637451171875,5.876457214355469
1998-10-04,MANAFWA,0.9003989369395035,6.668765544891357,0.007232561707496643
1998-10-04,BUDUDA,2.8100150122581784,13.71854019165039,0.4007396101951599
1998-10-04,MBALE,0.15799370726950737,1.0845940113067627,0.0
1998-10-04,MBALE,0.08257673967202778,0.22808799147605896,0.0
1998-10-05,SIRONKO,5.069283771141406,9.474523544311523,1.9156854152679443
1998-10-05,BULAMBULI,6.2107209409266035,11.319670677185059,2.951699733734131
1998-10-05,BUKWO,3.2659501213552695,9.952534675598145,0.6109548211097717
1998-10-05,BUTALEJA,4.892604936795695,10.012210845947266,1.9419727325439453
1998-10-05,KWEEN,3.5771031834067917,9.952534675598145,0.6109548211097717
1998-10-05,KAPCHORWA,6.746832146171396,11.319670677185059,3.83203387260437
1998-10-05,MANAFWA,2.0615973634503044,4.429026126861572,0.10645090043544769
1998-10-05,BUDUDA,3.383505183723255,8.67029857635498,1.781525731086731
1998-10-05,MBALE,3.6552882136909624,6.827345848083496,1.091484785079956
1998-10-05,MBALE,4.001592901575772,5.0400471687316895,3.6773931980133057
1998-10-06,SIRONKO,2.077722019552103,6.814510345458984,0.4810299277305603
1998-10-06,BULAMBULI,1.2855446549823815,4.89882230758667,0.0
1998-10-06,BUKWO,0.2638441767681761,2.8865325450897217,0.0
1998-10-06,BUTALEJA,0.8848032534746354,2.9923102855682373,0.020986836403608322
1998-10-06,KWEEN,0.3563726735454781,4.711569786071777,0.0
1998-10-06,KAPCHORWA,1.5886050328991632,4.8756632804870605,0.04778623580932617
1998-10-06,MANAFWA,5.507567144598708,11.425694465637207,0.42499205470085144
1998-10-06,BUDUDA,6.794899830382263,10.515748023986816,0.8341978192329407
1998-10-06,MBALE,1.4884031591424498,8.055323600769043,0.09420035034418106
1998-10-06,MBALE,1.0245019834667417,1.7828307151794434,0.5217787027359009
1998-10-07,SIRONKO,2.8777322656076216,5.478801250457764,0.9429698586463928
1998-10-07,BULAMBULI,4.338652375561357,9.706871032714844,0.2949264645576477
1998-10-07,BUKWO,4.6475096203086865,13.3909330368042,0.026318371295928955
1998-10-07,BUTALEJA,4.057257910405602,10.186521530151367,1.4840612411499023
1998-10-07,KWEEN,6.130745071707507,13.3909330368042,1.3731558322906494
1998-10-07,KAPCHORWA,7.995452346699106,10.570433616638184,3.0798327922821045
1998-10-07,MANAFWA,5.35586717091559,10.235090255737305,2.743091106414795
1998-10-07,BUDUDA,5.360716721489681,8.990192413330078,1.4977202415466309
1998-10-07,MBALE,4.569639125528061,8.990192413330078,1.4983054399490356
1998-10-07,MBALE,4.296533155472419,5.239582061767578,2.694096565246582
1998-10-08,SIRONKO,6.191366580451776,16.128063201904297,1.4503042697906494
1998-10-08,BULAMBULI,12.929809402642517,32.04102325439453,1.6070482730865479
1998-10-08,BUKWO,14.593382999620086,30.439254760742188,5.368946552276611
1998-10-08,BUTALEJA,0.31653070998979593,3.5668039321899414,0.0
1998-10-08,KWEEN,20.996836143755715,32.017005920410156,10.450912475585938
1998-10-08,KAPCHORWA,20.062873736663356,32.04102325439453,9.397168159484863
1998-10-08,MANAFWA,6.285801035893516,12.97566032409668,1.3165041208267212
1998-10-08,BUDUDA,9.878759864468192,16.128063201904297,5.690001487731934
1998-10-08,MBALE,3.084479128229885,7.846996784210205,0.47567468881607056
1998-10-08,MBALE,2.4325273643122207,3.5488243103027344,1.9373785257339478
1998-10-09,SIRONKO,18.926486397062842,32.868446350097656,13.589786529541016
1998-10-09,BULAMBULI,27.046562409403617,40.23689651489258,15.268719673156738
1998-10-09,BUKWO,13.301445380014309,26.365907669067383,9.476543426513672
1998-10-09,BUTALEJA,7.075800586797439,21.411270141601562,0.29454371333122253
1998-10-09,KWEEN,10.754029779222188,27.61763572692871,4.564826011657715
1998-10-09,KAPCHORWA,28.82971601039458,40.23689651489258,12.054238319396973
1998-10-09,MANAFWA,6.470985390870611,19.481321334838867,1.6410733461380005
1998-10-09,BUDUDA,19.160035671449265,24.028493881225586,9.438410758972168
1998-10-09,MBALE,14.364293745833292,24.048505783081055,2.833030939102173
1998-10-09,MBALE,18.3331785111734,23.958696365356445,16.300207138061523
1998-10-10,SIRONKO,3.0106978344420825,7.055282115936279,1.949339509010315
1998-10-10,BULAMBULI,4.730287019185578,13.877099990844727,1.1554076671600342
1998-10-10,BUKWO,3.071322799912781,5.228582382202148,0.45684486627578735
1998-10-10,BUTALEJA,2.3772914005155585,9.120373725891113,0.0
1998-10-10,KWEEN,2.823974030081655,8.745994567871094,0.18061216175556183
1998-10-10,KAPCHORWA,7.528374844780012,14.367423057556152,2.4773666858673096
1998-10-10,MANAFWA,2.518518923951555,7.977200984954834,0.43378686904907227
1998-10-10,BUDUDA,4.2446931880569325,9.13841438293457,1.2443913221359253
1998-10-10,MBALE,5.3374302862412115,9.13841438293457,2.152261257171631
1998-10-10,MBALE,4.838856672641307,6.2452073097229,3.7186179161071777
1998-10-11,SIRONKO,9.651766339058023,30.951915740966797,4.226550579071045
1998-10-11,BULAMBULI,20.96352608461588,41.39722442626953,4.606561660766602
1998-10-11,BUKWO,21.728703993757623,37.35319137573242,8.127038955688477
1998-10-11,BUTALEJA,2.818369744815608,10.475714683532715,0.028309274464845657
1998-10-11,KWEEN,23.277865838781885,41.39722442626953,5.532046318054199
1998-10-11,KAPCHORWA,24.93141126499137,41.39722442626953,16.142568588256836
1998-10-11,MANAFWA,11.260395601976606,25.089004516601562,0.9579254388809204
1998-10-11,BUDUDA,16.21103699305159,30.951915740966797,7.005150318145752
1998-10-11,MBALE,6.006262492015322,13.605332374572754,0.9579254388809204
1998-10-11,MBALE,8.527238447604676,11.680105209350586,8.219736099243164
1998-10-12,SIRONKO,2.47574832493055,13.636319160461426,0.8280584216117859
1998-10-12,BULAMBULI,5.621877187185101,15.998804092407227,0.8280584216117859
1998-10-12,BUKWO,3.515162190869452,10.741508483886719,0.16106712818145752
1998-10-12,BUTALEJA,8.398321670877579,21.768741607666016,1.3189396858215332
1998-10-12,KWEEN,5.779219497680886,13.636319160461426,1.7264912128448486
1998-10-12,KAPCHORWA,4.827127449686233,9.052166938781738,1.758813500404358
1998-10-12,MANAFWA,6.556920212598049,9.79174518585205,1.9595255851745605
1998-10-12,BUDUDA,6.9998404412993045,13.636319160461426,2.8866097927093506
1998-10-12,MBALE,2.8479152303190953,9.086874008178711,0.8318626284599304
1998-10-12,MBALE,3.1232897632852943,6.105405330657959,1.5747487545013428
1998-10-13,SIRONKO,2.9567441118011524,7.849239349365234,0.0
1998-10-13,BULAMBULI,2.1700915377984686,5.828740119934082,0.0018000270938500762
1998-10-13,BUKWO,0.7453268300954456,2.5787065029144287,0.0
1998-10-13,BUTALEJA,6.522959161424678,11.548468589782715,0.8279539346694946
1998-10-13,KWEEN,1.4684582484980269,3.8907923698425293,0.0
1998-10-13,KAPCHORWA,2.972747459674275,5.108182430267334,1.5105921030044556
1998-10-13,MANAFWA,8.387669274291934,13.483113288879395,3.7347142696380615
1998-10-13,BUDUDA,8.09697606970698,13.483113288879395,2.046597719192505
1998-10-13,MBALE,5.939380207765975,10.29203987121582,0.9555112719535828
1998-10-13,MBALE,5.842419155975826,8.936116218566895,4.573739528656006
1998-10-14,SIRONKO,17.5548049548941,40.1436653137207,2.935800552368164
1998-10-14,BULAMBULI,23.312532592911165,40.1436653137207,10.611842155456543
1998-10-14,BUKWO,14.287524117991172,25.023544311523438,6.396059989929199
1998-10-14,BUTALEJA,13.039496111602293,19.225053787231445,5.516293525695801
1998-10-14,KWEEN,17.21067912626885,29.365222930908203,7.959441184997559
1998-10-14,KAPCHORWA,20.201806215286986,31.797218322753906,13.834813117980957
1998-10-14,MANAFWA,7.0691935240618955,21.70783042907715,2.3584179878234863
1998-10-14,BUDUDA,20.335139408041616,40.1436653137207,6.59663724899292
1998-10-14,MBALE,7.298040793776035,14.334617614746094,2.3584179878234863
1998-10-14,MBALE,6.008029422766236,9.1294584274292,4.4184417724609375
1998-10-15,SIRONKO,14.524396960449971,37.878944396972656,3.174726724624634
1998-10-15,BULAMBULI,17.239430827297255,47.17729187011719,3.174726724624634
1998-10-15,BUKWO,12.539622763721468,31.59607696533203,6.873838901519775
1998-10-15,BUTALEJA,1.4520200120263786,13.734606742858887,0.1801091432571411
1998-10-15,KWEEN,15.448193935999385,39.480926513671875,1.398862600326538
1998-10-15,KAPCHORWA,27.373802246472096,47.17729187011719,11.280890464782715
1998-10-15,MANAFWA,13.38798618979049,61.9915771484375,2.0081946849823
1998-10-15,BUDUDA,35.87459460449525,61.9915771484375,8.948980331420898
1998-10-15,MBALE,14.671411534800193,61.9915771484375,3.1319849491119385
1998-10-15,MBALE,12.027496606588286,15.927887916564941,8.024332046508789
1998-10-16,SIRONKO,2.031391988882125,8.105372428894043,0.4994308352470398
1998-10-16,BULAMBULI,5.834821248666912,12.975030899047852,0.8454357981681824
1998-10-16,BUKWO,7.099579802052703,12.975030899047852,2.1224071979522705
1998-10-16,BUTALEJA,1.5392940739612821,4.325399398803711,0.232301726937294
1998-10-16,KWEEN,7.475265791048951,12.975030899047852,2.1346843242645264
1998-10-16,KAPCHORWA,8.920891614986527,12.975030899047852,5.663930416107178
1998-10-16,MANAFWA,4.19227929740983,8.261153221130371,2.2974960803985596
1998-10-16,BUDUDA,5.028253593014742,8.261153221130371,2.010807514190674
1998-10-16,MBALE,1.8624733869671395,4.039955139160156,0.6854009032249451
1998-10-16,MBALE,0.9866282730136786,1.6278375387191772,0.7908340096473694
1998-10-17,SIRONKO,11.203064105603858,31.470151901245117,2.480705738067627
1998-10-17,BULAMBULI,16.87421912605564,33.887847900390625,3.5714683532714844
1998-10-17,BUKWO,29.416838647640546,47.10697937011719,4.217864513397217
1998-10-17,BUTALEJA,5.474890803885167,13.73228645324707,1.7266281843185425
1998-10-17,KWEEN,15.293680539055845,44.7255973815918,2.915182113647461
1998-10-17,KAPCHORWA,25.395426246012065,37.257205963134766,9.717209815979004
1998-10-17,MANAFWA,14.891940993325013,27.590316772460938,7.782255172729492
1998-10-17,BUDUDA,20.27913584459148,31.470151901245117,11.178609848022461
1998-10-17,MBALE,12.12321583908863,25.68844985961914,4.925539016723633
1998-10-17,MBALE,10.439744683756688,14.945708274841309,9.87600040435791
1998-10-18,SIRONKO,2.674221952669326,9.241362571716309,1.232128620147705
1998-10-18,BULAMBULI,4.589440915960254,12.611701011657715,1.3212718963623047
1998-10-18,BUKWO,4.678934222905985,8.474543571472168,2.3076817989349365
1998-10-18,BUTALEJA,3.5750671924733814,6.7516350746154785,0.5456575155258179
1998-10-18,KWEEN,3.5391316447181835,8.474543571472168,1.1199774742126465
1998-10-18,KAPCHORWA,7.2873644910420925,12.611701011657715,2.2601537704467773
1998-10-18,MANAFWA,4.112791740338111,8.620712280273438,1.7518926858901978
1998-10-18,BUDUDA,2.9213495586375067,4.080031394958496,1.893442153930664
1998-10-18,MBALE,2.146168126888366,5.118199825286865,0.9144107699394226
1998-10-18,MBALE,1.1198785159660252,1.533166527748108,1.0662041902542114
1998-10-19,SIRONKO,3.6761782623915,8.919628143310547,0.34391939640045166
1998-10-19,BULAMBULI,1.9158589503485153,8.159963607788086,0.0
1998-10-19,BUKWO,1.287753377208241,4.247827529907227,0.0
1998-10-19,BUTALEJA,0.6419725235215984,2.9826598167419434,0.0
1998-10-19,KWEEN,0.7116442264288138,5.2323408126831055,0.0
1998-10-19,KAPCHORWA,2.1039502119545332,5.261650562286377,0.0
1998-10-19,MANAFWA,6.37323747121909,13.84982681274414,2.372087240219116
1998-10-19,BUDUDA,6.4226321730266,8.919628143310547,4.266784191131592
1998-10-19,MBALE,3.37545168456529,8.919628143310547,0.906912624835968
1998-10-19,MBALE,2.093131984794136,2.8813724517822266,2.012407064437866
1998-10-20,SIRONKO,0.7065894787434562,1.9159226417541504,0.11762219667434692
1998-10-20,BULAMBULI,0.7546423105070688,3.3085293769836426,0.0
1998-10-20,BUKWO,1.2504734165113978,4.31346321105957,0.0
1998-10-20,BUTALEJA,0.35221670109952824,3.4935810565948486,0.0
1998-10-20,KWEEN,0.9864178558518831,4.818936347961426,0.0
1998-10-20,KAPCHORWA,1.894726531988012,4.818936347961426,0.2690752148628235
1998-10-20,MANAFWA,0.815284523063551,2.2913026809692383,0.048596907407045364
1998-10-20,BUDUDA,1.5614636461709976,2.2070839405059814,0.47396957874298096
1998-10-20,MBALE,0.680671116851393,1.6889704465866089,0.048596907407045364
1998-10-20,MBALE,0.7780730934206115,1.3109074831008911,0.7026306390762329
1998-10-21,SIRONKO,2.6063815237571903,6.72592306137085,0.9538386464118958
1998-10-21,BULAMBULI,2.8163776002049175,9.885400772094727,0.0
1998-10-21,BUKWO,2.9247053431826506,9.667376518249512,0.0
1998-10-21,BUTALEJA,3.902433094154788,8.80821418762207,0.8188294172286987
1998-10-21,KWEEN,2.8894163086416866,11.928616523742676,0.0
1998-10-21,KAPCHORWA,5.483783144337175,11.928616523742676,0.0
1998-10-21,MANAFWA,1.1579476176188335,2.495882272720337,0.27597272396087646
1998-10-21,BUDUDA,2.1824965895631734,4.980770587921143,0.8098444938659668
1998-10-21,MBALE,1.6643545568037668,3.0760810375213623,0.27597272396087646
1998-10-21,MBALE,1.193659317763927,1.8336261510849,0.7737056612968445
1998-10-22,SIRONKO,7.19464151041478,12.480745315551758,1.9415072202682495
1998-10-22,BULAMBULI,5.1588858496354595,11.840937614440918,0.031272970139980316
1998-10-22,BUKWO,1.2931125120779507,6.30717134475708,0.0
1998-10-22,BUTALEJA,2.171832674751095,3.431636095046997,1.1013336181640625
1998-10-22,KWEEN,2.791622896387265,6.30717134475708,0.04906125366687775
1998-10-22,KAPCHORWA,5.852430733812656,8.789813041687012,3.0939207077026367
1998-10-22,MANAFWA,1.7100211048866065,4.309813022613525,0.9973621368408203
1998-10-22,BUDUDA,2.525456789596418,6.403846263885498,1.2109918594360352
1998-10-22,MBALE,2.64283893219327,6.4649553298950195,1.2978622913360596
1998-10-22,MBALE,2.197443171922109,2.6655972003936768,2.128528594970703
1998-10-23,SIRONKO,13.666587610843242,21.047714233398438,7.833246231079102
1998-10-23,BULAMBULI,12.342104832837267,21.047714233398438,4.06467342376709
1998-10-23,BUKWO,19.75901797858908,37.98721694946289,10.072733879089355
1998-10-23,BUTALEJA,1.9333426276133086,3.370267629623413,0.7541175484657288
1998-10-23,KWEEN,18.090548440845502,41.046939849853516,4.843555450439453
1998-10-23,KAPCHORWA,15.751189899585988,20.42430877685547,9.523109436035156
1998-10-23,MANAFWA,8.695578053579318,19.15011978149414,2.0560524463653564
1998-10-23,BUDUDA,10.118938757587483,18.588945388793945,4.547831058502197
1998-10-23,MBALE,6.46411253977226,15.27859115600586,1.8947383165359497
1998-10-23,MBALE,4.832878747408273,7.986439228057861,3.2678446769714355
1998-10-24,SIRONKO,10.087012736067893,17.632816314697266,5.087758541107178
1998-10-24,BULAMBULI,15.405497824553098,25.970924377441406,3.3117780685424805
1998-10-24,BUKWO,15.770018843220418,21.756643295288086,8.954894065856934
1998-10-24,BUTALEJA,13.881018268886612,23.624813079833984,4.882940769195557
1998-10-24,KWEEN,12.446082399283911,25.474279403686523,4.932694435119629
1998-10-24,KAPCHORWA,11.907373915153851,24.631956100463867,3.9937009811401367
1998-10-24,MANAFWA,5.144992190718994,13.016467094421387,1.5013266801834106
1998-10-24,BUDUDA,6.537445724172813,17.632816314697266,2.0715413093566895
1998-10-24,MBALE,8.339921577879783,11.710678100585938,2.871293544769287
1998-10-24,MBALE,8.334612494078563,10.340171813964844,8.023880958557129
1998-10-25,SIRONKO,7.930083243550154,20.43647575378418,2.3295822143554688
1998-10-25,BULAMBULI,12.897901734210642,20.43647575378418,4.140413284301758
1998-10-25,BUKWO,8.604713342682908,20.10553741455078,1.129675030708313
1998-10-25,BUTALEJA,3.1120590598970974,11.619616508483887,0.38441357016563416
1998-10-25,KWEEN,8.244630835843976,20.10553741455078,1.4217405319213867
1998-10-25,KAPCHORWA,14.682634608341898,20.10553741455078,7.272538185119629
1998-10-25,MANAFWA,2.2093874644907707,11.181225776672363,0.13529527187347412
1998-10-25,BUDUDA,4.167181125560344,15.231371879577637,1.5511544942855835
1998-10-25,MBALE,1.5554066561307027,5.383481979370117,0.1560608297586441
1998-10-25,MBALE,1.5696503104939399,2.6903321743011475,1.412203311920166
1998-10-26,SIRONKO,7.656980293247326,17.333480834960938,2.8815267086029053
1998-10-26,BULAMBULI,5.881921084044511,17.333480834960938,0.20403875410556793
1998-10-26,BUKWO,1.3643465542438928,6.402407646179199,0.1433192938566208
1998-10-26,BUTALEJA,3.5511482231806526,7.549885272979736,1.3622111082077026
1998-10-26,KWEEN,4.585126126236686,9.486146926879883,0.3579351305961609
1998-10-26,KAPCHORWA,6.023666241641779,14.933788299560547,2.0052008628845215
1998-10-26,MANAFWA,3.5559743195262823,5.77017879486084,1.6477701663970947
1998-10-26,BUDUDA,4.316306157894796,7.807547569274902,2.4053573608398438
1998-10-26,MBALE,5.974833577903459,9.717260360717773,2.268089771270752
1998-10-26,MBALE,6.18594463222602,8.230317115783691,4.556410789489746
1998-10-27,SIRONKO,1.189277081501406,3.6118719577789307,0.5117504596710205
1998-10-27,BULAMBULI,2.009314817258048,5.358834743499756,0.26322272419929504
1998-10-27,BUKWO,3.848122108105333,8.557897567749023,0.6438979506492615
1998-10-27,BUTALEJA,0.3822980266073671,1.316312551498413,0.02766457200050354
1998-10-27,KWEEN,4.015864355049148,8.567253112792969,0.6457161903381348
1998-10-27,KAPCHORWA,1.9127817774082145,4.640318393707275,0.6913322806358337
1998-10-27,MANAFWA,1.8085538492113047,3.9220452308654785,0.6543959975242615
1998-10-27,BUDUDA,1.3786777909054113,2.096266031265259,0.960582971572876
1998-10-27,MBALE,1.1293419270235163,2.096266031265259,0.3721560835838318
1998-10-27,MBALE,0.8340883849105376,1.1953564882278442,0.6220928430557251
1998-10-28,SIRONKO,3.0798287800292328,6.350651264190674,0.8703665733337402
1998-10-28,BULAMBULI,2.0341174656051684,7.336440563201904,0.0
1998-10-28,BUKWO,2.2092545857625407,7.039157390594482,0.31523239612579346
1998-10-28,BUTALEJA,1.4383299430308627,5.758349418640137,0.18743056058883667
1998-10-28,KWEEN,1.9575918768220095,7.039157390594482,0.0
1998-10-28,KAPCHORWA,2.5997097676601575,7.336440563201904,0.10687150061130524
1998-10-28,MANAFWA,1.8751404715055564,4.907246112823486,1.0204710960388184
1998-10-28,BUDUDA,3.0380682237201837,5.48591423034668,0.8703665733337402
1998-10-28,MBALE,3.6144710960753588,5.758349418640137,1.1247477531433105
1998-10-28,MBALE,3.1417830804964315,3.346451997756958,2.0552077293395996
1998-10-29,SIRONKO,1.506274763755988,3.1399199962615967,0.43404698371887207
1998-10-29,BULAMBULI,2.8582869599082996,6.100480556488037,0.43404698371887207
1998-10-29,BUKWO,0.9218606825775584,3.2095589637756348,0.0
1998-10-29,BUTALEJA,0.6290385598695455,3.0420217514038086,0.023310251533985138
1998-10-29,KWEEN,1.7331604406938013,3.2095589637756348,0.22134600579738617
1998-10-29,KAPCHORWA,2.9446407701203308,5.125007629394531,0.514663577079773
1998-10-29,MANAFWA,3.083874526547707,5.58836555480957,1.601419448852539
1998-10-29,BUDUDA,2.3366532923100953,4.058270454406738,0.43404698371887207
1998-10-29,MBALE,2.011769677397653,4.058270454406738,0.5181701183319092
1998-10-29,MBALE,1.6650334649758523,1.9305856227874756,1.4848824739456177
1998-10-30,SIRONKO,2.776682900512061,6.452818870544434,0.17811761796474457
1998-10-30,BULAMBULI,2.620460906357444,7.232384204864502,0.0
1998-10-30,BUKWO,1.4437076400468478,4.203074932098389,0.5366857647895813
1998-10-30,BUTALEJA,4.666028081915306,13.313436508178711,0.7556015253067017
1998-10-30,KWEEN,1.108268313336649,4.080460548400879,0.1034790426492691
1998-10-30,KAPCHORWA,2.406223714869172,6.4406208992004395,0.3999646008014679
1998-10-30,MANAFWA,1.6820125474841114,6.0229268074035645,0.548434317111969
1998-10-30,BUDUDA,4.110429033956213,7.443567276000977,2.356152296066284
1998-10-30,MBALE,3.289645945509428,7.443567276000977,0.5599474310874939
1998-10-30,MBALE,2.5466787785126264,3.58377742767334,1.4037842750549316
1998-10-31,SIRONKO,5.031920283239726,11.31762981414795,1.8687878847122192
1998-10-31,BULAMBULI,5.415740158725894,17.10406494140625,0.3102104365825653
1998-10-31,BUKWO,6.078124581562818,17.10406494140625,0.0
1998-10-31,BUTALEJA,3.0117921002350196,10.445351600646973,0.6751333475112915
1998-10-31,KWEEN,3.0490199641520026,17.10406494140625,0.0
1998-10-31,KAPCHORWA,6.5159560250223825,17.10406494140625,0.6996819376945496
1998-10-31,MANAFWA,9.520298528482096,15.35013484954834,5.184334754943848
1998-10-31,BUDUDA,8.205018982876048,11.505444526672363,4.739758014678955
1998-10-31,MBALE,5.316650686952314,11.505444526672363,1.8687878847122192
1998-10-31,MBALE,3.66590633561243,5.065545558929443,2.785240411758423
1998-11-01,SIRONKO,2.411649967570204,6.085493087768555,0.26466289162635803
1998-11-01,BULAMBULI,19.06110266871359,43.842063903808594,0.5628174543380737
1998-11-01,BUKWO,2.4956076679933474,9.986177444458008,0.0
1998-11-01,BUTALEJA,1.1847246981350243,8.965088844299316,0.0
1998-11-01,KWEEN,8.274136775971428,34.32359313964844,0.0
1998-11-01,KAPCHORWA,12.681262018045672,36.7901725769043,3.686663866043091
1998-11-01,MANAFWA,1.030359063159072,3.6132354736328125,0.006987913977354765
1998-11-01,BUDUDA,1.3096873735658698,3.272665023803711,0.235671728849411
1998-11-01,MBALE,0.5657738871909751,2.6046030521392822,8.441143436357379E-4
1998-11-01,MBALE,0.5540527480244248,1.3098528385162354,0.13078929483890533
1998-11-02,SIRONKO,11.623277740954952,30.372024536132812,1.8123753070831299
1998-11-02,BULAMBULI,14.540291216898638,50.68351745605469,0.0
1998-11-02,BUKWO,10.45013197342074,22.86052703857422,0.0
1998-11-02,BUTALEJA,18.96138843270974,41.7255973815918,0.0
1998-11-02,KWEEN,4.37336472155421,24.630748748779297,0.0
1998-11-02,KAPCHORWA,29.292403421795303,50.68351745605469,6.046633720397949
1998-11-02,MANAFWA,7.520692530716207,22.53154945373535,0.02102700248360634
1998-11-02,BUDUDA,15.224613272650812,30.372024536132812,1.0820858478546143
1998-11-02,MBALE,4.772041849379109,22.53154945373535,0.00832563266158104
1998-11-02,MBALE,3.638768546961897,4.7445244789123535,3.34393048286438
1998-11-03,SIRONKO,2.9356248970660994,5.9027276039123535,0.5942055583000183
1998-11-03,BULAMBULI,3.1731914575292053,10.196813583374023,0.0
1998-11-03,BUKWO,8.65592303176271,19.565166473388672,0.0
1998-11-03,BUTALEJA,1.1787133678959851,10.482436180114746,0.0
1998-11-03,KWEEN,7.1375787090069345,15.994281768798828,0.0
1998-11-03,KAPCHORWA,4.408429018027981,10.196813583374023,0.1834813505411148
1998-11-03,MANAFWA,10.825742485051945,29.174823760986328,0.017326589673757553
1998-11-03,BUDUDA,5.178229721004532,11.597297668457031,0.5942055583000183
1998-11-03,MBALE,7.298795983871211,17.176898956298828,0.030663566663861275
1998-11-03,MBALE,6.713188349714163,8.898359298706055,5.6726555824279785
1998-11-04,SIRONKO,7.748590472108009,22.936243057250977,1.223283052444458
1998-11-04,BULAMBULI,12.66133490107881,25.349857330322266,0.0
1998-11-04,BUKWO,5.481291835237785,21.410078048706055,0.0
1998-11-04,BUTALEJA,0.2076145204454455,1.4364086389541626,0.0
1998-11-04,KWEEN,7.220145664559912,36.03741455078125,0.0
1998-11-04,KAPCHORWA,19.495665826095156,36.03741455078125,4.772449970245361
1998-11-04,MANAFWA,5.125637894696251,15.482423782348633,0.010355032049119473
1998-11-04,BUDUDA,7.828791322216796,15.482423782348633,1.223283052444458
1998-11-04,MBALE,2.963209033228778,8.043926239013672,0.008583311922848225
1998-11-04,MBALE,1.8788192833205513,4.165752410888672,0.9893038272857666
1998-11-05,SIRONKO,1.7974625427543147,4.293564796447754,0.3509138524532318
1998-11-05,BULAMBULI,2.2285050311148344,6.472389221191406,0.0
1998-11-05,BUKWO,2.049590733077469,5.364620685577393,0.0
1998-11-05,BUTALEJA,4.461479741541655,13.209550857543945,0.0
1998-11-05,KWEEN,1.3913364735719613,8.294156074523926,0.0
1998-11-05,KAPCHORWA,4.405906673793024,10.342251777648926,0.38947367668151855
1998-11-05,MANAFWA,2.764800371038651,7.9029645919799805,0.010689792223274708
1998-11-05,BUDUDA,2.3710914154776743,4.045474529266357,0.3062417805194855
1998-11-05,MBALE,1.201646755101708,2.6097142696380615,0.002363520208746195
1998-11-05,MBALE,1.0307985003131532,1.5406794548034668,0.6519313454627991
1998-11-06,SIRONKO,8.113271609745508,17.160993576049805,0.6487747430801392
1998-11-06,BULAMBULI,4.92678836376571,17.160993576049805,0.0
1998-11-06,BUKWO,1.5529049420179646,10.002471923828125,0.0
1998-11-06,BUTALEJA,0.5031721503893736,4.776709079742432,0.0
1998-11-06,KWEEN,0.8762553080770948,11.304473876953125,0.0
1998-11-06,KAPCHORWA,2.4554049506206552,13.080824851989746,0.0
1998-11-06,MANAFWA,7.622613290595221,15.297172546386719,2.664581060409546
1998-11-06,BUDUDA,9.622880279036373,16.72450828552246,6.190518856048584
1998-11-06,MBALE,4.311070714187037,7.642111301422119,0.8426318764686584
1998-11-06,MBALE,3.3036147428033713,4.777801036834717,1.9454882144927979
1998-11-07,SIRONKO,8.752064211296373,19.11063003540039,4.682170867919922
1998-11-07,BULAMBULI,16.00626136303592,23.352161407470703,5.523698329925537
1998-11-07,BUKWO,9.38277683927481,29.7249813079834,0.13437150418758392
1998-11-07,BUTALEJA,13.976650872978052,24.009605407714844,8.299871444702148
1998-11-07,KWEEN,7.727741919012423,24.872406005859375,0.0
1998-11-07,KAPCHORWA,17.31375966876282,23.352161407470703,11.724225997924805
1998-11-07,MANAFWA,12.964424403521077,23.24264144897461,8.431089401245117
1998-11-07,BUDUDA,13.901012812375695,19.11063003540039,9.588653564453125
1998-11-07,MBALE,9.520018740694804,16.380037307739258,4.588779926300049
1998-11-07,MBALE,8.787875833053663,9.895881652832031,4.876447677612305
1998-11-08,SIRONKO,11.760565298236042,23.125986099243164,4.253427028656006
1998-11-08,BULAMBULI,8.402597097833622,23.125986099243164,0.03724772110581398
1998-11-08,BUKWO,4.5359871983665645,14.584692001342773,0.004749693442136049
1998-11-08,BUTALEJA,3.097450402184249,14.860859870910645,0.0
1998-11-08,KWEEN,3.799220105190498,22.16563606262207,0.0
1998-11-08,KAPCHORWA,6.715644605590926,17.74921417236328,2.4498047828674316
1998-11-08,MANAFWA,10.43959605177033,25.20494270324707,5.518490314483643
1998-11-08,BUDUDA,18.50734984591351,25.20494270324707,12.523727416992188
1998-11-08,MBALE,13.05094130127618,25.20494270324707,3.747849941253662
1998-11-08,MBALE,12.338816174486281,14.220535278320312,5.8066864013671875
1998-11-09,SIRONKO,6.014499539171611,9.936165809631348,3.07893705368042
1998-11-09,BULAMBULI,4.944915799429079,13.503403663635254,0.0
1998-11-09,BUKWO,2.919558976371641,8.425726890563965,0.011308439075946808
1998-11-09,BUTALEJA,3.617178847523061,9.033191680908203,1.3185070753097534
1998-11-09,KWEEN,1.2120718577963494,8.425726890563965,0.0
1998-11-09,KAPCHORWA,5.993360193007875,13.503403663635254,0.5361446738243103
1998-11-09,MANAFWA,0.9943430932893735,4.718478202819824,0.09324228018522263
1998-11-09,BUDUDA,3.98156269251658,6.466583251953125,1.7536466121673584
1998-11-09,MBALE,3.613199598296458,6.668548107147217,0.699048638343811
1998-11-09,MBALE,4.388110401620282,6.579370975494385,2.6163957118988037
1998-11-10,SIRONKO,6.286339637693221,12.638211250305176,2.5882346630096436
1998-11-10,BULAMBULI,8.437206519395533,13.487805366516113,2.0365798473358154
1998-11-10,BUKWO,2.7518204794807337,11.996732711791992,0.029847178608179092
1998-11-10,BUTALEJA,4.290109462646958,7.763301372528076,2.45255708694458
1998-11-10,KWEEN,2.2286941782129044,10.871782302856445,0.0
1998-11-10,KAPCHORWA,7.549541043054199,13.487805366516113,3.889258623123169
1998-11-10,MANAFWA,5.404834386106569,8.25954532623291,3.2826380729675293
1998-11-10,BUDUDA,7.808824496324129,9.739517211914062,6.396421909332275
1998-11-10,MBALE,5.787504720949456,8.361591339111328,2.136878252029419
1998-11-10,MBALE,4.455985512096742,5.79167366027832,2.266066551208496
1998-11-11,SIRONKO,18.867667768609394,45.778804779052734,3.21610164642334
1998-11-11,BULAMBULI,30.849207559480362,78.54239654541016,6.258042812347412
1998-11-11,BUKWO,57.73164474618602,90.75907897949219,14.917074203491211
1998-11-11,BUTALEJA,6.942448869120821,16.461000442504883,0.908025324344635
1998-11-11,KWEEN,41.844275716841764,88.5057144165039,8.035757064819336
1998-11-11,KAPCHORWA,46.7689062939856,78.54239654541016,16.740123748779297
1998-11-11,MANAFWA,15.141855312037116,31.60615348815918,2.8390750885009766
1998-11-11,BUDUDA,26.13161988872045,43.492027282714844,8.173914909362793
1998-11-11,MBALE,6.948211641716715,15.927165031433105,1.6584831476211548
1998-11-11,MBALE,3.868540648459765,12.51236629486084,3.308847665786743
1998-11-12,SIRONKO,12.763469536414474,28.79737663269043,4.149438858032227
1998-11-12,BULAMBULI,16.858721671866938,48.85332107543945,1.1451939344406128
1998-11-12,BUKWO,17.340728051736804,45.75174331665039,1.3175991773605347
1998-11-12,BUTALEJA,2.8224494125152413,9.584147453308105,0.23066182434558868
1998-11-12,KWEEN,11.006447469680332,45.75174331665039,0.04156198352575302
1998-11-12,KAPCHORWA,26.098697820428082,48.85332107543945,9.513456344604492
1998-11-12,MANAFWA,5.684127245144928,17.013036727905273,1.2427020072937012
1998-11-12,BUDUDA,14.026461405005504,28.79737663269043,3.589138984680176
1998-11-12,MBALE,4.052070092980579,10.83118724822998,1.2427020072937012
1998-11-12,MBALE,3.123961711451387,10.83118724822998,2.9846670627593994
1998-11-13,SIRONKO,4.91141491593872,11.349102020263672,1.2611817121505737
1998-11-13,BULAMBULI,3.9715268347894632,15.108830451965332,0.0
1998-11-13,BUKWO,3.1825276785549237,13.731735229492188,0.0
1998-11-13,BUTALEJA,0.9832233346607453,3.3047773838043213,0.06755154579877853
1998-11-13,KWEEN,1.071644178664859,14.085762977600098,0.0
1998-11-13,KAPCHORWA,2.3108283618839356,15.108830451965332,0.0
1998-11-13,MANAFWA,4.718149648760483,9.516587257385254,1.0705525875091553
1998-11-13,BUDUDA,6.099589180279237,11.349102020263672,2.9077155590057373
1998-11-13,MBALE,2.504659032933873,4.166625499725342,0.8079879283905029
1998-11-13,MBALE,1.3170025869985051,2.789703845977783,1.0934795141220093
1998-11-14,SIRONKO,2.31939401439903,8.11486530303955,0.007166930940002203
1998-11-14,BULAMBULI,1.8842093089953884,8.11486530303955,0.0
1998-11-14,BUKWO,0.678688664035125,7.228320121765137,0.0
1998-11-14,BUTALEJA,0.12707924283895933,0.7079505324363708,0.0
1998-11-14,KWEEN,0.43359726534841814,7.228320121765137,0.0
1998-11-14,KAPCHORWA,1.1420467934784435,7.855778694152832,0.0
1998-11-14,MANAFWA,1.2428195700192317,3.184847354888916,0.035290706902742386
1998-11-14,BUDUDA,3.2639822272605263,8.11486530303955,0.9090093374252319
1998-11-14,MBALE,0.5809599355143592,2.4059062004089355,0.08395032584667206
1998-11-14,MBALE,0.538137712146463,2.4059062004089355,0.3854953944683075
1998-11-15,SIRONKO,3.3045679304739863,13.26635456085205,0.24450452625751495
1998-11-15,BULAMBULI,2.2008156979808717,13.26635456085205,0.0
1998-11-15,BUKWO,2.2044171709463902,16.2383975982666,0.0
1998-11-15,BUTALEJA,2.495671103779683,8.124920845031738,0.2841883599758148
1998-11-15,KWEEN,1.079832329807139,16.2383975982666,0.0
1998-11-15,KAPCHORWA,2.1488231560274786,12.120726585388184,0.0
1998-11-15,MANAFWA,3.942683210029384,7.709726810455322,0.5269914269447327
1998-11-15,BUDUDA,6.117832794802099,13.26635456085205,2.856049060821533
1998-11-15,MBALE,1.8163217642704206,3.6286990642547607,0.2803117334842682
1998-11-15,MBALE,0.9193154806858022,2.54042911529541,0.550190269947052
1998-11-16,SIRONKO,0.785303350921611,4.11283016204834,0.018103012815117836
1998-11-16,BULAMBULI,0.7659795635558135,2.7476682662963867,0.0
1998-11-16,BUKWO,0.6222064981913721,5.108750820159912,0.0
1998-11-16,BUTALEJA,0.07173556329491952,1.32485830783844,0.0
1998-11-16,KWEEN,0.3259347450913842,5.108750820159912,0.0
1998-11-16,KAPCHORWA,0.7401673747044208,2.356367588043213,0.0
1998-11-16,MANAFWA,5.113236715808068,12.585922241210938,0.19321008026599884
1998-11-16,BUDUDA,3.0571770814822914,7.389416694641113,0.4799153506755829
1998-11-16,MBALE,0.9027864871263958,3.3762576580047607,0.0
1998-11-16,MBALE,0.8124572927271506,1.120154857635498,0.3222404718399048
1998-11-17,SIRONKO,0.46806146044404057,2.1679062843322754,0.0070012519136071205
1998-11-17,BULAMBULI,0.39586675873333377,1.3427685499191284,0.0
1998-11-17,BUKWO,0.4637668639847992,2.2357306480407715,0.0
1998-11-17,BUTALEJA,0.5697672716469655,7.039666175842285,0.07478360086679459
1998-11-17,KWEEN,0.15458027772706792,2.2357306480407715,0.0
1998-11-17,KAPCHORWA,0.44112914406228376,1.3427685499191284,0.0
1998-11-17,MANAFWA,2.7750671927968047,4.396513938903809,0.14929871261119843
1998-11-17,BUDUDA,1.7945512534174881,4.059781551361084,0.27217724919319153
1998-11-17,MBALE,0.9454454173692192,2.502302646636963,0.0
1998-11-17,MBALE,1.5329936457018893,1.8399914503097534,0.8172058463096619
1998-11-18,SIRONKO,1.0066701014566488,6.207564353942871,0.009070733562111855
1998-11-18,BULAMBULI,0.5805317454163661,2.2156925201416016,0.0
1998-11-18,BUKWO,0.7687801456771203,9.472049713134766,0.0
1998-11-18,BUTALEJA,6.293730007501234,21.766742706298828,0.7119991779327393
1998-11-18,KWEEN,0.2609292349089979,9.472049713134766,0.0
1998-11-18,KAPCHORWA,0.4378123879699048,1.9023444652557373,0.0
1998-11-18,MANAFWA,9.976779151952456,13.722593307495117,6.325122833251953
1998-11-18,BUDUDA,6.369577667269688,13.722593307495117,0.7431139349937439
1998-11-18,MBALE,8.555851532916956,21.766742706298828,0.0
1998-11-18,MBALE,9.90504948449921,17.977691650390625,3.0816051959991455
1998-11-19,SIRONKO,0.1493330622349918,0.5273438692092896,0.004595320206135511
1998-11-19,BULAMBULI,0.17153335820354593,0.7801852226257324,0.0
1998-11-19,BUKWO,0.1460620888080817,2.069277048110962,0.0
1998-11-19,BUTALEJA,0.09770126435374932,0.5937159061431885,0.012872206047177315
1998-11-19,KWEEN,0.08214189767411502,2.0380234718322754,0.0
1998-11-19,KAPCHORWA,0.35994643300953394,0.7801852226257324,0.0
1998-11-19,MANAFWA,1.639160136923786,4.41811466217041,0.4641367793083191
1998-11-19,BUDUDA,0.6231807318136836,1.7295610904693604,0.07083722949028015
1998-11-19,MBALE,0.2701799588076546,0.9825554490089417,0.0
1998-11-19,MBALE,0.3614388399392882,0.4310717284679413,0.21383003890514374
1998-11-20,SIRONKO,0.6752240106354369,2.864274501800537,0.018354473635554314
1998-11-20,BULAMBULI,0.8814479794411385,2.9212958812713623,0.0
1998-11-20,BUKWO,0.9482896253235902,6.380370616912842,0.0
1998-11-20,BUTALEJA,0.49366890314960704,2.386443614959717,0.0
1998-11-20,KWEEN,0.39595770761298227,6.380370616912842,0.0
1998-11-20,KAPCHORWA,0.8645446734019986,2.8653228282928467,0.0
1998-11-20,MANAFWA,6.200588941382435,9.469793319702148,2.5709142684936523
1998-11-20,BUDUDA,2.8190639141268576,6.5410566329956055,0.42445871233940125
1998-11-20,MBALE,2.409071775154584,6.279267311096191,0.0
1998-11-20,MBALE,2.948560383870171,5.184317588806152,1.2685356140136719
1998-11-21,SIRONKO,0.837746278503948,1.9912004470825195,0.18270063400268555
1998-11-21,BULAMBULI,0.679169034474281,2.022836685180664,0.0
1998-11-21,BUKWO,0.8936351802818592,1.7489266395568848,0.0
1998-11-21,BUTALEJA,1.143600398390182,2.464585781097412,0.15704087913036346
1998-11-21,KWEEN,0.2748243252748117,1.9912004470825195,0.0
1998-11-21,KAPCHORWA,0.49719444717087696,1.7043797969818115,0.0
1998-11-21,MANAFWA,1.6319264724260576,2.2856786251068115,0.8341920971870422
1998-11-21,BUDUDA,1.0844820433017104,1.9912004470825195,0.8079542517662048
1998-11-21,MBALE,1.2516236726289947,2.2856786251068115,0.0870695412158966
1998-11-21,MBALE,0.5551690598289988,0.8033772706985474,0.36888331174850464
1998-11-22,SIRONKO,0.8084732777559773,2.073518991470337,0.09417594969272614
1998-11-22,BULAMBULI,0.6425753285845036,2.369170904159546,0.0
1998-11-22,BUKWO,0.8409122656333914,2.369170904159546,0.0
1998-11-22,BUTALEJA,0.2219816570229477,2.0746092796325684,0.0
1998-11-22,KWEEN,0.24595632135165948,2.369170904159546,0.0
1998-11-22,KAPCHORWA,0.38327032708900416,2.369170904159546,0.0
1998-11-22,MANAFWA,0.2965087003598849,0.560830295085907,0.02009078674018383
1998-11-22,BUDUDA,0.6158762451870554,1.853742003440857,0.316620796918869
1998-11-22,MBALE,0.24690399657267553,0.5888201594352722,0.007778473664075136
1998-11-22,MBALE,0.1343860386612658,0.273253470659256,0.07769633829593658
1998-11-23,SIRONKO,0.2526394622264296,1.4787592887878418,0.0
1998-11-23,BULAMBULI,1.1467537409042918,1.8963979482650757,0.02246163785457611
1998-11-23,BUKWO,1.3743809413740216,2.193770408630371,0.24355362355709076
1998-11-23,BUTALEJA,0.20030614946030417,0.6556286215782166,0.0
1998-11-23,KWEEN,1.249903606294586,2.3712196350097656,0.08882446587085724
1998-11-23,KAPCHORWA,1.1736892145101898,2.0461666584014893,0.3042134940624237
1998-11-23,MANAFWA,0.03957971104809722,0.5063291788101196,0.0
1998-11-23,BUDUDA,0.34429775290030895,1.4787592887878418,0.038591209799051285
1998-11-23,MBALE,0.013795969096900833,0.2033875733613968,0.0
1998-11-23,MBALE,8.713954192917817E-4,0.001968205440789461,0.0
1998-11-24,SIRONKO,0.317850330843205,0.8504594564437866,0.0
1998-11-24,BULAMBULI,0.15501226797614456,0.8504594564437866,0.0
1998-11-24,BUKWO,0.1904190635197972,0.93817538022995,0.0
1998-11-24,BUTALEJA,0.5855306923579829,1.6646331548690796,0.0
1998-11-24,KWEEN,0.08497268227784663,0.922207236289978,0.0
1998-11-24,KAPCHORWA,0.07513676922314377,0.552662193775177,0.0
1998-11-24,MANAFWA,0.1722616533525082,0.8186825513839722,0.0
1998-11-24,BUDUDA,0.35792035536472283,0.8504594564437866,0.13924814760684967
1998-11-24,MBALE,0.27046820790118276,1.0194426774978638,0.0
1998-11-24,MBALE,0.43509271466290295,0.8263874650001526,0.23193369805812836
1998-11-25,SIRONKO,0.6535717101640096,2.318331241607666,0.21010978519916534
1998-11-25,BULAMBULI,1.2839539243327984,4.529800891876221,0.0
1998-11-25,BUKWO,0.6017091896584761,2.788987159729004,0.0
1998-11-25,BUTALEJA,0.20258137839975188,0.6556286215782166,0.0
1998-11-25,KWEEN,0.6667194156832839,3.8420231342315674,0.0
1998-11-25,KAPCHORWA,2.6604956700022258,4.529800891876221,0.33966854214668274
1998-11-25,MANAFWA,0.3661300207952776,1.259785532951355,0.0
1998-11-25,BUDUDA,0.8868291745264666,1.259785532951355,0.3745802938938141
1998-11-25,MBALE,0.21644976676491867,1.0048211812973022,0.0
1998-11-25,MBALE,0.18133932074341572,0.410629004240036,0.03978939726948738
1998-11-26,SIRONKO,0.08434642227003611,0.480546772480011,0.0
1998-11-26,BULAMBULI,0.1980221614152564,1.4013880491256714,0.0
1998-11-26,BUKWO,0.06793205048326136,0.5541410446166992,0.0
1998-11-26,BUTALEJA,0.1305938220224351,0.561050534248352,0.0
1998-11-26,KWEEN,0.07869509485275049,0.8259269595146179,0.0
1998-11-26,KAPCHORWA,0.4154416241213286,1.4013880491256714,0.0
1998-11-26,MANAFWA,0.017545394088791952,0.063017338514328,0.0
1998-11-26,BUDUDA,0.05093482296424504,0.303911417722702,0.0
1998-11-26,MBALE,9.23763480824332E-4,0.04056049510836601,0.0
1998-11-26,MBALE,0.0,0.0,0.0
1998-11-27,SIRONKO,0.1513522322427979,1.2197597026824951,0.0
1998-11-27,BULAMBULI,0.41810874586287833,1.8782026767730713,0.0
1998-11-27,BUKWO,0.7958250601389357,2.1730778217315674,0.0
1998-11-27,BUTALEJA,0.08497632537666112,0.7218948602676392,0.0
1998-11-27,KWEEN,0.5249233339144324,2.1730778217315674,0.0
1998-11-27,KAPCHORWA,1.218322547268086,2.0724313259124756,0.0
1998-11-27,MANAFWA,0.07567303029266995,0.18375718593597412,0.0
1998-11-27,BUDUDA,0.1368506372305179,0.5195605754852295,0.0
1998-11-27,MBALE,0.006124150179284372,0.1387152075767517,0.0
1998-11-27,MBALE,0.0,0.0,0.0
1998-11-28,SIRONKO,0.19421664576190906,1.1578813791275024,0.0
1998-11-28,BULAMBULI,0.3918474728649561,1.7948412895202637,0.0
1998-11-28,BUKWO,0.2556856484623357,1.288043737411499,0.0
1998-11-28,BUTALEJA,0.0,0.0,0.0
1998-11-28,KWEEN,0.10851353867341379,1.288043737411499,0.0
1998-11-28,KAPCHORWA,0.20986536535259961,1.5092158317565918,0.0
1998-11-28,MANAFWA,0.060028397008858994,0.1555173695087433,0.0
1998-11-28,BUDUDA,0.16389271402046618,0.9333202838897705,0.0
1998-11-28,MBALE,0.0031207581892016504,0.08508428186178207,0.0
1998-11-28,MBALE,0.0,0.0,0.0
1998-11-29,SIRONKO,0.105000134669513,0.6391099095344543,0.0
1998-11-29,BULAMBULI,0.21876714020421117,0.9633534550666809,0.0
1998-11-29,BUKWO,0.2931950830152639,0.6408835649490356,0.0
1998-11-29,BUTALEJA,0.0025140701966301334,0.010667650029063225,0.0
1998-11-29,KWEEN,0.09054817711122587,0.6408835649490356,0.0
1998-11-29,KAPCHORWA,0.197308964118647,0.7487704157829285,0.0
1998-11-29,MANAFWA,0.0428671320152209,0.13040192425251007,0.0
1998-11-29,BUDUDA,0.12362303586439875,0.6391099095344543,0.0
1998-11-29,MBALE,0.0034753041981958332,0.07884420454502106,0.0
1998-11-29,MBALE,0.0,0.0,0.0
1998-11-30,SIRONKO,0.15342384835982545,0.8047665357589722,0.0
1998-11-30,BULAMBULI,0.2313086451916082,0.857210099697113,0.0
1998-11-30,BUKWO,0.24812943248095432,0.857210099697113,0.0
1998-11-30,BUTALEJA,0.0058622224809007795,0.020545730367302895,0.0
1998-11-30,KWEEN,0.09158889523152207,0.857210099697113,0.0
1998-11-30,KAPCHORWA,0.1525233846512131,0.857210099697113,0.0
1998-11-30,MANAFWA,0.09831660311593442,0.30067166686058044,0.0
1998-11-30,BUDUDA,0.15797236182293264,0.8047665357589722,0.0
1998-11-30,MBALE,0.004222149537664129,0.12412691861391068,0.0
1998-11-30,MBALE,0.0,0.0,0.0
1998-12-01,SIRONKO,0.027998043860208578,0.9848635792732239,0.0
1998-12-01,BULAMBULI,0.26642605030177835,1.557373285293579,0.0
1998-12-01,BUKWO,0.09499314063813137,0.7755528688430786,0.0
1998-12-01,BUTALEJA,0.0,0.0,0.0
1998-12-01,KWEEN,0.045351011222629786,0.7755528688430786,0.0
1998-12-01,KAPCHORWA,0.1501402073447474,1.4022157192230225,0.0
1998-12-01,MANAFWA,0.0,0.0,0.0
1998-12-01,BUDUDA,1.5542317104340334E-4,0.013337083160877228,0.0
1998-12-01,MBALE,0.0,0.0,0.0
1998-12-01,MBALE,0.0,0.0,0.0
1998-12-02,SIRONKO,0.01422233474580985,0.5820116400718689,0.0
1998-12-02,BULAMBULI,0.15856789912984068,1.0334129333496094,0.0
1998-12-02,BUKWO,0.0720918060099493,0.8613913059234619,0.0
1998-12-02,BUTALEJA,0.0,0.0,0.0
1998-12-02,KWEEN,0.0530407835046703,0.8613913059234619,0.0
1998-12-02,KAPCHORWA,0.1338318633938439,1.0334129333496094,0.0
1998-12-02,MANAFWA,0.0,0.0,0.0
1998-12-02,BUDUDA,1.3124724700795575E-4,0.011262512765824795,0.0
1998-12-02,MBALE,0.0,0.0,0.0
1998-12-02,MBALE,0.0,0.0,0.0
1998-12-03,SIRONKO,0.012277009167266064,0.44249576330184937,0.0
1998-12-03,BULAMBULI,0.13934924786348907,0.8902148008346558,0.0
1998-12-03,BUKWO,0.0361573399395191,0.4750958979129791,0.0
1998-12-03,BUTALEJA,0.0,0.0,0.0
1998-12-03,KWEEN,0.04223556608209749,0.668527364730835,0.0
1998-12-03,KAPCHORWA,0.17092487282461397,0.8902148008346558,0.0
1998-12-03,MANAFWA,0.0,0.0,0.0
1998-12-03,BUDUDA,5.891913452206559E-5,0.005055934656411409,0.0
1998-12-03,MBALE,0.0,0.0,0.0
1998-12-03,MBALE,0.0,0.0,0.0
1998-12-04,SIRONKO,0.012750179287551844,0.26672253012657166,0.0
1998-12-04,BULAMBULI,0.1534215535550896,1.1257765293121338,0.0
1998-12-04,BUKWO,0.05757975660837185,0.5805575847625732,0.0
1998-12-04,BUTALEJA,0.0,0.0,0.0
1998-12-04,KWEEN,0.030507012668764134,0.5805575847625732,0.0
1998-12-04,KAPCHORWA,0.16839979315135994,1.1257765293121338,0.0
1998-12-04,MANAFWA,0.0,0.0,0.0
1998-12-04,BUDUDA,3.7220858146694905E-5,0.0031939747277647257,0.0
1998-12-04,MBALE,0.0,0.0,0.0
1998-12-04,MBALE,0.0,0.0,0.0
1998-12-05,SIRONKO,0.026704089287894434,0.7856947779655457,0.0
1998-12-05,BULAMBULI,0.13137448232578217,0.7856947779655457,0.0
1998-12-05,BUKWO,0.02216912793025771,0.16289548575878143,0.0
1998-12-05,BUTALEJA,0.0,0.0,0.0
1998-12-05,KWEEN,0.00945783145643734,0.16289548575878143,0.0
1998-12-05,KAPCHORWA,0.06907836284789283,0.6756551861763,0.0
1998-12-05,MANAFWA,0.0,0.0,0.0
1998-12-05,BUDUDA,1.0448730106434268E-4,0.008966203778982162,0.0
1998-12-05,MBALE,0.0,0.0,0.0
1998-12-05,MBALE,0.0,0.0,0.0
1998-12-06,SIRONKO,0.33807796131428397,1.1460857391357422,0.06696402281522751
1998-12-06,BULAMBULI,0.5142619589291085,1.1460857391357422,0.0
1998-12-06,BUKWO,1.4624431299164713,3.4680216312408447,0.17459072172641754
1998-12-06,BUTALEJA,0.1699331393502232,0.6701025366783142,0.0
1998-12-06,KWEEN,0.3837615932520982,1.656153678894043,0.0
1998-12-06,KAPCHORWA,0.20944310950490835,0.6885492205619812,0.0
1998-12-06,MANAFWA,0.2571093258707273,0.9256073832511902,0.0784931555390358
1998-12-06,BUDUDA,0.253919173903063,0.6942306756973267,0.165423184633255
1998-12-06,MBALE,0.45881779917005483,0.9256073832511902,0.10795356333255768
1998-12-06,MBALE,0.15334296877180642,0.4077209532260895,0.10795356333255768
1998-12-07,SIRONKO,0.5789258752944467,1.7141969203948975,0.15791253745555878
1998-12-07,BULAMBULI,0.912014568730571,2.199383020401001,0.0
1998-12-07,BUKWO,0.7239361784876086,2.199383020401001,0.0
1998-12-07,BUTALEJA,0.49031557118624136,0.9179344773292542,0.11336605995893478
1998-12-07,KWEEN,0.42785566817075227,2.199383020401001,0.0
1998-12-07,KAPCHORWA,0.38421111685962994,2.199383020401001,0.0
1998-12-07,MANAFWA,0.2606317555603185,0.672057569026947,0.07103712111711502
1998-12-07,BUDUDA,0.19498142825527892,0.8972384929656982,0.120685875415802
1998-12-07,MBALE,0.40384008510850644,0.7388930916786194,0.08130735158920288
1998-12-07,MBALE,0.13228539210098691,0.34156033396720886,0.08130735158920288
1998-12-08,SIRONKO,1.421093945409891,3.6050844192504883,0.12748517096042633
1998-12-08,BULAMBULI,1.6977859606749126,4.858715057373047,0.0
1998-12-08,BUKWO,1.4129695187969047,4.036388397216797,0.0
1998-12-08,BUTALEJA,0.025846832221753456,0.2990330159664154,0.0
1998-12-08,KWEEN,0.9167426169185067,4.247886657714844,0.03684362769126892
1998-12-08,KAPCHORWA,2.145978673353273,4.858715057373047,0.558313250541687
1998-12-08,MANAFWA,0.5247991106988329,1.0395749807357788,0.09698241949081421
1998-12-08,BUDUDA,0.7010755078995988,2.17218017578125,0.3127135932445526
1998-12-08,MBALE,0.41486946589600376,1.0294849872589111,0.07785186171531677
1998-12-08,MBALE,0.1209239295136197,0.3017865717411041,0.07785186171531677
1998-12-09,SIRONKO,0.12593653873264218,0.4106403887271881,0.0
1998-12-09,BULAMBULI,0.33246066144673564,0.9013990759849548,0.0
1998-12-09,BUKWO,0.1064474975417676,0.5240526795387268,0.0
1998-12-09,BUTALEJA,0.10279822228394127,0.4327746033668518,0.0
1998-12-09,KWEEN,0.274313846646723,0.9013990759849548,0.0
1998-12-09,KAPCHORWA,0.08269585871064385,0.3524434268474579,0.0
1998-12-09,MANAFWA,0.0703044408142676,0.15219828486442566,0.01147574745118618
1998-12-09,BUDUDA,0.11863714499284682,0.33805516362190247,0.039543818682432175
1998-12-09,MBALE,0.11831900040217662,0.2598676383495331,0.0
1998-12-09,MBALE,0.026680288002492003,0.07686338573694229,4.241032584104687E-4
1998-12-10,SIRONKO,0.14036806477038946,1.0663975477218628,0.0
1998-12-10,BULAMBULI,0.5587949997290532,1.162367343902588,0.0
1998-12-10,BUKWO,0.03811419028825385,0.5240526795387268,0.0
1998-12-10,BUTALEJA,2.1545926158032667E-4,0.04063018783926964,0.0
1998-12-10,KWEEN,0.27878308454714673,0.9013990759849548,0.0
1998-12-10,KAPCHORWA,0.22940131221902557,0.9558853507041931,0.0
1998-12-10,MANAFWA,0.04693487145353993,0.1291097104549408,0.0
1998-12-10,BUDUDA,0.05649614683910201,0.10934668034315109,0.0
1998-12-10,MBALE,0.014037229827827099,0.10404819250106812,0.0
1998-12-10,MBALE,0.005187757071451209,0.013837932609021664,0.0
1998-12-11,SIRONKO,0.12452800096277669,0.48343491554260254,0.0
1998-12-11,BULAMBULI,0.11835840161883089,1.0660587549209595,0.0
1998-12-11,BUKWO,0.5394254611784413,1.4168429374694824,0.0
1998-12-11,BUTALEJA,0.0,0.0,0.0
1998-12-11,KWEEN,0.2508120785894552,1.2285339832305908,0.0
1998-12-11,KAPCHORWA,0.09567676052288282,1.0660587549209595,0.0
1998-12-11,MANAFWA,0.0,0.0,0.0
1998-12-11,BUDUDA,0.004657090595435966,0.361294686794281,0.0
1998-12-11,MBALE,9.738500700942354E-4,0.05078771337866783,0.0
1998-12-11,MBALE,0.0,0.0,0.0
1998-12-12,SIRONKO,0.014157222577413671,0.13536615669727325,0.0
1998-12-12,BULAMBULI,0.09323958125559986,1.5607106685638428,0.0
1998-12-12,BUKWO,0.106833475129317,0.8321563005447388,0.0
1998-12-12,BUTALEJA,0.0,0.0,0.0
1998-12-12,KWEEN,0.17140652789009,0.8503668904304504,0.0
1998-12-12,KAPCHORWA,0.49502009970724514,1.5607106685638428,0.0
1998-12-12,MANAFWA,5.916754970796203E-4,0.013483134098351002,0.0
1998-12-12,BUDUDA,0.0011765284450387795,0.09127447009086609,0.0
1998-12-12,MBALE,0.0,0.0,0.0
1998-12-12,MBALE,0.0,0.0,0.0
1998-12-13,SIRONKO,0.1525689358598289,1.383393406867981,0.0
1998-12-13,BULAMBULI,1.660197467986,5.263355255126953,0.0
1998-12-13,BUKWO,3.1222235141724393,4.522717475891113,0.5204874873161316
1998-12-13,BUTALEJA,0.01603551152910137,0.09246103465557098,0.0
1998-12-13,KWEEN,2.02257818614679,6.49132776260376,0.3328362703323364
1998-12-13,KAPCHORWA,1.2740626955190772,2.272538661956787,0.4857199192047119
1998-12-13,MANAFWA,9.84194956210389E-4,0.016088942065835,0.0
1998-12-13,BUDUDA,0.017676992932932054,0.5021122694015503,0.0
1998-12-13,MBALE,0.0014982839146677166,0.01899978145956993,0.0
1998-12-13,MBALE,0.0,0.0,0.0
1998-12-14,SIRONKO,0.10770328226903587,0.4809938073158264,0.0
1998-12-14,BULAMBULI,0.07661217462259723,1.2904976606369019,0.0
1998-12-14,BUKWO,0.2062979699489567,1.4769508838653564,0.0
1998-12-14,BUTALEJA,0.0,0.0,0.0
1998-12-14,KWEEN,0.40444582856197053,2.6836328506469727,0.0
1998-12-14,KAPCHORWA,0.2915327640573467,2.6836328506469727,0.0
1998-12-14,MANAFWA,0.018344029991870403,0.5083812475204468,0.0
1998-12-14,BUDUDA,0.005393334553941716,0.171775221824646,0.0
1998-12-14,MBALE,0.017862703556663355,0.32111042737960815,0.0
1998-12-14,MBALE,0.0,0.0,0.0
1998-12-15,SIRONKO,0.13040175891014924,1.440268874168396,0.0
1998-12-15,BULAMBULI,0.3262013496069536,2.589895725250244,0.0
1998-12-15,BUKWO,0.3809066281312615,2.589895725250244,0.0
1998-12-15,BUTALEJA,0.051556448679317995,0.3104148209095001,0.0
1998-12-15,KWEEN,0.350229846233048,2.589895725250244,0.0
1998-12-15,KAPCHORWA,0.3127182942893019,2.589895725250244,0.0
1998-12-15,MANAFWA,0.04598962686451406,0.5024476051330566,0.0
1998-12-15,BUDUDA,0.05038794667595045,1.440268874168396,0.0
1998-12-15,MBALE,0.023313328348742966,0.5024476051330566,0.0
1998-12-15,MBALE,0.0,0.0,0.0
1998-12-16,SIRONKO,0.0,0.0,0.0
1998-12-16,BULAMBULI,2.511140013985339E-4,0.5117731690406799,0.0
1998-12-16,BUKWO,0.0013572180356849902,0.13943566381931305,0.0
1998-12-16,BUTALEJA,2.606164236470043,17.06934356689453,0.0
1998-12-16,KWEEN,0.031629868891177665,0.7149489521980286,0.0
1998-12-16,KAPCHORWA,0.29002799199109175,1.1807347536087036,0.0
1998-12-16,MANAFWA,0.023513476392526857,3.5691730976104736,0.0
1998-12-16,BUDUDA,0.0,0.0,0.0
1998-12-16,MBALE,0.0,0.0,0.0
1998-12-16,MBALE,0.0,0.0,0.0
1998-12-17,SIRONKO,0.0,0.0,0.0
1998-12-17,BULAMBULI,0.002179945664449533,0.24118976294994354,0.0
1998-12-17,BUKWO,0.331636311014761,7.676923751831055,0.0
1998-12-17,BUTALEJA,0.0,0.0,0.0
1998-12-17,KWEEN,0.9526606700070943,9.24019718170166,0.0
1998-12-17,KAPCHORWA,0.5968507959784056,9.24019718170166,0.0
1998-12-17,MANAFWA,0.008813381316609524,1.3378065824508667,0.0
1998-12-17,BUDUDA,0.0,0.0,0.0
1998-12-17,MBALE,0.0,0.0,0.0
1998-12-17,MBALE,0.0,0.0,0.0
1998-12-18,SIRONKO,0.0,0.0,0.0
1998-12-18,BULAMBULI,4.784670256710258,27.50459098815918,0.0
1998-12-18,BUKWO,0.3356186007683681,5.996354103088379,0.0
1998-12-18,BUTALEJA,0.5734856066201357,3.2197959423065186,0.0
1998-12-18,KWEEN,5.525510606852055,25.25737953186035,0.0
1998-12-18,KAPCHORWA,10.910047750406507,25.25737953186035,0.0
1998-12-18,MANAFWA,0.0,0.0,0.0
1998-12-18,BUDUDA,0.0,0.0,0.0
1998-12-18,MBALE,0.0,0.0,0.0
1998-12-18,MBALE,0.0,0.0,0.0
1998-12-19,SIRONKO,0.0,0.0,0.0
1998-12-19,BULAMBULI,2.4811511771883525,26.425880432128906,0.0
1998-12-19,BUKWO,1.3925801616438365,21.968332290649414,0.0
1998-12-19,BUTALEJA,1.6189045022496467,14.35155200958252,0.0
1998-12-19,KWEEN,5.929661613083108,21.968332290649414,0.0
1998-12-19,KAPCHORWA,16.10531668117552,28.111892700195312,0.0
1998-12-19,MANAFWA,0.006283981045106136,0.953862190246582,0.0
1998-12-19,BUDUDA,0.0,0.0,0.0
1998-12-19,MBALE,0.0,0.0,0.0
1998-12-19,MBALE,0.0,0.0,0.0
1998-12-20,SIRONKO,0.0,0.0,0.0
1998-12-20,BULAMBULI,0.03513255983594432,2.574860095977783,0.0
1998-12-20,BUKWO,0.04017875320672622,0.9577603340148926,0.0
1998-12-20,BUTALEJA,0.4288045719023635,1.5188279151916504,0.0
1998-12-20,KWEEN,0.15344095032217903,2.5617949962615967,0.0
1998-12-20,KAPCHORWA,1.2412971049244412,3.9525303840637207,0.0
1998-12-20,MANAFWA,0.01399279403963263,2.1240034103393555,0.0
1998-12-20,BUDUDA,0.0,0.0,0.0
1998-12-20,MBALE,0.0,0.0,0.0
1998-12-20,MBALE,0.0,0.0,0.0
1998-12-21,SIRONKO,0.0,0.0,0.0
1998-12-21,BULAMBULI,0.04084356908501369,0.5570231676101685,0.0
1998-12-21,BUKWO,0.0047131939163523534,0.11560217291116714,0.0
1998-12-21,BUTALEJA,0.0,0.0,0.0
1998-12-21,KWEEN,0.10583408417816036,0.7457119226455688,0.0
1998-12-21,KAPCHORWA,0.09201853428440235,0.3872468173503876,0.0
1998-12-21,MANAFWA,0.0,0.0,0.0
1998-12-21,BUDUDA,0.0,0.0,0.0
1998-12-21,MBALE,0.0,0.0,0.0
1998-12-21,MBALE,0.0,0.0,0.0
1998-12-22,SIRONKO,0.0,0.0,0.0
1998-12-22,BULAMBULI,0.04089341047586031,0.5570231676101685,0.0
1998-12-22,BUKWO,0.047143024250080164,0.5469949841499329,0.0
1998-12-22,BUTALEJA,0.0,0.0,0.0
1998-12-22,KWEEN,0.10427826916619323,0.7457119226455688,0.0
1998-12-22,KAPCHORWA,0.09712364903397337,0.39247989654541016,0.0
1998-12-22,MANAFWA,0.0,0.0,0.0
1998-12-22,BUDUDA,0.0,0.0,0.0
1998-12-22,MBALE,0.0,0.0,0.0
1998-12-22,MBALE,0.0,0.0,0.0
1998-12-23,SIRONKO,0.0,0.0,0.0
1998-12-23,BULAMBULI,0.040890927898746064,0.5570231676101685,0.0
1998-12-23,BUKWO,0.02989178964306227,0.39633986353874207,0.0
1998-12-23,BUTALEJA,0.0,0.0,0.0
1998-12-23,KWEEN,0.11874071691279713,0.7457119226455688,0.0
1998-12-23,KAPCHORWA,0.11900891142336385,0.35061535239219666,0.0
1998-12-23,MANAFWA,0.0,0.0,0.0
1998-12-23,BUDUDA,0.0,0.0,0.0
1998-12-23,MBALE,0.0,0.0,0.0
1998-12-23,MBALE,0.0,0.0,0.0
1998-12-24,SIRONKO,0.0,0.0,0.0
1998-12-24,BULAMBULI,0.04081169936023281,0.5570231676101685,0.0
1998-12-24,BUKWO,0.0035879627542392987,0.09116583317518234,0.0
1998-12-24,BUTALEJA,0.0,0.0,0.0
1998-12-24,KWEEN,0.10123024085450642,0.7457119226455688,0.0
1998-12-24,KAPCHORWA,0.05653389907644623,0.2876424491405487,0.0
1998-12-24,MANAFWA,0.0,0.0,0.0
1998-12-24,BUDUDA,0.0,0.0,0.0
1998-12-24,MBALE,0.0,0.0,0.0
1998-12-24,MBALE,0.0,0.0,0.0
1998-12-25,SIRONKO,0.0,0.0,0.0
1998-12-25,BULAMBULI,0.04081169936023281,0.5570231676101685,0.0
1998-12-25,BUKWO,0.0035879627542392987,0.09116583317518234,0.0
1998-12-25,BUTALEJA,0.0,0.0,0.0
1998-12-25,KWEEN,0.10123024085450642,0.7457119226455688,0.0
1998-12-25,KAPCHORWA,0.05653389907644623,0.2876424491405487,0.0
1998-12-25,MANAFWA,0.0,0.0,0.0
1998-12-25,BUDUDA,0.0,0.0,0.0
1998-12-25,MBALE,0.0,0.0,0.0
1998-12-25,MBALE,0.0,0.0,0.0
1998-12-26,SIRONKO,0.007300431932835893,0.09163098782300949,0.0
1998-12-26,BULAMBULI,0.05591376731159371,0.6243404150009155,0.0
1998-12-26,BUKWO,0.6630134038275112,1.232518196105957,0.0
1998-12-26,BUTALEJA,0.013523394171998477,0.07811824977397919,0.0
1998-12-26,KWEEN,0.13498683556088473,1.080661654472351,0.0
1998-12-26,KAPCHORWA,0.2022126056871143,0.9201167225837708,0.0
1998-12-26,MANAFWA,0.006982944577703883,0.22535470128059387,0.0
1998-12-26,BUDUDA,0.0027739004066180055,0.09163098782300949,0.0
1998-12-26,MBALE,0.033274556332821247,0.22535470128059387,0.0
1998-12-26,MBALE,0.0,0.0,0.0
1998-12-27,SIRONKO,0.017212537830672916,0.20664696395397186,0.0
1998-12-27,BULAMBULI,0.11830840592678538,1.0496214628219604,0.0
1998-12-27,BUKWO,0.8009588227646638,1.2410520315170288,0.17835292220115662
1998-12-27,BUTALEJA,0.04092229056087141,0.24545149505138397,0.0
1998-12-27,KWEEN,0.25979626823101726,1.2410520315170288,0.0
1998-12-27,KAPCHORWA,0.2736993980798206,1.0780956745147705,0.006716583855450153
1998-12-27,MANAFWA,0.02954311272303389,0.42010563611984253,0.0
1998-12-27,BUDUDA,0.006478664011867331,0.20664696395397186,0.0
1998-12-27,MBALE,0.09725910142411451,0.42978647351264954,0.0
1998-12-27,MBALE,0.0,0.0,0.0
1998-12-28,SIRONKO,0.03614957782738172,0.6126129627227783,0.0
1998-12-28,BULAMBULI,0.8258930527314733,2.803551197052002,0.0
1998-12-28,BUKWO,0.054387282781730446,0.4887133240699768,0.0
1998-12-28,BUTALEJA,0.02303779197590311,0.1987236738204956,0.0
1998-12-28,KWEEN,0.767641191465292,3.6304266452789307,0.0
1998-12-28,KAPCHORWA,0.6150554647517498,1.130903959274292,0.11116477102041245
1998-12-28,MANAFWA,2.2719749329163654E-4,0.018431831151247025,0.0
1998-12-28,BUDUDA,0.0017147458146211047,0.045815493911504745,0.0
1998-12-28,MBALE,0.018347891224895895,0.13487224280834198,0.0
1998-12-28,MBALE,0.0,0.0,0.0
1998-12-29,SIRONKO,0.007693958287915057,0.09330134093761444,0.0
1998-12-29,BULAMBULI,0.046420226976231556,0.26116567850112915,0.0
1998-12-29,BUKWO,0.05768301535228265,0.36580970883369446,0.0
1998-12-29,BUTALEJA,0.012836575705689635,0.07811824977397919,0.0
1998-12-29,KWEEN,0.024505131721666497,0.2735666036605835,0.0
1998-12-29,KAPCHORWA,0.04122775915090121,0.26116567850112915,0.0
1998-12-29,MANAFWA,0.009587543791432028,0.09376348555088043,0.0
1998-12-29,BUDUDA,0.0031901367045122594,0.09330134093761444,0.0
1998-12-29,MBALE,0.010735762992887614,0.09376348555088043,0.0
1998-12-29,MBALE,0.0,0.0,0.0
1998-12-30,SIRONKO,0.00776385112897457,0.0981438085436821,0.0
1998-12-30,BULAMBULI,0.013433763059146566,0.23628973960876465,0.0
1998-12-30,BUKWO,0.008249145934114374,0.0664718747138977,0.0
1998-12-30,BUTALEJA,0.012836575705689635,0.07811824977397919,0.0
1998-12-30,KWEEN,0.009658464191543075,0.24794837832450867,0.0
1998-12-30,KAPCHORWA,0.005457307451524159,0.04777698963880539,0.0
1998-12-30,MANAFWA,3.345885082085582E-4,0.004747791215777397,0.0
1998-12-30,BUDUDA,9.509672586511743E-4,0.031498149037361145,0.0
1998-12-30,MBALE,0.0,0.0,0.0
1998-12-30,MBALE,0.0,0.0,0.0
1998-12-31,SIRONKO,0.013127329461176904,0.08851118385791779,0.0
1998-12-31,BULAMBULI,0.0472318526008782,0.24495109915733337,0.0
1998-12-31,BUKWO,0.06678230412197167,0.27616435289382935,0.0
1998-12-31,BUTALEJA,0.012836575705689635,0.07811824977397919,0.0
1998-12-31,KWEEN,0.023342360135587634,0.27616435289382935,0.0
1998-12-31,KAPCHORWA,0.0364053259741416,0.24495109915733337,0.0
1998-12-31,MANAFWA,0.0016145750809537153,0.02920392155647278,0.0
1998-12-31,BUDUDA,0.0028595060351772495,0.08041571825742722,0.0
1998-12-31,MBALE,0.0,0.0,0.0
1998-12-31,MBALE,0.0,0.0,0.0
1999-01-01,SIRONKO,0.0,0.0,0.0
1999-01-01,BULAMBULI,1.2848273103174943E-5,0.06174810603260994,0.0
1999-01-01,BUKWO,0.02005259445371383,0.12147101014852524,0.0
1999-01-01,BUTALEJA,0.0,0.0,0.0
1999-01-01,KWEEN,0.006354268730998995,0.12147101014852524,0.0
1999-01-01,KAPCHORWA,0.025700192004311277,0.1212407648563385,0.0
1999-01-01,MANAFWA,0.0,0.0,0.0
1999-01-01,BUDUDA,0.0,0.0,0.0
1999-01-01,MBALE,0.0,0.0,0.0
1999-01-01,MBALE,0.0,0.0,0.0
1999-01-02,SIRONKO,0.0,0.0,0.0
1999-01-02,BULAMBULI,1.2848273103174943E-5,0.06174810603260994,0.0
1999-01-02,BUKWO,0.02005259445371383,0.12147101014852524,0.0
1999-01-02,BUTALEJA,0.0,0.0,0.0
1999-01-02,KWEEN,0.006151985440567821,0.12147101014852524,0.0
1999-01-02,KAPCHORWA,0.02255533318578938,0.09522342681884766,0.0
1999-01-02,MANAFWA,0.0,0.0,0.0
1999-01-02,BUDUDA,0.0,0.0,0.0
1999-01-02,MBALE,0.0,0.0,0.0
1999-01-02,MBALE,0.0,0.0,0.0
1999-01-03,SIRONKO,0.0,0.0,0.0
1999-01-03,BULAMBULI,1.2848273103174943E-5,0.06174810603260994,0.0
1999-01-03,BUKWO,0.022041461544133382,0.12147101014852524,0.0
1999-01-03,BUTALEJA,0.0,0.0,0.0
1999-01-03,KWEEN,0.006657280453146482,0.12147101014852524,0.0
1999-01-03,KAPCHORWA,0.021780327496392114,0.09013339132070541,0.0
1999-01-03,MANAFWA,0.0,0.0,0.0
1999-01-03,BUDUDA,0.0,0.0,0.0
1999-01-03,MBALE,0.0,0.0,0.0
1999-01-03,MBALE,0.0,0.0,0.0
1999-01-04,SIRONKO,0.0,0.0,0.0
1999-01-04,BULAMBULI,1.2848273103174943E-5,0.06174810603260994,0.0
1999-01-04,BUKWO,0.038385760960313826,0.17501859366893768,0.0
1999-01-04,BUTALEJA,0.0,0.0,0.0
1999-01-04,KWEEN,0.014226076135059633,0.1921258419752121,0.0
1999-01-04,KAPCHORWA,0.03444371748194153,0.1921258419752121,0.0
1999-01-04,MANAFWA,0.0,0.0,0.0
1999-01-04,BUDUDA,0.0,0.0,0.0
1999-01-04,MBALE,0.0,0.0,0.0
1999-01-04,MBALE,0.0,0.0,0.0
1999-01-05,SIRONKO,0.0,0.0,0.0
1999-01-05,BULAMBULI,1.2848273103174943E-5,0.06174810603260994,0.0
1999-01-05,BUKWO,0.026090124914439152,0.1236400455236435,0.0
1999-01-05,BUTALEJA,0.0,0.0,0.0
1999-01-05,KWEEN,0.022648921813818633,0.25147509574890137,0.0
1999-01-05,KAPCHORWA,0.058024655196080674,0.346290647983551,0.0
1999-01-05,MANAFWA,0.0,0.0,0.0
1999-01-05,BUDUDA,0.0,0.0,0.0
1999-01-05,MBALE,0.0,0.0,0.0
1999-01-05,MBALE,0.0,0.0,0.0
1999-01-06,SIRONKO,0.8527484066440818,4.210836410522461,0.008727849461138248
1999-01-06,BULAMBULI,0.8134180753498158,4.553958415985107,0.0
1999-01-06,BUKWO,3.6303089706227105,6.369835376739502,0.2766115963459015
1999-01-06,BUTALEJA,0.27455183512905706,0.6240386366844177,0.0
1999-01-06,KWEEN,1.3277310039318304,5.070882797241211,0.0
1999-01-06,KAPCHORWA,1.361044147319335,4.553958415985107,0.12655878067016602
1999-01-06,MANAFWA,0.8598079247568539,1.9243446588516235,0.37619033455848694
1999-01-06,BUDUDA,1.3435004060278282,4.210836410522461,0.7193887233734131
1999-01-06,MBALE,0.7230305670655116,1.2452480792999268,0.3884963393211365
1999-01-06,MBALE,0.9982981070306929,1.1613820791244507,0.6931434869766235
1999-01-07,SIRONKO,1.8395450596516068,3.8371474742889404,0.18093052506446838
1999-01-07,BULAMBULI,0.5142345218846209,3.8371474742889404,0.0
1999-01-07,BUKWO,0.3013722389849293,2.8808839321136475,0.0
1999-01-07,BUTALEJA,0.3047446533454274,2.0828304290771484,0.0
1999-01-07,KWEEN,0.24164949718597895,3.8371474742889404,0.0
1999-01-07,KAPCHORWA,0.25964942172123034,3.419308662414551,0.0
1999-01-07,MANAFWA,1.2836410501728233,3.2654621601104736,0.1399860382080078
1999-01-07,BUDUDA,2.244629148607414,3.8371474742889404,1.206957221031189
1999-01-07,MBALE,1.914092614994732,3.4364116191864014,0.18146608769893646
1999-01-07,MBALE,2.5465030538619366,2.6991453170776367,1.6266863346099854
1999-01-08,SIRONKO,8.218061556361995,16.671146392822266,4.850138187408447
1999-01-08,BULAMBULI,8.209786747542644,12.798470497131348,4.63228178024292
1999-01-08,BUKWO,4.821770037607148,9.122015953063965,2.6243836879730225
1999-01-08,BUTALEJA,4.697626242065602,9.297608375549316,2.5412673950195312
1999-01-08,KWEEN,4.818801849702226,10.8248291015625,1.2116543054580688
1999-01-08,KAPCHORWA,7.396555587069471,10.983565330505371,4.63228178024292
1999-01-08,MANAFWA,3.237333771794577,9.626921653747559,2.0040013790130615
1999-01-08,BUDUDA,7.41636338469134,10.8248291015625,3.761958360671997
1999-01-08,MBALE,5.339327849725394,13.212238311767578,2.0040013790130615
1999-01-08,MBALE,8.640536744727678,10.411553382873535,6.542055606842041
1999-01-09,SIRONKO,2.5816321647170617,5.523807525634766,1.076388955116272
1999-01-09,BULAMBULI,2.608039199353981,5.523807525634766,0.9060757756233215
1999-01-09,BUKWO,7.908421350429796,16.590160369873047,1.9803166389465332
1999-01-09,BUTALEJA,6.084782306102519,12.595246315002441,1.747868299484253
1999-01-09,KWEEN,1.851305557845885,10.29589557647705,0.2621985971927643
1999-01-09,KAPCHORWA,2.644072484977949,4.511209487915039,1.188319444656372
1999-01-09,MANAFWA,2.0105168967972613,3.233527898788452,1.0326884984970093
1999-01-09,BUDUDA,1.9044347863537812,3.606250524520874,1.0326884984970093
1999-01-09,MBALE,1.8511529632360906,3.149442195892334,1.1366870403289795
1999-01-09,MBALE,2.44153406374446,2.5536837577819824,1.2544602155685425
1999-01-10,SIRONKO,7.907421314560336,11.484468460083008,4.5518975257873535
1999-01-10,BULAMBULI,13.816313922631839,26.65119743347168,5.160125255584717
1999-01-10,BUKWO,8.411852196368633,13.046220779418945,0.9598190188407898
1999-01-10,BUTALEJA,9.22362667035056,13.833005905151367,5.17755126953125
1999-01-10,KWEEN,10.489540933838525,26.65119743347168,2.9910881519317627
1999-01-10,KAPCHORWA,17.44396316147667,26.65119743347168,7.986791610717773
1999-01-10,MANAFWA,8.74215150385721,12.289328575134277,4.353572845458984
1999-01-10,BUDUDA,7.211453161079338,10.958414077758789,4.353572845458984
1999-01-10,MBALE,9.571246314264386,12.496389389038086,3.054351806640625
1999-01-10,MBALE,8.892147866254378,10.921856880187988,4.886710166931152
1999-01-11,SIRONKO,1.2113298309602014,3.16804838180542,0.14639365673065186
1999-01-11,BULAMBULI,0.470806903865285,3.18239688873291,0.0
1999-01-11,BUKWO,1.5298026248978696,5.003462791442871,0.0
1999-01-11,BUTALEJA,0.40600548008425813,2.4708592891693115,0.010970233008265495
1999-01-11,KWEEN,0.25322503203007374,4.364443302154541,0.0
1999-01-11,KAPCHORWA,1.6828667210179118,6.299479961395264,0.010414416901767254
1999-01-11,MANAFWA,2.7501498496156835,4.0129194259643555,1.4054361581802368
1999-01-11,BUDUDA,2.220704206515837,3.16804838180542,0.14639365673065186
1999-01-11,MBALE,2.21468986275669,3.16804838180542,0.4948734939098358
1999-01-11,MBALE,2.3139536856943352,2.560403823852539,1.4863688945770264
1999-01-12,SIRONKO,2.4816769213204597,5.719169616699219,0.4017775058746338
1999-01-12,BULAMBULI,2.971937705096,8.983187675476074,0.0
1999-01-12,BUKWO,1.0656873347845988,5.554659366607666,0.0
1999-01-12,BUTALEJA,2.9522738969877187,9.7936429977417,0.24851393699645996
1999-01-12,KWEEN,0.20080791562849964,4.647428035736084,0.0
1999-01-12,KAPCHORWA,3.5317800159620356,7.893519401550293,0.3000214993953705
1999-01-12,MANAFWA,6.70896994958443,10.03419017791748,3.6455283164978027
1999-01-12,BUDUDA,4.704362668514884,7.365170001983643,0.4017775058746338
1999-01-12,MBALE,7.6053325256070305,10.857291221618652,1.1224079132080078
1999-01-12,MBALE,9.231868686607527,9.706740379333496,5.963018417358398
1999-01-13,SIRONKO,2.6886689402196495,6.366046905517578,0.30963125824928284
1999-01-13,BULAMBULI,1.4102430978514882,4.869132995605469,0.0
1999-01-13,BUKWO,1.7541479937979048,6.1426310539245605,0.0
1999-01-13,BUTALEJA,1.865495946136598,4.6698784828186035,0.38821449875831604
1999-01-13,KWEEN,0.19320236265086418,4.578275680541992,0.0
1999-01-13,KAPCHORWA,2.5724504543905855,5.328052997589111,0.04372915253043175
1999-01-13,MANAFWA,7.318799210807643,12.410711288452148,4.083425521850586
1999-01-13,BUDUDA,5.429577299003867,7.649569988250732,0.30963125824928284
1999-01-13,MBALE,3.5490860858532205,6.718437671661377,1.0787686109542847
1999-01-13,MBALE,3.745267350806779,3.9314186573028564,2.497591018676758
1999-01-14,SIRONKO,1.078477979072733,3.2849855422973633,0.044339194893836975
1999-01-14,BULAMBULI,0.2064889161385779,0.9098839163780212,0.0
1999-01-14,BUKWO,1.5510674718643618,5.005265235900879,0.13583487272262573
1999-01-14,BUTALEJA,9.573667652856143,18.24247932434082,4.1862897872924805
1999-01-14,KWEEN,0.3010870287137004,1.7959040403366089,0.0
1999-01-14,KAPCHORWA,0.34513054634841556,0.8364667296409607,0.01637990213930607
1999-01-14,MANAFWA,3.743329888825039,8.543328285217285,0.5500296950340271
1999-01-14,BUDUDA,1.284918952214403,3.5599231719970703,0.044339194893836975
1999-01-14,MBALE,6.368081066177448,14.194720268249512,1.2079415321350098
1999-01-14,MBALE,7.767167656397531,8.746285438537598,4.305237770080566
1999-01-15,SIRONKO,8.665870302055295,24.245826721191406,0.5308319330215454
1999-01-15,BULAMBULI,4.436774673176857,12.964202880859375,0.0
1999-01-15,BUKWO,0.9118836312268398,3.8498923778533936,0.0
1999-01-15,BUTALEJA,5.2778138022074295,9.821427345275879,1.0366146564483643
1999-01-15,KWEEN,0.17396217986793158,3.8498923778533936,0.0
1999-01-15,KAPCHORWA,3.6501689413200187,11.167179107666016,0.10011444985866547
1999-01-15,MANAFWA,20.74579323971664,30.746179580688477,11.35257625579834
1999-01-15,BUDUDA,16.711817486888037,24.245826721191406,0.5308319330215454
1999-01-15,MBALE,11.667594217788148,21.737295150756836,2.4819490909576416
1999-01-15,MBALE,12.660115260529903,15.035309791564941,6.733813285827637
1999-01-16,SIRONKO,3.468768715117744,8.499011993408203,0.0
1999-01-16,BULAMBULI,2.9785561504952818,12.11330509185791,0.0
1999-01-16,BUKWO,0.1457299456050954,0.5319071412086487,0.0
1999-01-16,BUTALEJA,1.5971839215837351,6.5450334548950195,0.02228035032749176
1999-01-16,KWEEN,0.04503229477806941,0.5107593536376953,0.0
1999-01-16,KAPCHORWA,0.2758530129356479,4.726776599884033,0.0
1999-01-16,MANAFWA,0.8201286485383069,3.3523852825164795,0.02429489605128765
1999-01-16,BUDUDA,2.9408069211748424,8.134824752807617,0.0
1999-01-16,MBALE,0.48707473328745654,2.474597454071045,0.030278557911515236
1999-01-16,MBALE,0.5297335229869998,0.983650267124176,0.08980506658554077
1999-01-17,SIRONKO,3.9602486738236067,7.89591121673584,0.0
1999-01-17,BULAMBULI,2.4901234736998563,9.186562538146973,0.0
1999-01-17,BUKWO,0.2808536682342001,1.5300378799438477,0.0
1999-01-17,BUTALEJA,3.462258662708907,7.303376197814941,0.4158998727798462
1999-01-17,KWEEN,0.15230587224348316,1.5300378799438477,0.0
1999-01-17,KAPCHORWA,0.7330428094697996,9.186562538146973,0.0
1999-01-17,MANAFWA,3.1702319976843385,5.0497307777404785,0.774840235710144
1999-01-17,BUDUDA,4.28002614802368,6.253051280975342,0.0
1999-01-17,MBALE,2.1892858097531924,6.183027744293213,0.11098372936248779
1999-01-17,MBALE,1.4770047230061618,3.136168956756592,0.1971282660961151
1999-01-18,SIRONKO,3.2482842394895486,7.09493350982666,0.0
1999-01-18,BULAMBULI,0.481580256693452,3.806586265563965,0.0
1999-01-18,BUKWO,0.08097504126223093,0.639805257320404,0.0
1999-01-18,BUTALEJA,0.5660995692799335,1.7596004009246826,0.008128547109663486
1999-01-18,KWEEN,0.0010701706068670372,0.019532041624188423,0.0
1999-01-18,KAPCHORWA,0.054356624728665176,1.3982478380203247,0.0
1999-01-18,MANAFWA,2.136778454238021,3.569281816482544,0.22046485543251038
1999-01-18,BUDUDA,1.2156712681652821,2.2056047916412354,0.0
1999-01-18,MBALE,0.8253333461336431,4.578369140625,0.07550859451293945
1999-01-18,MBALE,0.9625620592702963,1.304660439491272,0.27356040477752686
1999-01-19,SIRONKO,9.022820058047966,15.329591751098633,0.0
1999-01-19,BULAMBULI,4.84943603358257,17.426170349121094,0.0
1999-01-19,BUKWO,0.02582392559862751,0.39914175868034363,0.0
1999-01-19,BUTALEJA,18.276754916825332,32.11536407470703,5.723233699798584
1999-01-19,KWEEN,0.19498852650357054,2.9021499156951904,0.0
1999-01-19,KAPCHORWA,1.3202770506584751,10.87722110748291,0.0
1999-01-19,MANAFWA,10.850918782137011,15.107206344604492,3.486356496810913
1999-01-19,BUDUDA,9.91716229750317,12.55611515045166,0.0
1999-01-19,MBALE,13.501030016334633,24.187665939331055,3.486356496810913
1999-01-19,MBALE,19.649667147986065,24.187665939331055,6.777600288391113
1999-01-20,SIRONKO,1.072294733253799,2.0794687271118164,0.0
1999-01-20,BULAMBULI,0.28582863325669566,2.0794687271118164,0.0
1999-01-20,BUKWO,0.07723996641809447,0.6522451639175415,0.0
1999-01-20,BUTALEJA,0.13581782965425068,0.4934076964855194,0.0
1999-01-20,KWEEN,0.008636167214837528,0.11457311362028122,0.0
1999-01-20,KAPCHORWA,0.059657114998700495,1.0529104471206665,0.0
1999-01-20,MANAFWA,0.8402726225784728,1.3491226434707642,0.1292634755373001
1999-01-20,BUDUDA,0.9996223874792306,2.0794687271118164,0.0
1999-01-20,MBALE,0.7514530215043966,1.6906341314315796,0.1292634755373001
1999-01-20,MBALE,1.0810776995729083,1.564660668373108,0.290577232837677
1999-01-21,SIRONKO,0.0,0.0,0.0
1999-01-21,BULAMBULI,0.0,0.0,0.0
1999-01-21,BUKWO,0.0,0.0,0.0
1999-01-21,BUTALEJA,2.8974871718726996E-4,0.020838089287281036,0.0
1999-01-21,KWEEN,0.0,0.0,0.0
1999-01-21,KAPCHORWA,0.0,0.0,0.0
1999-01-21,MANAFWA,0.0,0.0,0.0
1999-01-21,BUDUDA,0.0,0.0,0.0
1999-01-21,MBALE,0.0,0.0,0.0
1999-01-21,MBALE,0.0,0.0,0.0
1999-01-22,SIRONKO,0.0,0.0,0.0
1999-01-22,BULAMBULI,0.0,0.0,0.0
1999-01-22,BUKWO,0.0,0.0,0.0
1999-01-22,BUTALEJA,8.544305280268459E-4,0.0645163506269455,0.0
1999-01-22,KWEEN,0.0,0.0,0.0
1999-01-22,KAPCHORWA,0.0,0.0,0.0
1999-01-22,MANAFWA,0.0,0.0,0.0
1999-01-22,BUDUDA,0.0,0.0,0.0
1999-01-22,MBALE,0.0,0.0,0.0
1999-01-22,MBALE,0.0,0.0,0.0
1999-01-23,SIRONKO,0.0,0.0,0.0
1999-01-23,BULAMBULI,0.0,0.0,0.0
1999-01-23,BUKWO,0.0,0.0,0.0
1999-01-23,BUTALEJA,0.0,0.0,0.0
1999-01-23,KWEEN,0.0,0.0,0.0
1999-01-23,KAPCHORWA,0.0,0.0,0.0
1999-01-23,MANAFWA,0.0,0.0,0.0
1999-01-23,BUDUDA,0.0,0.0,0.0
1999-01-23,MBALE,0.0,0.0,0.0
1999-01-23,MBALE,0.0,0.0,0.0
1999-01-24,SIRONKO,0.0,0.0,0.0
1999-01-24,BULAMBULI,0.0,0.0,0.0
1999-01-24,BUKWO,0.0,0.0,0.0
1999-01-24,BUTALEJA,0.0,0.0,0.0
1999-01-24,KWEEN,0.0,0.0,0.0
1999-01-24,KAPCHORWA,0.0,0.0,0.0
1999-01-24,MANAFWA,0.0,0.0,0.0
1999-01-24,BUDUDA,0.0,0.0,0.0
1999-01-24,MBALE,0.0,0.0,0.0
1999-01-24,MBALE,0.0,0.0,0.0
1999-01-25,SIRONKO,0.0,0.0,0.0
1999-01-25,BULAMBULI,0.0,0.0,0.0
1999-01-25,BUKWO,0.0,0.0,0.0
1999-01-25,BUTALEJA,0.0,0.0,0.0
1999-01-25,KWEEN,0.0,0.0,0.0
1999-01-25,KAPCHORWA,0.0,0.0,0.0
1999-01-25,MANAFWA,0.0,0.0,0.0
1999-01-25,BUDUDA,0.0,0.0,0.0
1999-01-25,MBALE,0.0,0.0,0.0
1999-01-25,MBALE,0.0,0.0,0.0
1999-01-26,SIRONKO,8.286302601809161E-4,0.05027565732598305,0.0
1999-01-26,BULAMBULI,0.018529349281426938,0.31958815455436707,0.0
1999-01-26,BUKWO,0.29781134089527705,1.1681280136108398,0.0
1999-01-26,BUTALEJA,0.0,0.0,0.0
1999-01-26,KWEEN,0.03824343807582286,0.8381060361862183,0.0
1999-01-26,KAPCHORWA,0.05156779016660494,0.31958815455436707,0.0
1999-01-26,MANAFWA,9.429085191610579E-6,4.201269766781479E-4,0.0
1999-01-26,BUDUDA,0.0037037896774851516,0.05027565732598305,0.0
1999-01-26,MBALE,0.002635458744748327,0.04307887703180313,0.0
1999-01-26,MBALE,7.665030356621844E-4,0.04307887703180313,0.0
1999-01-27,SIRONKO,1.4531592860617218E-5,0.013462942093610764,0.0
1999-01-27,BULAMBULI,8.331118708181245E-4,0.019161585718393326,0.0
1999-01-27,BUKWO,0.04956981380452315,0.26448631286621094,0.0
1999-01-27,BUTALEJA,0.0,0.0,0.0
1999-01-27,KWEEN,0.01500299094089684,0.26448631286621094,0.0
1999-01-27,KAPCHORWA,0.019271310772776464,0.10569354891777039,0.0
1999-01-27,MANAFWA,6.289921498483214E-6,2.8025684878230095E-4,0.0
1999-01-27,BUDUDA,0.002114177285258758,0.013462942093610764,0.0
1999-01-27,MBALE,3.819866945074218E-4,0.006419436074793339,0.0
1999-01-27,MBALE,1.1422111200660693E-4,0.006419436074793339,0.0
1999-01-28,SIRONKO,0.0,0.0,0.0
1999-01-28,BULAMBULI,8.760668783994485E-6,0.01215391792356968,0.0
1999-01-28,BUKWO,0.04956981380452315,0.26448631286621094,0.0
1999-01-28,BUTALEJA,0.0,0.0,0.0
1999-01-28,KWEEN,0.01500299094089684,0.26448631286621094,0.0
1999-01-28,KAPCHORWA,0.019271310772776464,0.10569354891777039,0.0
1999-01-28,MANAFWA,0.0,0.0,0.0
1999-01-28,BUDUDA,0.0,0.0,0.0
1999-01-28,MBALE,0.0,0.0,0.0
1999-01-28,MBALE,0.0,0.0,0.0
1999-01-29,SIRONKO,0.002435097287479553,0.14846105873584747,0.0
1999-01-29,BULAMBULI,0.0542123432915598,1.1040316820144653,0.0
1999-01-29,BUKWO,0.14362696597870822,1.1040316820144653,0.0
1999-01-29,BUTALEJA,0.0,0.0,0.0
1999-01-29,KWEEN,0.2213566396147699,1.4217575788497925,0.0
1999-01-29,KAPCHORWA,0.3642232999284355,1.4217575788497925,0.0
1999-01-29,MANAFWA,2.3065845499757864E-5,0.0010277332039549947,0.0
1999-01-29,BUDUDA,0.009284759476839393,0.14846105873584747,0.0
1999-01-29,MBALE,1.1271518675440615E-4,0.0013915188610553741,0.0
1999-01-29,MBALE,2.475931372103098E-5,0.0013915188610553741,0.0
1999-01-30,SIRONKO,0.0,0.0,0.0
1999-01-30,BULAMBULI,8.760668783994485E-6,0.01215391792356968,0.0
1999-01-30,BUKWO,0.04956981380452315,0.26448631286621094,0.0
1999-01-30,BUTALEJA,0.0,0.0,0.0
1999-01-30,KWEEN,0.01500299094089684,0.26448631286621094,0.0
1999-01-30,KAPCHORWA,0.019271310772776464,0.10569354891777039,0.0
1999-01-30,MANAFWA,0.0,0.0,0.0
1999-01-30,BUDUDA,0.0,0.0,0.0
1999-01-30,MBALE,0.0,0.0,0.0
1999-01-30,MBALE,0.0,0.0,0.0
1999-01-31,SIRONKO,0.0,0.0,0.0
1999-01-31,BULAMBULI,8.760668783994485E-6,0.01215391792356968,0.0
1999-01-31,BUKWO,0.04956981380452315,0.26448631286621094,0.0
1999-01-31,BUTALEJA,0.0,0.0,0.0
1999-01-31,KWEEN,0.01500299094089684,0.26448631286621094,0.0
1999-01-31,KAPCHORWA,0.019271310772776464,0.10569354891777039,0.0
1999-01-31,MANAFWA,0.0,0.0,0.0
1999-01-31,BUDUDA,0.0,0.0,0.0
1999-01-31,MBALE,0.0,0.0,0.0
1999-01-31,MBALE,0.0,0.0,0.0
1999-02-01,SIRONKO,0.0,0.0,0.0
1999-02-01,BULAMBULI,0.009169136711353647,0.3223009705543518,0.0
1999-02-01,BUKWO,0.19225099368258583,0.5386802554130554,0.0
1999-02-01,BUTALEJA,0.0,0.0,0.0
1999-02-01,KWEEN,0.07636977002537639,0.5386802554130554,0.0
1999-02-01,KAPCHORWA,0.11479149664422242,0.34567466378211975,0.0
1999-02-01,MANAFWA,0.18907040375751505,0.6627694368362427,0.0
1999-02-01,BUDUDA,0.03099885812727763,0.6627694368362427,0.0
1999-02-01,MBALE,0.05121217161651809,0.4194827675819397,0.0
1999-02-01,MBALE,0.10127333430266248,0.4194827675819397,0.0
1999-02-02,SIRONKO,0.0,0.0,0.0
1999-02-02,BULAMBULI,0.009169136711353647,0.3223009705543518,0.0
1999-02-02,BUKWO,0.19225099368258583,0.5386802554130554,0.0
1999-02-02,BUTALEJA,0.0,0.0,0.0
1999-02-02,KWEEN,0.07636977002537639,0.5386802554130554,0.0
1999-02-02,KAPCHORWA,0.11479149664422242,0.34567466378211975,0.0
1999-02-02,MANAFWA,0.0763723558443466,0.3173377513885498,0.0
1999-02-02,BUDUDA,0.013951598759890483,0.22101087868213654,0.0
1999-02-02,MBALE,0.05121217161651809,0.4194827675819397,0.0
1999-02-02,MBALE,0.10127333430266248,0.4194827675819397,0.0
1999-02-03,SIRONKO,0.01593277841501813,1.1059272289276123,0.0
1999-02-03,BULAMBULI,0.027299816417180496,0.7245263457298279,0.0
1999-02-03,BUKWO,0.22896694738952214,0.7964881062507629,0.0
1999-02-03,BUTALEJA,0.0,0.0,0.0
1999-02-03,KWEEN,0.10043501245024433,0.7964881062507629,0.0
1999-02-03,KAPCHORWA,0.11617086473849328,0.7245263457298279,0.0
1999-02-03,MANAFWA,0.2008190949393213,2.4353036880493164,0.0
1999-02-03,BUDUDA,1.234456075794263,2.4353036880493164,0.0
1999-02-03,MBALE,0.1361157766971567,2.4353036880493164,0.0
1999-02-03,MBALE,0.10127333430266248,0.4194827675819397,0.0
1999-02-04,SIRONKO,0.0,0.0,0.0
1999-02-04,BULAMBULI,0.009169136711353647,0.3223009705543518,0.0
1999-02-04,BUKWO,0.19225099368258583,0.5386802554130554,0.0
1999-02-04,BUTALEJA,0.0,0.0,0.0
1999-02-04,KWEEN,0.07636977002537639,0.5386802554130554,0.0
1999-02-04,KAPCHORWA,0.11479149664422242,0.34567466378211975,0.0
1999-02-04,MANAFWA,0.044455847080685416,0.22101087868213654,0.0
1999-02-04,BUDUDA,0.013951598759890483,0.22101087868213654,0.0
1999-02-04,MBALE,0.05121217161651809,0.4194827675819397,0.0
1999-02-04,MBALE,0.10127333430266248,0.4194827675819397,0.0
1999-02-05,SIRONKO,0.0,0.0,0.0
1999-02-05,BULAMBULI,0.009169136711353647,0.3223009705543518,0.0
1999-02-05,BUKWO,0.19225099368258583,0.5386802554130554,0.0
1999-02-05,BUTALEJA,0.0,0.0,0.0
1999-02-05,KWEEN,0.07636977002537639,0.5386802554130554,0.0
1999-02-05,KAPCHORWA,0.11479149664422242,0.34567466378211975,0.0
1999-02-05,MANAFWA,0.044455847080685416,0.22101087868213654,0.0
1999-02-05,BUDUDA,0.013951598759890483,0.22101087868213654,0.0
1999-02-05,MBALE,0.05121217161651809,0.4194827675819397,0.0
1999-02-05,MBALE,0.10127333430266248,0.4194827675819397,0.0
1999-02-06,SIRONKO,3.050772560574809E-5,0.02826419286429882,0.0
1999-02-06,BULAMBULI,0.0,0.0,0.0
1999-02-06,BUKWO,0.00436157129081258,0.07310007512569427,0.0
1999-02-06,BUTALEJA,0.0,0.0,0.0
1999-02-06,KWEEN,0.004968972004194098,0.07310007512569427,0.0
1999-02-06,KAPCHORWA,5.471765247062466E-4,0.05212470889091492,0.0
1999-02-06,MANAFWA,0.019476792253084695,0.6708771586418152,0.0
1999-02-06,BUDUDA,0.12286872501403526,0.6708771586418152,0.0
1999-02-06,MBALE,0.006841236249793561,0.6708771586418152,0.0
1999-02-06,MBALE,0.0,0.0,0.0
1999-02-07,SIRONKO,3.1420839436253338E-6,0.002911015646532178,0.0
1999-02-07,BULAMBULI,0.0,0.0,0.0
1999-02-07,BUKWO,0.0036569620749131513,0.07310007512569427,0.0
1999-02-07,BUTALEJA,0.0,0.0,0.0
1999-02-07,KWEEN,0.0048803397049572445,0.07310007512569427,0.0
1999-02-07,KAPCHORWA,5.471765247062466E-4,0.05212470889091492,0.0
1999-02-07,MANAFWA,0.025742450850030185,0.21961092948913574,0.0
1999-02-07,BUDUDA,0.0398516007117464,0.21961092948913574,0.0
1999-02-07,MBALE,0.0020903777704220465,0.2049902379512787,0.0
1999-02-07,MBALE,0.0,0.0,0.0
1999-02-08,SIRONKO,3.2985362121131684E-7,3.0559624428860843E-4,0.0
1999-02-08,BULAMBULI,0.0,0.0,0.0
1999-02-08,BUKWO,0.0033046574269044713,0.07310007512569427,0.0
1999-02-08,BUTALEJA,0.0,0.0,0.0
1999-02-08,KWEEN,0.004836023553761868,0.07310007512569427,0.0
1999-02-08,KAPCHORWA,5.471765247062466E-4,0.05212470889091492,0.0
1999-02-08,MANAFWA,0.03325597791442396,0.596969723701477,0.0
1999-02-08,BUDUDA,0.07946795012304107,0.596969723701477,0.0
1999-02-08,MBALE,0.010924039547735548,0.3960038721561432,0.0
1999-02-08,MBALE,0.0,0.0,0.0
1999-02-09,SIRONKO,2.83999228525303E-4,0.26311397552490234,0.0
1999-02-09,BULAMBULI,7.592071000683123E-4,0.06630756705999374,0.0
1999-02-09,BUKWO,0.20516624575768494,1.1394766569137573,0.0
1999-02-09,BUTALEJA,0.0,0.0,0.0
1999-02-09,KWEEN,0.0325114838220792,1.1394766569137573,0.0
1999-02-09,KAPCHORWA,0.005937014676716833,0.13341973721981049,0.0
1999-02-09,MANAFWA,0.1384504590450171,1.1010042428970337,0.0
1999-02-09,BUDUDA,0.4839372433947094,1.1010042428970337,0.0
1999-02-09,MBALE,0.020420640969495425,0.810643196105957,0.0
1999-02-09,MBALE,0.0,0.0,0.0
1999-02-10,SIRONKO,0.0,0.0,0.0
1999-02-10,BULAMBULI,0.0,0.0,0.0
1999-02-10,BUKWO,0.0033046574269044713,0.07310007512569427,0.0
1999-02-10,BUTALEJA,0.0,0.0,0.0
1999-02-10,KWEEN,0.004836023553761868,0.07310007512569427,0.0
1999-02-10,KAPCHORWA,5.471765247062466E-4,0.05212470889091492,0.0
1999-02-10,MANAFWA,0.0,0.0,0.0
1999-02-10,BUDUDA,0.0,0.0,0.0
1999-02-10,MBALE,0.0,0.0,0.0
1999-02-10,MBALE,0.0,0.0,0.0
1999-02-11,SIRONKO,0.3535853622610218,8.739447593688965,0.0
1999-02-11,BULAMBULI,0.22649906343007314,7.780654430389404,0.0
1999-02-11,BUKWO,0.9566537199564938,3.339480400085449,0.0
1999-02-11,BUTALEJA,10.088305397586579,19.917558670043945,0.0
1999-02-11,KWEEN,0.3541908536090179,3.339480400085449,0.0
1999-02-11,KAPCHORWA,0.10092001448772747,1.8343385457992554,0.0
1999-02-11,MANAFWA,0.473129951192264,3.312596082687378,0.0
1999-02-11,BUDUDA,0.7134226203330072,3.312596082687378,0.0
1999-02-11,MBALE,0.5697408261088438,19.655229568481445,0.0
1999-02-11,MBALE,0.0,0.0,0.0
1999-02-12,SIRONKO,0.062030076511451204,2.0701873302459717,0.0
1999-02-12,BULAMBULI,0.0425436100753565,1.3503360748291016,0.0
1999-02-12,BUKWO,0.19790488129664227,2.534369707107544,0.0
1999-02-12,BUTALEJA,15.068434504640411,27.289216995239258,0.0
1999-02-12,KWEEN,0.04202654006832496,1.3981152772903442,0.0
1999-02-12,KAPCHORWA,0.030684737019820642,0.48683807253837585,0.0
1999-02-12,MANAFWA,4.044343150147715,16.861238479614258,0.0
1999-02-12,BUDUDA,1.0405252741476094,3.4857606887817383,0.0
1999-02-12,MBALE,0.6274496384023834,7.703245639801025,0.0
1999-02-12,MBALE,0.0,0.0,0.0
1999-02-13,SIRONKO,1.4610126883585756E-4,0.13535700738430023,0.0
1999-02-13,BULAMBULI,0.003327024587182958,0.23687230050563812,0.0
1999-02-13,BUKWO,0.330079218254415,1.2904367446899414,0.0
1999-02-13,BUTALEJA,0.001512625402136305,0.5217717289924622,0.0
1999-02-13,KWEEN,0.020997059907865236,1.2448426485061646,0.0
1999-02-13,KAPCHORWA,0.01463709250333917,0.23687230050563812,0.0
1999-02-13,MANAFWA,0.08338509744743947,1.0800437927246094,0.0
1999-02-13,BUDUDA,0.16768709578609808,0.6365836262702942,0.0
1999-02-13,MBALE,0.0,0.0,0.0
1999-02-13,MBALE,0.0,0.0,0.0
1999-02-14,SIRONKO,1.3406673300936955E-4,0.12420748919248581,0.0
1999-02-14,BULAMBULI,0.002133352144464923,0.11427006125450134,0.0
1999-02-14,BUKWO,0.08739167981218972,0.35404327511787415,0.0
1999-02-14,BUTALEJA,0.0,0.0,0.0
1999-02-14,KWEEN,0.009591257123602922,0.35404327511787415,0.0
1999-02-14,KAPCHORWA,0.007112106195594169,0.11427006125450134,0.0
1999-02-14,MANAFWA,0.002072085613032405,0.07025427371263504,0.0
1999-02-14,BUDUDA,0.03447011800564907,0.12420748919248581,0.0
1999-02-14,MBALE,8.025392385146347E-4,0.07025427371263504,0.0
1999-02-14,MBALE,0.0,0.0,0.0
1999-02-15,SIRONKO,1.8427553514159395E-5,0.017072394490242004,0.0
1999-02-15,BULAMBULI,0.0,0.0,0.0
1999-02-15,BUKWO,0.0,0.0,0.0
1999-02-15,BUTALEJA,0.0,0.0,0.0
1999-02-15,KWEEN,0.0,0.0,0.0
1999-02-15,KAPCHORWA,0.0,0.0,0.0
1999-02-15,MANAFWA,0.015312081457767534,0.2725014090538025,0.0
1999-02-15,BUDUDA,0.08112195962952937,0.2725014090538025,0.0
1999-02-15,MBALE,0.003112879352483101,0.2725014090538025,0.0
1999-02-15,MBALE,0.0,0.0,0.0
1999-02-16,SIRONKO,0.0,0.0,0.0
1999-02-16,BULAMBULI,0.0,0.0,0.0
1999-02-16,BUKWO,0.06299544514428919,0.2997577488422394,0.0
1999-02-16,BUTALEJA,0.0,0.0,0.0
1999-02-16,KWEEN,0.010883273104434205,0.2997577488422394,0.0
1999-02-16,KAPCHORWA,0.0,0.0,0.0
1999-02-16,MANAFWA,0.0016459841899228995,0.04299933463335037,0.0
1999-02-16,BUDUDA,3.4337713059936836E-4,0.04299933463335037,0.0
1999-02-16,MBALE,0.0,0.0,0.0
1999-02-16,MBALE,0.0,0.0,0.0
1999-02-17,SIRONKO,0.0,0.0,0.0
1999-02-17,BULAMBULI,0.0,0.0,0.0
1999-02-17,BUKWO,0.1194226532056815,0.8859255909919739,0.0
1999-02-17,BUTALEJA,0.0,0.0,0.0
1999-02-17,KWEEN,0.04918228457581246,0.8859255909919739,0.0
1999-02-17,KAPCHORWA,0.004074154475145216,0.19006386399269104,0.0
1999-02-17,MANAFWA,0.0016459841899228995,0.04299933463335037,0.0
1999-02-17,BUDUDA,3.4337713059936836E-4,0.04299933463335037,0.0
1999-02-17,MBALE,0.0,0.0,0.0
1999-02-17,MBALE,0.0,0.0,0.0
1999-02-18,SIRONKO,0.0,0.0,0.0
1999-02-18,BULAMBULI,0.0,0.0,0.0
1999-02-18,BUKWO,0.06940869293613676,0.2997577488422394,0.0
1999-02-18,BUTALEJA,0.0,0.0,0.0
1999-02-18,KWEEN,0.010919205423420555,0.2997577488422394,0.0
1999-02-18,KAPCHORWA,0.0,0.0,0.0
1999-02-18,MANAFWA,0.008140615673403068,0.250654399394989,0.0
1999-02-18,BUDUDA,0.029136298401669813,0.250654399394989,0.0
1999-02-18,MBALE,2.643596728839818E-4,0.250654399394989,0.0
1999-02-18,MBALE,0.0,0.0,0.0
1999-02-19,SIRONKO,0.0,0.0,0.0
1999-02-19,BULAMBULI,0.0,0.0,0.0
1999-02-19,BUKWO,0.06299544514428919,0.2997577488422394,0.0
1999-02-19,BUTALEJA,0.0,0.0,0.0
1999-02-19,KWEEN,0.010883273104434205,0.2997577488422394,0.0
1999-02-19,KAPCHORWA,0.0,0.0,0.0
1999-02-19,MANAFWA,0.004320244532451576,0.10570669919252396,0.0
1999-02-19,BUDUDA,0.012199286003990846,0.10570669919252396,0.0
1999-02-19,MBALE,1.0885398341446092E-4,0.10321063548326492,0.0
1999-02-19,MBALE,0.0,0.0,0.0
1999-02-20,SIRONKO,0.0,0.0,0.0
1999-02-20,BULAMBULI,0.0,0.0,0.0
1999-02-20,BUKWO,0.06299544514428919,0.2997577488422394,0.0
1999-02-20,BUTALEJA,0.0,0.0,0.0
1999-02-20,KWEEN,0.010883273104434205,0.2997577488422394,0.0
1999-02-20,KAPCHORWA,0.0,0.0,0.0
1999-02-20,MANAFWA,0.0016459841899228995,0.04299933463335037,0.0
1999-02-20,BUDUDA,3.4337713059936836E-4,0.04299933463335037,0.0
1999-02-20,MBALE,0.0,0.0,0.0
1999-02-20,MBALE,0.0,0.0,0.0
1999-02-21,SIRONKO,0.0,0.0,0.0
1999-02-21,BULAMBULI,0.0,0.0,0.0
1999-02-21,BUKWO,0.0,0.0,0.0
1999-02-21,BUTALEJA,0.0,0.0,0.0
1999-02-21,KWEEN,0.0,0.0,0.0
1999-02-21,KAPCHORWA,0.0,0.0,0.0
1999-02-21,MANAFWA,0.0,0.0,0.0
1999-02-21,BUDUDA,0.0,0.0,0.0
1999-02-21,MBALE,0.0,0.0,0.0
1999-02-21,MBALE,0.0,0.0,0.0
1999-02-22,SIRONKO,0.0,0.0,0.0
1999-02-22,BULAMBULI,0.0,0.0,0.0
1999-02-22,BUKWO,0.0,0.0,0.0
1999-02-22,BUTALEJA,0.0,0.0,0.0
1999-02-22,KWEEN,0.0,0.0,0.0
1999-02-22,KAPCHORWA,0.0,0.0,0.0
1999-02-22,MANAFWA,0.0,0.0,0.0
1999-02-22,BUDUDA,0.0,0.0,0.0
1999-02-22,MBALE,0.0,0.0,0.0
1999-02-22,MBALE,0.0,0.0,0.0
1999-02-23,SIRONKO,0.0,0.0,0.0
1999-02-23,BULAMBULI,0.0,0.0,0.0
1999-02-23,BUKWO,0.0,0.0,0.0
1999-02-23,BUTALEJA,0.0,0.0,0.0
1999-02-23,KWEEN,0.0,0.0,0.0
1999-02-23,KAPCHORWA,0.0,0.0,0.0
1999-02-23,MANAFWA,0.0,0.0,0.0
1999-02-23,BUDUDA,0.0,0.0,0.0
1999-02-23,MBALE,0.0,0.0,0.0
1999-02-23,MBALE,0.0,0.0,0.0
1999-02-24,SIRONKO,0.0,0.0,0.0
1999-02-24,BULAMBULI,0.0,0.0,0.0
1999-02-24,BUKWO,0.0,0.0,0.0
1999-02-24,BUTALEJA,0.0,0.0,0.0
1999-02-24,KWEEN,0.0,0.0,0.0
1999-02-24,KAPCHORWA,0.0,0.0,0.0
1999-02-24,MANAFWA,0.0,0.0,0.0
1999-02-24,BUDUDA,0.0,0.0,0.0
1999-02-24,MBALE,0.0,0.0,0.0
1999-02-24,MBALE,0.0,0.0,0.0
1999-02-25,SIRONKO,0.0,0.0,0.0
1999-02-25,BULAMBULI,0.0,0.0,0.0
1999-02-25,BUKWO,0.0,0.0,0.0
1999-02-25,BUTALEJA,0.0,0.0,0.0
1999-02-25,KWEEN,0.0,0.0,0.0
1999-02-25,KAPCHORWA,0.0,0.0,0.0
1999-02-25,MANAFWA,0.0,0.0,0.0
1999-02-25,BUDUDA,0.0,0.0,0.0
1999-02-25,MBALE,0.0,0.0,0.0
1999-02-25,MBALE,0.0,0.0,0.0
1999-02-26,SIRONKO,1.9533399784843395,4.0985541343688965,0.20068912208080292
1999-02-26,BULAMBULI,0.5527016844139128,2.822734832763672,0.0
1999-02-26,BUKWO,0.011641542012113152,0.19393715262413025,0.0
1999-02-26,BUTALEJA,0.02041898803946116,0.2452550232410431,0.0
1999-02-26,KWEEN,0.016886459212740797,0.3674107491970062,0.0
1999-02-26,KAPCHORWA,0.21913396655421552,1.1928619146347046,0.0
1999-02-26,MANAFWA,0.8148169452943961,5.4399895668029785,0.017034748569130898
1999-02-26,BUDUDA,2.675375869988166,5.4399895668029785,0.20068912208080292
1999-02-26,MBALE,1.9057723714786075,5.4399895668029785,0.046993959695100784
1999-02-26,MBALE,1.7907835120664206,3.9984161853790283,0.20380286872386932
1999-02-27,SIRONKO,11.964912256808269,23.36087989807129,3.3814876079559326
1999-02-27,BULAMBULI,3.6662976481946443,23.36087989807129,0.0
1999-02-27,BUKWO,1.767842610626956,4.973816394805908,0.0
1999-02-27,BUTALEJA,14.450568134243712,32.01524353027344,3.707644462585449
1999-02-27,KWEEN,0.6019130881565959,11.35520076751709,0.0
1999-02-27,KAPCHORWA,1.6070361404241134,11.35520076751709,0.0
1999-02-27,MANAFWA,5.378490930291312,23.09612274169922,0.38146913051605225
1999-02-27,BUDUDA,18.911634906792504,24.385669708251953,2.9137980937957764
1999-02-27,MBALE,14.946150725415508,23.500028610229492,2.721203088760376
1999-02-27,MBALE,19.24887302923623,23.500028610229492,11.384048461914062
1999-02-28,SIRONKO,5.841894145013725,10.604352951049805,2.456224203109741
1999-02-28,BULAMBULI,4.636894083875814,13.828507423400879,0.0
1999-02-28,BUKWO,1.270372702856738,4.267764568328857,0.0
1999-02-28,BUTALEJA,2.073369543519958,5.167376518249512,0.1458367556333542
1999-02-28,KWEEN,0.5692772507156661,7.936747074127197,0.0
1999-02-28,KAPCHORWA,4.3192525801060775,13.828507423400879,0.0
1999-02-28,MANAFWA,2.039618327602576,4.379083633422852,0.5003583431243896
1999-02-28,BUDUDA,3.9723077853732254,6.82343053817749,2.2219316959381104
1999-02-28,MBALE,3.4887607051181657,8.052404403686523,2.1358835697174072
1999-02-28,MBALE,4.6849421704084,5.143215656280518,2.8208415508270264
1999-03-01,SIRONKO,5.33587568906217,9.736441612243652,0.0
1999-03-01,BULAMBULI,4.610501267639903,12.125329971313477,0.9432998299598694
1999-03-01,BUKWO,3.2361888887236856,4.70688533782959,0.0
1999-03-01,BUTALEJA,13.910181275330974,23.561250686645508,6.983658790588379
1999-03-01,KWEEN,1.5803769728133745,4.70688533782959,0.0
1999-03-01,KAPCHORWA,3.7450055019565758,7.920085906982422,1.1815751791000366
1999-03-01,MANAFWA,5.403838476545105,16.602052688598633,0.0
1999-03-01,BUDUDA,1.5968403976875998,5.372705459594727,0.0
1999-03-01,MBALE,6.684350132762056,17.810131072998047,0.0
1999-03-01,MBALE,5.636294722829502,5.925599575042725,3.723690986633301
1999-03-02,SIRONKO,4.782058865262919,12.400519371032715,0.0
1999-03-02,BULAMBULI,6.344619959811033,14.355696678161621,0.3201655149459839
1999-03-02,BUKWO,2.1902428785789563,9.055225372314453,0.0
1999-03-02,BUTALEJA,7.982722468026959,16.533037185668945,2.0324766635894775
1999-03-02,KWEEN,6.859593007741933,14.048784255981445,0.0
1999-03-02,KAPCHORWA,8.72645916185647,14.048784255981445,0.5147305727005005
1999-03-02,MANAFWA,2.9437834924745507,6.727969646453857,0.0
1999-03-02,BUDUDA,0.938001784092094,3.600235939025879,0.0
1999-03-02,MBALE,6.886858767494208,13.834959030151367,0.0
1999-03-02,MBALE,12.946322123209638,13.232566833496094,8.123513221740723
1999-03-03,SIRONKO,9.563405589294911,14.958756446838379,0.0
1999-03-03,BULAMBULI,5.007733651140112,14.45734691619873,0.0
1999-03-03,BUKWO,3.962896167206625,6.125325679779053,0.0
1999-03-03,BUTALEJA,14.964945072749252,22.647220611572266,6.96845006942749
1999-03-03,KWEEN,1.520886524895097,9.02409839630127,0.0
1999-03-03,KAPCHORWA,6.807510868987402,13.45741081237793,0.5104040503501892
1999-03-03,MANAFWA,11.242590755086129,21.576454162597656,0.0
1999-03-03,BUDUDA,1.792478844492067,6.033673286437988,0.0
1999-03-03,MBALE,11.28966080571492,22.46663475036621,0.0
1999-03-03,MBALE,13.165352485244505,13.373324394226074,9.441640853881836
1999-03-04,SIRONKO,2.0745237265196037,4.8315815925598145,0.0
1999-03-04,BULAMBULI,1.7800603034892792,6.396452903747559,0.0
1999-03-04,BUKWO,0.7634758625581276,3.147019386291504,0.0
1999-03-04,BUTALEJA,1.8203893959912283,10.725920677185059,0.22589145600795746
1999-03-04,KWEEN,0.563831239235272,3.147019386291504,0.0
1999-03-04,KAPCHORWA,1.3121921235721157,5.4358015060424805,0.09268220514059067
1999-03-04,MANAFWA,1.6214207362640005,5.697559833526611,0.0
1999-03-04,BUDUDA,0.9293754607055305,2.729217290878296,0.0
1999-03-04,MBALE,3.2637631472686572,10.725920677185059,0.0
1999-03-04,MBALE,4.746972668999906,5.508584499359131,1.3586134910583496
1999-03-05,SIRONKO,1.3217590750578945,3.1063756942749023,0.0
1999-03-05,BULAMBULI,1.0615742695650738,4.419114589691162,0.0
1999-03-05,BUKWO,0.48775590842847066,2.0601754188537598,0.0
1999-03-05,BUTALEJA,0.35069846455578335,1.7207502126693726,0.0
1999-03-05,KWEEN,0.25962084120433054,2.5748884677886963,0.0
1999-03-05,KAPCHORWA,1.5644233149479727,4.999053478240967,0.0
1999-03-05,MANAFWA,1.6458317356395171,4.5292816162109375,0.0
1999-03-05,BUDUDA,0.7469074510179033,1.9599833488464355,0.0
1999-03-05,MBALE,1.733051960429008,2.8439509868621826,0.0
1999-03-05,MBALE,2.1323715762554176,2.514848470687866,0.7178005576133728
1999-03-06,SIRONKO,16.934232328088168,40.66225051879883,3.096057891845703
1999-03-06,BULAMBULI,9.389678748110367,37.278263092041016,2.1106491088867188
1999-03-06,BUKWO,15.6741197586039,35.761375427246094,7.836888790130615
1999-03-06,BUTALEJA,11.794590873168959,19.550994873046875,7.284050464630127
1999-03-06,KWEEN,6.8933804178081015,35.761375427246094,1.6832261085510254
1999-03-06,KAPCHORWA,8.853505400678026,25.847450256347656,4.748297691345215
1999-03-06,MANAFWA,21.764432002563968,41.523189544677734,10.959047317504883
1999-03-06,BUDUDA,36.282068038645015,41.523189544677734,22.73454475402832
1999-03-06,MBALE,17.359508447870105,32.11423110961914,6.780424118041992
1999-03-06,MBALE,16.601126284603975,23.171070098876953,10.020313262939453
1999-03-07,SIRONKO,13.892969448407708,20.79298973083496,6.488471984863281
1999-03-07,BULAMBULI,17.742540766742074,28.5285701751709,6.488471984863281
1999-03-07,BUKWO,16.724907037572965,32.67551040649414,1.8849055767059326
1999-03-07,BUTALEJA,13.524902899065916,20.43132781982422,7.050111770629883
1999-03-07,KWEEN,24.47904541041898,32.67551040649414,6.488471984863281
1999-03-07,KAPCHORWA,22.47434454723129,28.5285701751709,12.49975872039795
1999-03-07,MANAFWA,11.770238529324043,24.477445602416992,6.479831695556641
1999-03-07,BUDUDA,17.01660409866029,24.477445602416992,6.135058403015137
1999-03-07,MBALE,16.281050745153006,24.477445602416992,7.246649265289307
1999-03-07,MBALE,14.865593045278581,19.39244842529297,9.509576797485352
1999-03-08,SIRONKO,19.547878882048956,28.830547332763672,11.686058044433594
1999-03-08,BULAMBULI,10.189391109286001,20.597360610961914,0.5548526048660278
1999-03-08,BUKWO,4.789539516647578,10.113932609558105,0.6278440356254578
1999-03-08,BUTALEJA,28.175681569015747,37.431758880615234,17.61862564086914
1999-03-08,KWEEN,4.022371708445623,11.686058044433594,0.0199529267847538
1999-03-08,KAPCHORWA,11.294804336958043,15.501383781433105,6.4092183113098145
1999-03-08,MANAFWA,26.245283716723307,35.73944091796875,21.17836570739746
1999-03-08,BUDUDA,28.66818640989818,35.73944091796875,11.686058044433594
1999-03-08,MBALE,29.566583679660518,38.051170349121094,18.808046340942383
1999-03-08,MBALE,31.655359431337455,35.49374008178711,22.82100486755371
1999-03-09,SIRONKO,21.536142608153583,29.751821517944336,10.633538246154785
1999-03-09,BULAMBULI,21.560446213833895,44.2484016418457,10.633538246154785
1999-03-09,BUKWO,13.756386198798303,22.440019607543945,11.615286827087402
1999-03-09,BUTALEJA,10.699003641145854,22.158653259277344,2.2627527713775635
1999-03-09,KWEEN,13.797585767913723,22.440019607543945,10.049829483032227
1999-03-09,KAPCHORWA,16.079662699722707,20.523483276367188,11.91493034362793
1999-03-09,MANAFWA,14.247224157575042,34.027103424072266,6.946885585784912
1999-03-09,BUDUDA,22.65429462825099,34.027103424072266,10.633538246154785
1999-03-09,MBALE,24.486111204779913,40.16411590576172,6.946885585784912
1999-03-09,MBALE,29.39251317924975,40.16411590576172,17.276639938354492
1999-03-10,SIRONKO,2.6106610947937905,4.375360488891602,1.3296360969543457
1999-03-10,BULAMBULI,4.988385249744209,8.79959774017334,1.4005240201950073
1999-03-10,BUKWO,9.091813694967986,22.15300941467285,3.5730268955230713
1999-03-10,BUTALEJA,0.41485181343309185,1.7332797050476074,0.12105205655097961
1999-03-10,KWEEN,5.779343312421697,13.357728958129883,3.850323438644409
1999-03-10,KAPCHORWA,6.27001847068078,7.773311614990234,3.9897665977478027
1999-03-10,MANAFWA,2.497020424371796,6.448466777801514,0.2149922251701355
1999-03-10,BUDUDA,4.503714723174223,6.448466777801514,2.2050812244415283
1999-03-10,MBALE,1.396208988001516,4.142110347747803,0.2149922251701355
1999-03-10,MBALE,1.5481242177885732,1.9395222663879395,0.9697511196136475
1999-03-11,SIRONKO,6.071276757127064,8.030521392822266,3.7893459796905518
1999-03-11,BULAMBULI,5.938528343982522,11.051169395446777,3.5916621685028076
1999-03-11,BUKWO,2.3384234203120915,9.524083137512207,0.849647045135498
1999-03-11,BUTALEJA,5.289442022147293,8.293160438537598,1.5332622528076172
1999-03-11,KWEEN,2.646382656718444,9.524083137512207,0.6250853538513184
1999-03-11,KAPCHORWA,4.805966445163537,7.710419178009033,3.505927085876465
1999-03-11,MANAFWA,9.548523307646764,14.549300193786621,4.489055156707764
1999-03-11,BUDUDA,7.1342774182023065,12.493478775024414,4.9701924324035645
1999-03-11,MBALE,7.2849895784812935,12.23198127746582,2.969381809234619
1999-03-11,MBALE,8.467715914094523,10.843523979187012,5.522690773010254
1999-03-12,SIRONKO,3.260114567856448,4.7971038818359375,1.3671479225158691
1999-03-12,BULAMBULI,3.177198344412759,7.7655205726623535,0.6660851836204529
1999-03-12,BUKWO,6.641492937577999,10.513179779052734,3.0210468769073486
1999-03-12,BUTALEJA,0.5590124829513766,1.1124646663665771,0.3084952235221863
1999-03-12,KWEEN,2.4071184103211842,9.109209060668945,0.3979675769805908
1999-03-12,KAPCHORWA,4.640838567376155,7.7655205726623535,1.1145164966583252
1999-03-12,MANAFWA,2.018088460803773,2.811455249786377,0.9315972924232483
1999-03-12,BUDUDA,2.9091903517059396,4.7971038818359375,1.9490314722061157
1999-03-12,MBALE,1.5254952608560892,4.188144683837891,0.7677424550056458
1999-03-12,MBALE,1.7283608178823087,2.1009738445281982,1.1660659313201904
1999-03-13,SIRONKO,3.830425950918127,6.91895866394043,2.2891125679016113
1999-03-13,BULAMBULI,1.909799760944087,4.794297695159912,0.6832410097122192
1999-03-13,BUKWO,3.688089864208507,8.905560493469238,1.2275084257125854
1999-03-13,BUTALEJA,4.520151683138685,8.643239974975586,1.463101863861084
1999-03-13,KWEEN,1.686479848099228,7.995306015014648,0.434112012386322
1999-03-13,KAPCHORWA,1.7183362431106932,4.404804706573486,0.9818625450134277
1999-03-13,MANAFWA,5.292952777857787,9.017120361328125,2.5315754413604736
1999-03-13,BUDUDA,6.556855447386492,9.017120361328125,4.318051815032959
1999-03-13,MBALE,5.410438649406857,9.017120361328125,2.6499619483947754
1999-03-13,MBALE,6.705247761648229,7.02578067779541,4.426015377044678
1999-03-14,SIRONKO,12.54650571761449,16.37934684753418,7.943212032318115
1999-03-14,BULAMBULI,15.380561448983107,30.140239715576172,9.017940521240234
1999-03-14,BUKWO,10.779752316047418,18.165937423706055,6.913383483886719
1999-03-14,BUTALEJA,12.41650249108954,19.166391372680664,4.93438196182251
1999-03-14,KWEEN,13.153494003009943,23.66987419128418,7.891610622406006
1999-03-14,KAPCHORWA,10.992421723061547,16.571630477905273,7.891610622406006
1999-03-14,MANAFWA,4.443892871647833,9.324066162109375,1.6084038019180298
1999-03-14,BUDUDA,9.451581167808717,16.37934684753418,4.930214881896973
1999-03-14,MBALE,8.058776808660625,14.803318977355957,4.863988876342773
1999-03-14,MBALE,9.025946766186726,12.020793914794922,5.545931339263916
1999-03-15,SIRONKO,18.570656404113546,26.309497833251953,10.61279582977295
1999-03-15,BULAMBULI,23.779580506960947,31.629257202148438,15.261210441589355
1999-03-15,BUKWO,19.357998459474278,26.142236709594727,14.97480297088623
1999-03-15,BUTALEJA,4.695620673895272,14.786601066589355,1.1302931308746338
1999-03-15,KWEEN,22.87925444367158,28.08754539489746,14.683585166931152
1999-03-15,KAPCHORWA,24.175125558972454,31.2990779876709,20.598403930664062
1999-03-15,MANAFWA,11.561888757958354,18.58837890625,8.406211853027344
1999-03-15,BUDUDA,17.290902635226722,22.357797622680664,13.595176696777344
1999-03-15,MBALE,17.011736160761956,25.92656707763672,9.91247272491455
1999-03-15,MBALE,20.05587093883817,25.92656707763672,13.254894256591797
1999-03-16,SIRONKO,1.5467429976686877,4.971302509307861,0.03096514567732811
1999-03-16,BULAMBULI,1.3459800603351304,8.851612091064453,0.0
1999-03-16,BUKWO,7.701433841412609,9.90748405456543,3.7600014209747314
1999-03-16,BUTALEJA,0.07599098376719013,0.15658491849899292,0.025306755676865578
1999-03-16,KWEEN,3.9686027844042955,9.90748405456543,0.18199384212493896
1999-03-16,KAPCHORWA,2.21308653605908,8.851612091064453,0.24924707412719727
1999-03-16,MANAFWA,1.5419721972676128,3.82737398147583,0.34971219301223755
1999-03-16,BUDUDA,3.315342330380626,4.971302509307861,1.96110999584198
1999-03-16,MBALE,0.860985391840538,3.130621910095215,0.01750851981341839
1999-03-16,MBALE,0.5416125430343317,1.1171250343322754,0.031425438821315765
1999-03-17,SIRONKO,9.57726104246055,13.819127082824707,5.113335609436035
1999-03-17,BULAMBULI,8.742517969742655,13.28503704071045,6.021822929382324
1999-03-17,BUKWO,11.424887166209455,15.650879859924316,6.999446392059326
1999-03-17,BUTALEJA,8.040484456616127,10.839717864990234,6.106912136077881
1999-03-17,KWEEN,9.690243385004448,15.650879859924316,4.151083469390869
1999-03-17,KAPCHORWA,8.65338674627829,12.422944068908691,6.847193717956543
1999-03-17,MANAFWA,12.453960490834293,17.658546447753906,7.613117694854736
1999-03-17,BUDUDA,12.005160597493271,13.819127082824707,9.082426071166992
1999-03-17,MBALE,10.115795374804224,14.29963207244873,4.679159164428711
1999-03-17,MBALE,11.641030332522964,12.168910026550293,7.853201389312744
1999-03-18,SIRONKO,1.9216118119088414,2.7323670387268066,1.4848110675811768
1999-03-18,BULAMBULI,1.8584394663099681,2.701035737991333,0.7523581981658936
1999-03-18,BUKWO,1.8453835837525707,2.3282907009124756,0.9846658706665039
1999-03-18,BUTALEJA,2.291121853614381,4.012632369995117,1.2032231092453003
1999-03-18,KWEEN,1.670340453348206,2.701035737991333,0.7676305174827576
1999-03-18,KAPCHORWA,1.3434008974836256,2.230067729949951,0.7523581981658936
1999-03-18,MANAFWA,2.449456478263455,3.41276216506958,1.6044552326202393
1999-03-18,BUDUDA,2.605739551556794,3.119568347930908,1.9299798011779785
1999-03-18,MBALE,2.7668736646535925,3.5455403327941895,1.3773369789123535
1999-03-18,MBALE,3.237991102450897,3.5455403327941895,2.0806243419647217
1999-03-19,SIRONKO,0.14121562782160843,0.6540876626968384,0.0
1999-03-19,BULAMBULI,0.200189898072242,1.005515456199646,0.0
1999-03-19,BUKWO,0.9184973864349143,2.6354143619537354,0.04864852875471115
1999-03-19,BUTALEJA,0.0780465076217598,0.17688502371311188,0.0
1999-03-19,KWEEN,0.6250622094546538,1.7259399890899658,0.003027713857591152
1999-03-19,KAPCHORWA,0.23499094243443963,1.005515456199646,0.033423084765672684
1999-03-19,MANAFWA,0.4825029785027449,3.3944859504699707,0.011667562648653984
1999-03-19,BUDUDA,0.45240890611688606,0.8962057828903198,0.14954736828804016
1999-03-19,MBALE,0.05502829053162559,0.26748979091644287,0.0
1999-03-19,MBALE,0.011222130492806355,0.025579432025551796,0.0
1999-03-20,SIRONKO,0.003554579913324392,0.0775599405169487,0.0
1999-03-20,BULAMBULI,0.007174010848620838,0.08681806921958923,0.0
1999-03-20,BUKWO,0.0063341894597996355,0.07498107850551605,0.0
1999-03-20,BUTALEJA,0.0016359131433079522,0.012461822479963303,0.0
1999-03-20,KWEEN,0.0057031561130739756,0.08681806921958923,0.0
1999-03-20,KAPCHORWA,0.0056837430348721804,0.08681806921958923,0.0
1999-03-20,MANAFWA,0.054472210342724585,0.264131098985672,0.0
1999-03-20,BUDUDA,0.007626094365865635,0.10305579751729965,0.0
1999-03-20,MBALE,1.700912512007509E-5,0.0012612438295036554,0.0
1999-03-20,MBALE,0.0,0.0,0.0
1999-03-21,SIRONKO,0.0,0.0,0.0
1999-03-21,BULAMBULI,0.0,0.0,0.0
1999-03-21,BUKWO,0.0,0.0,0.0
1999-03-21,BUTALEJA,0.21265250848713366,1.2871649265289307,0.0
1999-03-21,KWEEN,0.0,0.0,0.0
1999-03-21,KAPCHORWA,0.0,0.0,0.0
1999-03-21,MANAFWA,0.9098092019392389,2.916696310043335,0.0
1999-03-21,BUDUDA,0.0,0.0,0.0
1999-03-21,MBALE,0.02478308971304315,0.5601018667221069,0.0
1999-03-21,MBALE,0.0,0.0,0.0
1999-03-22,SIRONKO,0.0,0.0,0.0
1999-03-22,BULAMBULI,0.0,0.0,0.0
1999-03-22,BUKWO,0.0,0.0,0.0
1999-03-22,BUTALEJA,0.0,0.0,0.0
1999-03-22,KWEEN,0.0,0.0,0.0
1999-03-22,KAPCHORWA,0.0,0.0,0.0
1999-03-22,MANAFWA,0.2178848968641159,1.478723406791687,0.0
1999-03-22,BUDUDA,0.0,0.0,0.0
1999-03-22,MBALE,0.0,0.0,0.0
1999-03-22,MBALE,0.0,0.0,0.0
1999-03-23,SIRONKO,0.0,0.0,0.0
1999-03-23,BULAMBULI,0.0,0.0,0.0
1999-03-23,BUKWO,0.0,0.0,0.0
1999-03-23,BUTALEJA,0.22494499688497968,0.5862330794334412,0.0
1999-03-23,KWEEN,0.0,0.0,0.0
1999-03-23,KAPCHORWA,0.0,0.0,0.0
1999-03-23,MANAFWA,0.3084658422395428,1.0285226106643677,0.0
1999-03-23,BUDUDA,0.0,0.0,0.0
1999-03-23,MBALE,0.018160431851385776,0.3718322515487671,0.0
1999-03-23,MBALE,0.0,0.0,0.0
1999-03-24,SIRONKO,0.0,0.0,0.0
1999-03-24,BULAMBULI,0.0,0.0,0.0
1999-03-24,BUKWO,0.0,0.0,0.0
1999-03-24,BUTALEJA,0.007240942936360954,0.054127488285303116,0.0
1999-03-24,KWEEN,0.0,0.0,0.0
1999-03-24,KAPCHORWA,0.0,0.0,0.0
1999-03-24,MANAFWA,0.12496126379835226,0.6662370562553406,0.0
1999-03-24,BUDUDA,0.0,0.0,0.0
1999-03-24,MBALE,0.00247048703447269,0.054127488285303116,0.0
1999-03-24,MBALE,0.0,0.0,0.0
1999-03-25,SIRONKO,0.0,0.0,0.0
1999-03-25,BULAMBULI,0.0,0.0,0.0
1999-03-25,BUKWO,0.0,0.0,0.0
1999-03-25,BUTALEJA,0.03396559453642412,0.2978058457374573,0.0
1999-03-25,KWEEN,0.0,0.0,0.0
1999-03-25,KAPCHORWA,0.0,0.0,0.0
1999-03-25,MANAFWA,0.09573985592380889,0.7276102304458618,0.0
1999-03-25,BUDUDA,0.0,0.0,0.0
1999-03-25,MBALE,0.0,0.0,0.0
1999-03-25,MBALE,0.0,0.0,0.0
1999-03-26,SIRONKO,13.049083284302812,16.756704330444336,9.55308723449707
1999-03-26,BULAMBULI,9.71777787544827,16.416805267333984,5.271251201629639
1999-03-26,BUKWO,8.604185185949477,10.622000694274902,5.529758453369141
1999-03-26,BUTALEJA,16.345198454845235,26.8359317779541,9.46311092376709
1999-03-26,KWEEN,8.772355229139228,11.356304168701172,5.9758477210998535
1999-03-26,KAPCHORWA,11.084649321350627,16.317476272583008,6.253817081451416
1999-03-26,MANAFWA,8.457992615048708,17.925867080688477,6.2692179679870605
1999-03-26,BUDUDA,13.205691050948873,19.361703872680664,7.879730224609375
1999-03-26,MBALE,13.225658557390108,20.353391647338867,6.354321002960205
1999-03-26,MBALE,14.856432437118345,18.57029151916504,10.18993091583252
1999-03-27,SIRONKO,4.991903162741572,11.392940521240234,0.6655359864234924
1999-03-27,BULAMBULI,8.527419438834478,11.393159866333008,0.8659306764602661
1999-03-27,BUKWO,9.965238763120635,15.383347511291504,3.5275585651397705
1999-03-27,BUTALEJA,4.257948575310214,11.777630805969238,2.50783109664917
1999-03-27,KWEEN,8.17647363614128,14.117813110351562,1.7291646003723145
1999-03-27,KAPCHORWA,8.260049629567568,11.393159866333008,4.858607769012451
1999-03-27,MANAFWA,1.5131689681557414,4.116694927215576,0.2501283884048462
1999-03-27,BUDUDA,0.8973137009167077,1.7291646003723145,0.2501283884048462
1999-03-27,MBALE,1.9334599976162319,5.473794937133789,0.2501283884048462
1999-03-27,MBALE,2.595973807244452,2.6174099445343018,1.8221741914749146
1999-03-28,SIRONKO,4.893740149480996,15.128687858581543,1.7733796834945679
1999-03-28,BULAMBULI,4.489440279101178,15.128687858581543,0.0
1999-03-28,BUKWO,5.6951964703454205,13.210947036743164,0.47933605313301086
1999-03-28,BUTALEJA,3.19407928236637,6.751202583312988,1.261885643005371
1999-03-28,KWEEN,6.624995127706033,13.251097679138184,0.11319522559642792
1999-03-28,KAPCHORWA,10.529989319522226,13.430542945861816,3.931809425354004
1999-03-28,MANAFWA,9.546527974908962,20.92086410522461,3.599637746810913
1999-03-28,BUDUDA,10.403713555402117,16.29732894897461,5.672292232513428
1999-03-28,MBALE,4.044388365872399,13.081462860107422,1.0984982252120972
1999-03-28,MBALE,1.5853854743943196,1.926626205444336,1.0995851755142212
1999-03-29,SIRONKO,2.7922487383369767,5.316840648651123,1.2013790607452393
1999-03-29,BULAMBULI,1.0688360953654292,5.316840648651123,0.0954180657863617
1999-03-29,BUKWO,3.7716584009719387,6.59074068069458,1.201413631439209
1999-03-29,BUTALEJA,8.39218479229549,14.076045036315918,3.583510398864746
1999-03-29,KWEEN,1.2379744387164893,5.9907073974609375,0.16289179027080536
1999-03-29,KAPCHORWA,0.6751379767888931,3.465616226196289,0.0954180657863617
1999-03-29,MANAFWA,2.9298924532646384,4.4606709480285645,1.8832688331604004
1999-03-29,BUDUDA,3.921345642386528,5.316840648651123,2.8521018028259277
1999-03-29,MBALE,4.190749330394827,6.374348163604736,2.136953115463257
1999-03-29,MBALE,4.606300928761591,5.325231552124023,3.365283966064453
1999-03-30,SIRONKO,11.686944096445265,17.34610939025879,8.974376678466797
1999-03-30,BULAMBULI,12.868989770230906,17.34610939025879,8.274654388427734
1999-03-30,BUKWO,12.95615192831422,16.985977172851562,6.728366374969482
1999-03-30,BUTALEJA,10.488220461518083,19.128538131713867,4.890167236328125
1999-03-30,KWEEN,9.51754039123239,17.34610939025879,5.644728183746338
1999-03-30,KAPCHORWA,10.753875581365396,16.010894775390625,8.274654388427734
1999-03-30,MANAFWA,8.703482120197432,12.937739372253418,5.928999900817871
1999-03-30,BUDUDA,10.882888367953269,17.34610939025879,6.971486568450928
1999-03-30,MBALE,10.209762338882541,15.204045295715332,5.307973384857178
1999-03-30,MBALE,9.02511029456746,11.639524459838867,5.926608562469482
1999-03-31,SIRONKO,12.698417187547808,15.919846534729004,8.429545402526855
1999-03-31,BULAMBULI,9.557712209933982,14.02218246459961,5.104857444763184
1999-03-31,BUKWO,7.255617578835751,10.744674682617188,5.104857444763184
1999-03-31,BUTALEJA,12.444882835681996,18.41179084777832,8.979909896850586
1999-03-31,KWEEN,7.27191344698875,11.408946990966797,4.29924201965332
1999-03-31,KAPCHORWA,7.543965031749901,12.974274635314941,4.29924201965332
1999-03-31,MANAFWA,8.14389522558374,15.606066703796387,3.6396193504333496
1999-03-31,BUDUDA,11.221521763669037,17.264331817626953,5.415433883666992
1999-03-31,MBALE,15.070522592973946,18.755542755126953,10.382391929626465
1999-03-31,MBALE,15.290915795101123,17.054956436157227,11.780776977539062
1999-04-01,SIRONKO,0.0,0.0,0.0
1999-04-01,BULAMBULI,0.0,0.0,0.0
1999-04-01,BUKWO,0.0,0.0,0.0
1999-04-01,BUTALEJA,0.9183509116695641,6.413911819458008,0.0
1999-04-01,KWEEN,0.0,0.0,0.0
1999-04-01,KAPCHORWA,0.0,0.0,0.0
1999-04-01,MANAFWA,0.0,0.0,0.0
1999-04-01,BUDUDA,0.0,0.0,0.0
1999-04-01,MBALE,0.9931536284904983,7.401552677154541,0.0
1999-04-01,MBALE,4.66365514243696,7.401552677154541,0.0
1999-04-02,SIRONKO,0.0,0.0,0.0
1999-04-02,BULAMBULI,0.0,0.0,0.0
1999-04-02,BUKWO,0.0,0.0,0.0
1999-04-02,BUTALEJA,0.08941145944739255,1.6738749742507935,0.0
1999-04-02,KWEEN,0.0,0.0,0.0
1999-04-02,KAPCHORWA,0.0,0.0,0.0
1999-04-02,MANAFWA,0.0,0.0,0.0
1999-04-02,BUDUDA,0.0,0.0,0.0
1999-04-02,MBALE,0.2293889008776572,1.6738749742507935,0.0
1999-04-02,MBALE,0.8496147790085129,1.3763850927352905,0.0
1999-04-03,SIRONKO,0.0,0.0,0.0
1999-04-03,BULAMBULI,0.0,0.0,0.0
1999-04-03,BUKWO,0.0,0.0,0.0
1999-04-03,BUTALEJA,0.1957264014905411,4.661818981170654,0.0
1999-04-03,KWEEN,0.0,0.0,0.0
1999-04-03,KAPCHORWA,0.0,0.0,0.0
1999-04-03,MANAFWA,0.0,0.0,0.0
1999-04-03,BUDUDA,0.0,0.0,0.0
1999-04-03,MBALE,0.6424704570627198,4.661818981170654,0.0
1999-04-03,MBALE,2.4604757238438504,4.523919582366943,0.0
1999-04-04,SIRONKO,0.0,0.0,0.0
1999-04-04,BULAMBULI,0.0,0.0,0.0
1999-04-04,BUKWO,0.0,0.0,0.0
1999-04-04,BUTALEJA,0.3966647695050263,4.990336894989014,0.0
1999-04-04,KWEEN,0.0,0.0,0.0
1999-04-04,KAPCHORWA,0.0,0.0,0.0
1999-04-04,MANAFWA,0.0,0.0,0.0
1999-04-04,BUDUDA,0.0,0.0,0.0
1999-04-04,MBALE,0.6086628400489807,4.990336894989014,0.0
1999-04-04,MBALE,2.2328844777205936,4.164186954498291,0.0
1999-04-05,SIRONKO,0.0,0.0,0.0
1999-04-05,BULAMBULI,0.0,0.0,0.0
1999-04-05,BUKWO,0.0,0.0,0.0
1999-04-05,BUTALEJA,2.845641657141647,35.17412567138672,0.0
1999-04-05,KWEEN,0.0,0.0,0.0
1999-04-05,KAPCHORWA,0.0,0.0,0.0
1999-04-05,MANAFWA,0.0,0.0,0.0
1999-04-05,BUDUDA,0.0,0.0,0.0
1999-04-05,MBALE,0.9069833054300132,6.773718357086182,0.0
1999-04-05,MBALE,2.374124910720143,3.8534486293792725,0.0
1999-04-06,SIRONKO,7.273357418380773,12.890534400939941,1.7151541709899902
1999-04-06,BULAMBULI,3.2691633263490796,12.890534400939941,0.39629265666007996
1999-04-06,BUKWO,4.626831723127129,7.831644535064697,0.5525913238525391
1999-04-06,BUTALEJA,2.66852790778791,8.8713960647583,0.37481823563575745
1999-04-06,KWEEN,1.7838982584029037,7.469046115875244,0.17174756526947021
1999-04-06,KAPCHORWA,3.086777322259857,6.40995454788208,0.760503351688385
1999-04-06,MANAFWA,6.214465500749708,22.698259353637695,0.7071422934532166
1999-04-06,BUDUDA,6.224111420308005,12.890534400939941,2.418548822402954
1999-04-06,MBALE,6.37119621951837,13.497492790222168,0.7071422934532166
1999-04-06,MBALE,9.450743244630699,13.497492790222168,5.945619583129883
1999-04-07,SIRONKO,1.8257248680416975,4.626963138580322,0.18618935346603394
1999-04-07,BULAMBULI,0.5733581473902424,3.5272068977355957,0.0077543738298118114
1999-04-07,BUKWO,1.2925573535454287,3.2767202854156494,0.0
1999-04-07,BUTALEJA,1.0540905766133815,3.2119176387786865,0.030322911217808723
1999-04-07,KWEEN,0.24364612043669548,2.4819817543029785,0.0
1999-04-07,KAPCHORWA,0.36540812773655496,2.1617591381073,0.07504899799823761
1999-04-07,MANAFWA,3.2994654021137872,6.744687557220459,0.19023123383522034
1999-04-07,BUDUDA,3.121248999704402,4.626963138580322,1.669098973274231
1999-04-07,MBALE,1.2175793073186274,4.626963138580322,0.03809252008795738
1999-04-07,MBALE,0.8073960894653697,1.240919828414917,0.3875821530818939
1999-04-08,SIRONKO,11.79563023642308,26.722841262817383,3.054652452468872
1999-04-08,BULAMBULI,10.499918946229277,24.61601448059082,2.0974559783935547
1999-04-08,BUKWO,5.449559655090486,20.579011917114258,0.23357023298740387
1999-04-08,BUTALEJA,9.936564990186412,23.139389038085938,3.8495237827301025
1999-04-08,KWEEN,4.598510289079972,23.941997528076172,0.14037850499153137
1999-04-08,KAPCHORWA,6.036670666385426,23.941997528076172,1.8403829336166382
1999-04-08,MANAFWA,34.325972977992976,48.66605758666992,14.87479019165039
1999-04-08,BUDUDA,23.505598392406277,35.2363166809082,14.87479019165039
1999-04-08,MBALE,24.09576323337635,38.53657531738281,7.534710884094238
1999-04-08,MBALE,21.45868551843975,34.73956298828125,11.848791122436523
1999-04-09,SIRONKO,12.105046479079586,23.76270294189453,1.012432336807251
1999-04-09,BULAMBULI,7.8229258616244675,23.024534225463867,1.012432336807251
1999-04-09,BUKWO,3.1125081928630642,6.3954010009765625,0.991202175617218
1999-04-09,BUTALEJA,14.723742058013984,23.424943923950195,3.773484230041504
1999-04-09,KWEEN,3.4187703980451865,7.140659809112549,0.991202175617218
1999-04-09,KAPCHORWA,7.549734842543533,12.104430198669434,2.3270647525787354
1999-04-09,MANAFWA,3.790838681037281,6.785214424133301,1.171266794204712
1999-04-09,BUDUDA,4.060407480677195,8.0526704788208,0.8779432773590088
1999-04-09,MBALE,9.237615927289763,18.211694717407227,1.171266794204712
1999-04-09,MBALE,16.125875695328524,17.212560653686523,12.379788398742676
1999-04-10,SIRONKO,9.615493805727999,15.540499687194824,3.2089550495147705
1999-04-10,BULAMBULI,10.29977559271646,17.21143913269043,1.195469617843628
1999-04-10,BUKWO,10.935799084028526,23.05699348449707,1.8712081909179688
1999-04-10,BUTALEJA,9.063162577773536,18.47354507446289,1.1390187740325928
1999-04-10,KWEEN,9.384195588165909,23.05699348449707,0.9194567799568176
1999-04-10,KAPCHORWA,13.28181295088511,17.21143913269043,7.910800933837891
1999-04-10,MANAFWA,2.388024150112929,5.030544281005859,0.501971423625946
1999-04-10,BUDUDA,5.05834307088494,9.298412322998047,2.5987954139709473
1999-04-10,MBALE,4.990072678176717,11.231792449951172,0.501971423625946
1999-04-10,MBALE,8.39038147717724,11.231792449951172,5.259655475616455
1999-04-11,SIRONKO,1.1610106620711989,6.510790824890137,0.0
1999-04-11,BULAMBULI,3.182441117966674,8.537979125976562,0.0
1999-04-11,BUKWO,0.33056636407016105,7.452898025512695,0.0
1999-04-11,BUTALEJA,6.236511638395582,7.943497657775879,4.560461044311523
1999-04-11,KWEEN,0.4073345300147114,7.452898025512695,0.0
1999-04-11,KAPCHORWA,3.2942040745931407,8.170702934265137,0.0
1999-04-11,MANAFWA,7.348871117726382,13.629530906677246,0.0
1999-04-11,BUDUDA,1.651635631929976,6.004360198974609,0.0
1999-04-11,MBALE,3.687128165309167,7.4442644119262695,0.0
1999-04-11,MBALE,2.3117158976093135,3.7886879444122314,0.0
1999-04-12,SIRONKO,1.3509229326963732,6.388156414031982,0.0
1999-04-12,BULAMBULI,5.5103921960225435,13.055282592773438,0.0
1999-04-12,BUKWO,0.3844271103375661,9.811244010925293,0.0
1999-04-12,BUTALEJA,0.17032025802673662,0.8670762181282043,0.0
1999-04-12,KWEEN,0.8786486286027888,9.811244010925293,0.0
1999-04-12,KAPCHORWA,4.25851367597126,9.811244010925293,0.0
1999-04-12,MANAFWA,1.0288015005668252,2.796821355819702,0.0
1999-04-12,BUDUDA,1.214045023228532,4.20147705078125,0.0
1999-04-12,MBALE,0.7600033168513247,3.146601676940918,0.0
1999-04-12,MBALE,1.3212101799364462,3.146601676940918,0.0
1999-04-13,SIRONKO,2.0010753293199937,7.952616214752197,0.0
1999-04-13,BULAMBULI,2.487303228416291,9.576536178588867,0.0
1999-04-13,BUKWO,0.21682517222840691,6.384474754333496,0.0
1999-04-13,BUTALEJA,0.7733221404539498,3.939241409301758,0.008031724020838737
1999-04-13,KWEEN,0.32724376165970837,6.384474754333496,0.0
1999-04-13,KAPCHORWA,3.590466975521574,9.576536178588867,0.0
1999-04-13,MANAFWA,6.215889087438207,10.663473129272461,0.0
1999-04-13,BUDUDA,2.323935550843133,9.63660717010498,0.0
1999-04-13,MBALE,3.255234811695061,7.582032680511475,0.0
1999-04-13,MBALE,3.5955340875506674,7.568463325500488,0.0
1999-04-14,SIRONKO,0.15952808000004126,0.7937659025192261,0.0
1999-04-14,BULAMBULI,0.42175550002963175,1.9674606323242188,0.0
1999-04-14,BUKWO,0.08905629172054431,1.9674606323242188,0.0
1999-04-14,BUTALEJA,0.5846391535975112,1.8248286247253418,0.07839206606149673
1999-04-14,KWEEN,0.10341906131318108,1.9674606323242188,0.0
1999-04-14,KAPCHORWA,0.802791864434457,1.9674606323242188,0.0
1999-04-14,MANAFWA,0.05878508679100542,0.2741972506046295,0.0
1999-04-14,BUDUDA,0.13747280089853864,0.680134654045105,0.0
1999-04-14,MBALE,0.13957316731197875,0.4075418710708618,0.0
1999-04-14,MBALE,0.09790930390683918,0.15246686339378357,0.0
1999-04-15,SIRONKO,1.1456011344054644,4.533035755157471,0.0
1999-04-15,BULAMBULI,1.7818950421486603,7.523565769195557,0.0
1999-04-15,BUKWO,0.1659517668658679,3.661301374435425,0.0
1999-04-15,BUTALEJA,0.0641547579110672,0.39749306440353394,0.0
1999-04-15,KWEEN,0.25264756141870626,3.661301374435425,0.0
1999-04-15,KAPCHORWA,2.015488676308564,6.581415176391602,0.0
1999-04-15,MANAFWA,1.4949307669899607,4.508015155792236,0.0
1999-04-15,BUDUDA,1.39195935778948,4.219686031341553,0.0
1999-04-15,MBALE,0.3336057312004654,1.6088275909423828,0.0
1999-04-15,MBALE,0.3754985513414311,0.7638192176818848,0.0
1999-04-16,SIRONKO,6.9621208662653835,9.83444881439209,3.125755786895752
1999-04-16,BULAMBULI,4.5999987027993665,9.591297149658203,0.22214379906654358
1999-04-16,BUKWO,1.9826938242293535,4.297796249389648,0.3908791244029999
1999-04-16,BUTALEJA,4.938467850611478,10.704532623291016,2.853624105453491
1999-04-16,KWEEN,1.605169846459831,6.099874496459961,0.22214379906654358
1999-04-16,KAPCHORWA,5.688061689214943,9.591297149658203,0.7717030048370361
1999-04-16,MANAFWA,5.331127853814026,8.65772819519043,2.7926340103149414
1999-04-16,BUDUDA,4.831986252861888,7.771200180053711,2.4529500007629395
1999-04-16,MBALE,6.392899487496784,11.947495460510254,2.872211217880249
1999-04-16,MBALE,8.686944058079211,11.947495460510254,5.386436939239502
1999-04-17,SIRONKO,8.175728083759111,15.61199951171875,2.382430076599121
1999-04-17,BULAMBULI,6.438693095987346,15.61199951171875,0.34825971722602844
1999-04-17,BUKWO,6.034526060302305,12.343578338623047,1.253873586654663
1999-04-17,BUTALEJA,1.8739487008530515,6.68180513381958,0.035327158868312836
1999-04-17,KWEEN,3.9439089224570503,15.61199951171875,0.15903112292289734
1999-04-17,KAPCHORWA,2.908539302650796,13.574546813964844,0.20729883015155792
1999-04-17,MANAFWA,5.754465541876407,15.667299270629883,1.0751937627792358
1999-04-17,BUDUDA,12.936160973677824,17.840484619140625,6.943994522094727
1999-04-17,MBALE,9.55602618393014,20.62346076965332,1.0751937627792358
1999-04-17,MBALE,12.103872652424343,20.62346076965332,5.793831825256348
1999-04-18,SIRONKO,5.500564419372636,8.893800735473633,2.7064144611358643
1999-04-18,BULAMBULI,8.290707375226686,17.221019744873047,2.7064144611358643
1999-04-18,BUKWO,2.1802735708946788,4.461754322052002,0.9206331372261047
1999-04-18,BUTALEJA,9.299814569039409,23.88283920288086,3.4809141159057617
1999-04-18,KWEEN,5.2407336252326004,14.207873344421387,2.0424959659576416
1999-04-18,KAPCHORWA,5.036122743361563,7.581666469573975,2.6554129123687744
1999-04-18,MANAFWA,8.237296270802316,11.956335067749023,3.3308568000793457
1999-04-18,BUDUDA,8.209206843182073,15.370234489440918,2.7064144611358643
1999-04-18,MBALE,12.993568605188166,23.88283920288086,3.3308568000793457
1999-04-18,MBALE,16.254328778628384,17.403186798095703,9.664786338806152
1999-04-19,SIRONKO,20.052389423447977,27.986072540283203,12.736814498901367
1999-04-19,BULAMBULI,23.613015865472455,41.72166442871094,13.378366470336914
1999-04-19,BUKWO,14.90055680586666,23.780731201171875,5.51278018951416
1999-04-19,BUTALEJA,13.773760679574634,24.7124080657959,7.425083637237549
1999-04-19,KWEEN,18.44684540524183,24.62444496154785,11.576614379882812
1999-04-19,KAPCHORWA,24.584783802171785,31.179086685180664,13.545007705688477
1999-04-19,MANAFWA,21.039528535364727,26.098779678344727,14.74476432800293
1999-04-19,BUDUDA,18.439841706976814,21.81871223449707,15.373364448547363
1999-04-19,MBALE,22.107346517449937,34.40424346923828,12.260357856750488
1999-04-19,MBALE,29.96476467318135,34.40424346923828,23.154226303100586
1999-04-20,SIRONKO,1.5197814433973253,5.715850830078125,0.027213942259550095
1999-04-20,BULAMBULI,2.1809882923733177,6.337881088256836,0.11537948995828629
1999-04-20,BUKWO,0.5796645759993936,1.6485801935195923,0.06575777381658554
1999-04-20,BUTALEJA,0.3032829976062808,1.341158390045166,0.07889033854007721
1999-04-20,KWEEN,0.7333077643430029,1.519487977027893,0.16686898469924927
1999-04-20,KAPCHORWA,2.136758613835857,4.604581832885742,0.7958090305328369
1999-04-20,MANAFWA,2.046362067745801,2.8653759956359863,0.8729816675186157
1999-04-20,BUDUDA,2.4832845869397673,5.061636924743652,0.5544390678405762
1999-04-20,MBALE,1.2530026868857491,2.396808385848999,0.15724466741085052
1999-04-20,MBALE,1.1300116529261952,2.2072508335113525,0.36539676785469055
1999-04-21,SIRONKO,1.0845298314899596,1.5025544166564941,0.6270314455032349
1999-04-21,BULAMBULI,0.30680265814343494,1.3433765172958374,0.0
1999-04-21,BUKWO,0.47847835991900917,1.4491422176361084,0.0
1999-04-21,BUTALEJA,0.4933007437460626,0.9041997790336609,0.0
1999-04-21,KWEEN,0.10327491058043477,1.4491422176361084,0.0
1999-04-21,KAPCHORWA,0.13556802642553534,1.1280707120895386,0.0
1999-04-21,MANAFWA,1.3396044193911816,2.4954025745391846,0.35439133644104004
1999-04-21,BUDUDA,1.2951048123616238,2.110426902770996,0.7073932886123657
1999-04-21,MBALE,1.1468938064287342,2.0105221271514893,0.35439133644104004
1999-04-21,MBALE,1.4427529776209211,2.0105221271514893,0.84483802318573
1999-04-22,SIRONKO,0.03476628920086327,0.11625941097736359,0.0
1999-04-22,BULAMBULI,0.01036807976649705,0.11625941097736359,0.0
1999-04-22,BUKWO,0.0024860464394331904,0.03550463542342186,0.0
1999-04-22,BUTALEJA,0.04279873063793761,0.18894925713539124,0.0
1999-04-22,KWEEN,0.0010275345954007939,0.03550463542342186,0.0
1999-04-22,KAPCHORWA,0.0021586520660862355,0.023009775206446648,0.0
1999-04-22,MANAFWA,0.016575766762007824,0.11336755752563477,0.0
1999-04-22,BUDUDA,0.08843506123026923,0.12802086770534515,0.027875902131199837
1999-04-22,MBALE,0.07478895601899611,0.19273604452610016,0.0
1999-04-22,MBALE,0.12118567494049767,0.1546502262353897,0.05364573374390602
1999-04-23,SIRONKO,0.9083341193442274,3.1617822647094727,0.21916767954826355
1999-04-23,BULAMBULI,1.108264001997963,2.6884987354278564,0.1299845427274704
1999-04-23,BUKWO,0.3266598214110005,1.04872727394104,0.0
1999-04-23,BUTALEJA,1.3217037607922324,3.547503709793091,0.1473337709903717
1999-04-23,KWEEN,0.22415868325875615,1.0529201030731201,0.0
1999-04-23,KAPCHORWA,0.43403417942344286,1.2379803657531738,0.05752161517739296
1999-04-23,MANAFWA,2.5897077981678684,5.127387046813965,0.48560720682144165
1999-04-23,BUDUDA,2.7967009449609868,4.071784019470215,0.5043004155158997
1999-04-23,MBALE,0.550042163407341,3.448883533477783,0.1473337709903717
1999-04-23,MBALE,0.24267714162920567,0.24575211107730865,0.18502599000930786
1999-04-24,SIRONKO,5.188879269663817,10.327413558959961,1.897342562675476
1999-04-24,BULAMBULI,8.821000658323445,14.881453514099121,3.334480047225952
1999-04-24,BUKWO,10.038476231714812,14.171858787536621,5.6872334480285645
1999-04-24,BUTALEJA,0.43214961993359163,2.5185563564300537,0.0
1999-04-24,KWEEN,11.471822983342417,15.127756118774414,3.366647958755493
1999-04-24,KAPCHORWA,11.036237018888345,14.452314376831055,4.960319995880127
1999-04-24,MANAFWA,2.366528405886987,3.5020949840545654,1.0672425031661987
1999-04-24,BUDUDA,2.5405516125629837,4.711735725402832,1.33051335811615
1999-04-24,MBALE,2.883617137685652,7.972442626953125,1.0672425031661987
1999-04-24,MBALE,4.369754959040127,5.090943813323975,2.959552526473999
1999-04-25,SIRONKO,11.199111552333656,17.752962112426758,6.092795372009277
1999-04-25,BULAMBULI,10.662068860070434,19.638164520263672,4.789492130279541
1999-04-25,BUKWO,6.666592266742859,11.642001152038574,3.273738384246826
1999-04-25,BUTALEJA,8.170011220496269,16.909584045410156,3.9692647457122803
1999-04-25,KWEEN,5.996916711987376,16.724504470825195,2.936343193054199
1999-04-25,KAPCHORWA,7.461101772928038,13.400505065917969,3.7083425521850586
1999-04-25,MANAFWA,9.999043492421892,16.436464309692383,4.921067714691162
1999-04-25,BUDUDA,12.545614105699906,16.436464309692383,6.343327522277832
1999-04-25,MBALE,11.709468481994863,20.100725173950195,4.921067714691162
1999-04-25,MBALE,15.733863369296902,20.100725173950195,9.8705415725708
1999-04-26,SIRONKO,13.186845387532495,30.39043617248535,7.448996067047119
1999-04-26,BULAMBULI,29.13715920403788,57.47294235229492,7.899438858032227
1999-04-26,BUKWO,10.656929180310156,20.12444305419922,1.3310269117355347
1999-04-26,BUTALEJA,13.441616613321349,29.295068740844727,5.0471696853637695
1999-04-26,KWEEN,10.63424429968978,34.53887939453125,1.0682002305984497
1999-04-26,KAPCHORWA,19.405936806420197,43.503787994384766,8.620095252990723
1999-04-26,MANAFWA,7.49281024662043,13.544495582580566,3.0442070960998535
1999-04-26,BUDUDA,9.442226970876163,13.756248474121094,6.596714973449707
1999-04-26,MBALE,10.438975797071414,18.0300350189209,3.0442070960998535
1999-04-26,MBALE,16.93271009212921,17.726699829101562,12.841419219970703
1999-04-27,SIRONKO,13.101649683131479,26.242332458496094,5.552584648132324
1999-04-27,BULAMBULI,30.892785244451414,51.961551666259766,9.797284126281738
1999-04-27,BUKWO,39.747881829313094,54.63374328613281,21.786964416503906
1999-04-27,BUTALEJA,15.285918866703515,36.6123046875,3.4245591163635254
1999-04-27,KWEEN,43.27264900468496,56.613037109375,16.8613224029541
1999-04-27,KAPCHORWA,41.21575939885093,54.446109771728516,25.986297607421875
1999-04-27,MANAFWA,3.9703705344829667,8.20678997039795,1.661252737045288
1999-04-27,BUDUDA,7.727842159358021,16.8613224029541,5.091228485107422
1999-04-27,MBALE,10.13199588202048,20.614587783813477,3.4245591163635254
1999-04-27,MBALE,13.634510986640722,20.614587783813477,4.958526611328125
1999-04-28,SIRONKO,16.383190811198492,40.614192962646484,2.056933879852295
1999-04-28,BULAMBULI,11.209348127458759,40.614192962646484,3.688389778137207
1999-04-28,BUKWO,17.29537080371492,41.83332443237305,7.132635593414307
1999-04-28,BUTALEJA,5.034583834901509,15.891592979431152,0.46375221014022827
1999-04-28,KWEEN,6.838325756546659,16.577899932861328,3.284848213195801
1999-04-28,KAPCHORWA,5.7890024577093735,18.18062973022461,4.160710334777832
1999-04-28,MANAFWA,5.296590282739899,10.936010360717773,2.9854912757873535
1999-04-28,BUDUDA,3.760554623604557,6.0666584968566895,2.056933879852295
1999-04-28,MBALE,7.277952430632068,19.6929988861084,2.056933879852295
1999-04-28,MBALE,11.912575238520828,13.451757431030273,8.643417358398438
1999-04-29,SIRONKO,5.261470356544597,17.186262130737305,2.1587963104248047
1999-04-29,BULAMBULI,28.55967897515828,47.428897857666016,4.792964458465576
1999-04-29,BUKWO,28.24329760253776,44.61271286010742,11.063642501831055
1999-04-29,BUTALEJA,32.80531300375914,56.977317810058594,5.922286033630371
1999-04-29,KWEEN,25.553782972052307,39.85688400268555,15.541838645935059
1999-04-29,KAPCHORWA,28.80618778088189,40.03541564941406,16.114194869995117
1999-04-29,MANAFWA,7.361482592219344,16.225902557373047,3.5115396976470947
1999-04-29,BUDUDA,5.061883144860103,15.541838645935059,2.1587963104248047
1999-04-29,MBALE,6.140745456535498,15.990141868591309,2.1587963104248047
1999-04-29,MBALE,6.644675646036855,7.24276876449585,4.374847888946533
1999-04-30,SIRONKO,22.899260008939756,43.07558822631836,5.108307838439941
1999-04-30,BULAMBULI,14.821439872435226,39.36254119873047,0.8320863842964172
1999-04-30,BUKWO,10.787533167206314,39.44963073730469,2.455402135848999
1999-04-30,BUTALEJA,6.897219652195889,41.43801498413086,0.0
1999-04-30,KWEEN,6.495126360385163,39.44963073730469,0.8320863842964172
1999-04-30,KAPCHORWA,12.364862185117932,32.92935562133789,4.906152725219727
1999-04-30,MANAFWA,21.45809641879603,50.00869369506836,10.504931449890137
1999-04-30,BUDUDA,40.601725696292405,52.32667541503906,27.106971740722656
1999-04-30,MBALE,34.87959514521031,66.35472106933594,11.76600170135498
1999-04-30,MBALE,45.82134398984396,53.17173767089844,26.284893035888672
1999-05-01,SIRONKO,3.7790726777281805,7.023953914642334,2.4068167209625244
1999-05-01,BULAMBULI,3.520499858029206,7.816537380218506,0.14397543668746948
1999-05-01,BUKWO,4.893082399412239,14.066329956054688,2.501647710800171
1999-05-01,BUTALEJA,20.86646594316183,27.70896339416504,8.604596138000488
1999-05-01,KWEEN,2.7188604561396863,7.2208170890808105,0.11429215967655182
1999-05-01,KAPCHORWA,1.9620346539619826,3.5325803756713867,0.7957785725593567
1999-05-01,MANAFWA,4.802083817346741,7.391359329223633,0.6937409043312073
1999-05-01,BUDUDA,6.012665041930251,7.750424385070801,3.5553722381591797
1999-05-01,MBALE,9.86167832396806,21.63719367980957,2.8598062992095947
1999-05-01,MBALE,14.497031223373089,15.877693176269531,4.722316741943359
1999-05-02,SIRONKO,1.7243024263850872,3.276050329208374,0.6798563003540039
1999-05-02,BULAMBULI,0.6318086758685432,2.4751689434051514,0.0
1999-05-02,BUKWO,0.17085778194135945,0.8320056796073914,0.0
1999-05-02,BUTALEJA,0.3910365692181771,1.9263139963150024,0.004060135688632727
1999-05-02,KWEEN,0.052809501959850416,0.8320056796073914,0.0
1999-05-02,KAPCHORWA,0.1401231005054616,0.7769088745117188,0.0
1999-05-02,MANAFWA,4.239887459524288,7.502099514007568,1.025194764137268
1999-05-02,BUDUDA,2.5863109652395284,4.324416160583496,0.7136931419372559
1999-05-02,MBALE,2.8927170558265627,6.288741111755371,0.6575067043304443
1999-05-02,MBALE,4.426717625114212,5.157141208648682,1.855703592300415
1999-05-03,SIRONKO,0.7798057074256566,3.388598918914795,0.24112391471862793
1999-05-03,BULAMBULI,1.1891091483452862,5.218277931213379,0.0
1999-05-03,BUKWO,2.3366089119935602,10.815252304077148,0.0
1999-05-03,BUTALEJA,9.848998133907777,22.556699752807617,3.123094320297241
1999-05-03,KWEEN,0.4868938508856069,3.2650880813598633,0.0
1999-05-03,KAPCHORWA,1.3277188489685257,2.9851739406585693,0.06644672155380249
1999-05-03,MANAFWA,6.073583417246469,9.891849517822266,0.27419281005859375
1999-05-03,BUDUDA,3.567431297911021,6.119342803955078,0.9763727784156799
1999-05-03,MBALE,5.709271695282035,10.435164451599121,0.3372413218021393
1999-05-03,MBALE,4.664360723905496,5.2350945472717285,0.46468469500541687
1999-05-04,SIRONKO,1.5734941812737784,8.510129928588867,0.006031395867466927
1999-05-04,BULAMBULI,0.9216859673742609,3.2129178047180176,0.0
1999-05-04,BUKWO,0.19973028982280322,1.326392412185669,0.0
1999-05-04,BUTALEJA,1.1359909156608798,9.506620407104492,0.0
1999-05-04,KWEEN,0.5418740932251825,2.283257484436035,0.0
1999-05-04,KAPCHORWA,0.6383676048915891,1.5817897319793701,0.0
1999-05-04,MANAFWA,6.617469801112293,17.76392364501953,0.3171387016773224
1999-05-04,BUDUDA,6.900791199839476,12.268781661987305,0.006031395867466927
1999-05-04,MBALE,7.68573869237864,15.86007022857666,0.6446968913078308
1999-05-04,MBALE,10.113964340946001,13.452186584472656,3.2355589866638184
1999-05-05,SIRONKO,11.518291551848861,20.08613395690918,6.261631011962891
1999-05-05,BULAMBULI,24.38754107053523,50.65130615234375,10.166821479797363
1999-05-05,BUKWO,20.471175613621778,32.39700698852539,11.703880310058594
1999-05-05,BUTALEJA,11.624359109296273,22.920793533325195,6.269834041595459
1999-05-05,KWEEN,20.99272971979766,50.65130615234375,3.8727223873138428
1999-05-05,KAPCHORWA,19.264899823619654,30.338869094848633,15.102715492248535
1999-05-05,MANAFWA,7.678581972899656,16.767391204833984,1.078051209449768
1999-05-05,BUDUDA,14.252931436793373,23.378549575805664,6.092061996459961
1999-05-05,MBALE,8.175466634980008,13.353184700012207,4.003054618835449
1999-05-05,MBALE,12.44857065015239,13.353184700012207,6.056195259094238
1999-05-06,SIRONKO,5.881736478150572,12.815022468566895,2.387505292892456
1999-05-06,BULAMBULI,4.983895678674933,12.815022468566895,1.4479455947875977
1999-05-06,BUKWO,6.825773351642734,20.092212677001953,1.515160322189331
1999-05-06,BUTALEJA,1.4038049851735974,5.909613609313965,0.25125566124916077
1999-05-06,KWEEN,4.534598041059637,17.09549903869629,0.0
1999-05-06,KAPCHORWA,5.005235734303548,9.642777442932129,2.292351007461548
1999-05-06,MANAFWA,16.24654390893773,27.783952713012695,3.546065330505371
1999-05-06,BUDUDA,8.27064969082257,21.694089889526367,2.8927879333496094
1999-05-06,MBALE,2.856583826096395,15.0294828414917,0.5566840767860413
1999-05-06,MBALE,1.6137586026907047,2.6468756198883057,0.5904296040534973
1999-05-07,SIRONKO,1.8329341402110995,3.700124502182007,0.5656531453132629
1999-05-07,BULAMBULI,2.5820757182111587,6.439519882202148,0.0
1999-05-07,BUKWO,6.45190444964704,12.140034675598145,2.298576831817627
1999-05-07,BUTALEJA,1.1902191940089997,7.231039047241211,0.005384049843996763
1999-05-07,KWEEN,4.089762709247818,8.335223197937012,0.0
1999-05-07,KAPCHORWA,3.693066162642488,6.439519882202148,1.5362251996994019
1999-05-07,MANAFWA,10.345888673898068,17.002845764160156,2.87815260887146
1999-05-07,BUDUDA,3.383003263682277,7.830923557281494,1.652880072593689
1999-05-07,MBALE,2.911718091835204,8.955721855163574,0.29173779487609863
1999-05-07,MBALE,2.362828443126666,4.398162364959717,0.43285268545150757
1999-05-08,SIRONKO,18.535377193118983,31.648366928100586,3.5882067680358887
1999-05-08,BULAMBULI,18.788766408964165,31.648366928100586,3.5882067680358887
1999-05-08,BUKWO,3.3094643223040103,10.23971939086914,0.7660447359085083
1999-05-08,BUTALEJA,5.1744396324488156,13.961893081665039,1.0728079080581665
1999-05-08,KWEEN,6.637952511675765,17.661273956298828,0.0
1999-05-08,KAPCHORWA,16.90266230039185,31.163297653198242,5.189271450042725
1999-05-08,MANAFWA,13.927352871703148,20.822669982910156,5.636026859283447
1999-05-08,BUDUDA,7.203920726885635,13.567790985107422,3.5882067680358887
1999-05-08,MBALE,15.477914439404904,25.47898292541504,7.871280193328857
1999-05-08,MBALE,21.432137274173908,22.93168067932129,13.503911972045898
1999-05-09,SIRONKO,10.35641359022598,21.086763381958008,5.807760238647461
1999-05-09,BULAMBULI,4.051755919669279,14.328091621398926,0.0
1999-05-09,BUKWO,3.2105397191473797,11.10617733001709,0.0
1999-05-09,BUTALEJA,1.8526434790205433,7.540829658508301,0.3898950219154358
1999-05-09,KWEEN,1.4769525357382065,11.10617733001709,0.0
1999-05-09,KAPCHORWA,2.6161439198801535,9.79244613647461,0.06894324719905853
1999-05-09,MANAFWA,9.582009162532716,15.14709186553955,4.163086414337158
1999-05-09,BUDUDA,11.191252964808086,15.24116039276123,7.510070323944092
1999-05-09,MBALE,10.252333176108529,21.086763381958008,4.268763065338135
1999-05-09,MBALE,12.9482923121457,18.591163635253906,6.124910831451416
1999-05-10,SIRONKO,5.113981992957678,10.1126127243042,2.2987492084503174
1999-05-10,BULAMBULI,2.622350011669462,10.1126127243042,0.0
1999-05-10,BUKWO,3.242640913887107,7.355984687805176,0.0
1999-05-10,BUTALEJA,0.283308909904747,1.3411784172058105,0.022882213816046715
1999-05-10,KWEEN,0.6252987886945748,6.74344539642334,0.0
1999-05-10,KAPCHORWA,1.3981652916251495,6.423658847808838,0.007946839556097984
1999-05-10,MANAFWA,4.206591142563429,5.785717010498047,2.1104743480682373
1999-05-10,BUDUDA,2.9668813666908327,5.483798027038574,2.4378139972686768
1999-05-10,MBALE,2.395899111623265,5.785717010498047,0.2956819236278534
1999-05-10,MBALE,1.8686036480784691,3.33640456199646,0.6709185838699341
1999-05-11,SIRONKO,9.14677027242211,15.425320625305176,3.5623903274536133
1999-05-11,BULAMBULI,5.329111982416907,17.174789428710938,0.01911582611501217
1999-05-11,BUKWO,1.1483076982828273,13.465936660766602,0.0
1999-05-11,BUTALEJA,2.190407137856481,6.200207710266113,0.3694326877593994
1999-05-11,KWEEN,1.863413493026257,13.465936660766602,0.0
1999-05-11,KAPCHORWA,4.845132712275568,13.97675895690918,0.17752259969711304
1999-05-11,MANAFWA,3.7562250624394418,6.7011799812316895,0.9452234506607056
1999-05-11,BUDUDA,6.227741354074425,11.128530502319336,3.1844191551208496
1999-05-11,MBALE,4.064819524723774,14.139364242553711,1.1056668758392334
1999-05-11,MBALE,5.070705953120718,7.916930675506592,3.096087694168091
1999-05-12,SIRONKO,30.510671365672163,59.80522537231445,16.894115447998047
1999-05-12,BULAMBULI,23.172734053895695,46.646793365478516,8.360511779785156
1999-05-12,BUKWO,13.537831500372981,27.087013244628906,1.2318875789642334
1999-05-12,BUTALEJA,10.795179089990565,20.15234375,3.9363460540771484
1999-05-12,KWEEN,6.868351877343141,27.087013244628906,1.129996418952942
1999-05-12,KAPCHORWA,20.85268930496667,42.216697692871094,9.780320167541504
1999-05-12,MANAFWA,37.74642411985631,56.09490203857422,18.309537887573242
1999-05-12,BUDUDA,39.9236599144198,59.80522537231445,16.894115447998047
1999-05-12,MBALE,28.280722348355805,59.80522537231445,13.37157917022705
1999-05-12,MBALE,29.76702273440758,31.338272094726562,20.980093002319336
1999-05-13,SIRONKO,20.808737467517027,32.32273864746094,8.679725646972656
1999-05-13,BULAMBULI,28.294625789995024,41.8228759765625,16.933279037475586
1999-05-13,BUKWO,17.529711666671687,32.48723220825195,1.1551281213760376
1999-05-13,BUTALEJA,15.536311105432775,27.162744522094727,5.312013149261475
1999-05-13,KWEEN,13.408768710608935,41.8228759765625,1.1551281213760376
1999-05-13,KAPCHORWA,20.64882391712223,32.08051681518555,15.196553230285645
1999-05-13,MANAFWA,17.81213248578593,24.26742172241211,11.731321334838867
1999-05-13,BUDUDA,18.77702397057158,28.145843505859375,14.177374839782715
1999-05-13,MBALE,18.198737428419008,28.145843505859375,7.762641429901123
1999-05-13,MBALE,14.387860332405571,14.752270698547363,11.58346176147461
1999-05-14,SIRONKO,4.893191470507965,12.207941055297852,1.7342933416366577
1999-05-14,BULAMBULI,3.9786717184073166,12.207941055297852,0.10439077764749527
1999-05-14,BUKWO,16.01088337922315,29.25473976135254,4.345364093780518
1999-05-14,BUTALEJA,6.321945521801971,20.81684684753418,0.8473118543624878
1999-05-14,KWEEN,12.114664690707073,26.54183006286621,0.0
1999-05-14,KAPCHORWA,6.4735873182416075,17.672664642333984,1.543100357055664
1999-05-14,MANAFWA,6.617872577964906,11.603130340576172,2.82639479637146
1999-05-14,BUDUDA,8.60931491989066,12.207941055297852,4.279698371887207
1999-05-14,MBALE,3.382912221017704,9.310324668884277,0.8571295142173767
1999-05-14,MBALE,2.5530943298044058,2.7279436588287354,1.8275423049926758
1999-05-15,SIRONKO,7.32488912421524,22.80344009399414,2.869081497192383
1999-05-15,BULAMBULI,16.927854221766303,34.925785064697266,4.397644519805908
1999-05-15,BUKWO,8.770683549039287,15.322935104370117,1.6920000314712524
1999-05-15,BUTALEJA,5.548763173370637,12.793851852416992,0.16321615874767303
1999-05-15,KWEEN,10.6375456473602,20.71262550354004,3.7036311626434326
1999-05-15,KAPCHORWA,20.888341412043296,33.25251388549805,6.9285759925842285
1999-05-15,MANAFWA,4.3737367993764344,10.391161918640137,0.4035109579563141
1999-05-15,BUDUDA,3.694611139660999,6.862861156463623,1.6465295553207397
1999-05-15,MBALE,4.58122191057079,8.703959465026855,0.5136001110076904
1999-05-15,MBALE,5.615017326369302,8.703959465026855,4.250424385070801
1999-05-16,SIRONKO,0.1296498148942322,1.1647655963897705,0.0
1999-05-16,BULAMBULI,0.6951592645818959,4.801916599273682,0.0
1999-05-16,BUKWO,0.46699768482731746,3.5698678493499756,0.0
1999-05-16,BUTALEJA,7.042985629207922,27.65784454345703,0.0
1999-05-16,KWEEN,1.2788582528037598,5.495686054229736,0.0
1999-05-16,KAPCHORWA,3.418666206894129,6.6893086433410645,0.553225576877594
1999-05-16,MANAFWA,1.3659754318677337,13.498180389404297,0.0
1999-05-16,BUDUDA,0.17989258321169702,0.6530754566192627,0.0
1999-05-16,MBALE,0.5311021705685599,12.94151782989502,0.0
1999-05-16,MBALE,0.10107761756232701,1.0014221668243408,0.0
1999-05-17,SIRONKO,0.2282147106352391,1.3534519672393799,0.0
1999-05-17,BULAMBULI,0.3618535088133661,1.4686617851257324,0.0
1999-05-17,BUKWO,0.047844624238839235,0.31415364146232605,0.0
1999-05-17,BUTALEJA,10.872288976541892,26.160226821899414,2.162109613418579
1999-05-17,KWEEN,0.14245908653051617,1.109784483909607,0.0
1999-05-17,KAPCHORWA,0.873908778886778,1.8466867208480835,0.15932297706604004
1999-05-17,MANAFWA,0.7772736681197743,6.844367504119873,0.0
1999-05-17,BUDUDA,1.0343484498179463,2.7275686264038086,0.0
1999-05-17,MBALE,1.0923583141649742,8.404208183288574,0.0
1999-05-17,MBALE,0.31264482882766853,3.0874874591827393,0.0
1999-05-18,SIRONKO,1.0077346409922332,3.7365963459014893,0.0
1999-05-18,BULAMBULI,1.1475391670540287,3.7365963459014893,0.0
1999-05-18,BUKWO,0.9966560140470374,4.181666374206543,0.0
1999-05-18,BUTALEJA,1.677807195688303,8.57133960723877,0.0
1999-05-18,KWEEN,0.45280702120615945,4.181666374206543,0.0
1999-05-18,KAPCHORWA,1.0975507792128165,3.552208423614502,0.0
1999-05-18,MANAFWA,1.5113144573967947,25.64861297607422,0.0
1999-05-18,BUDUDA,2.5259310525928607,5.093925952911377,0.0
1999-05-18,MBALE,2.241083515165877,14.387489318847656,0.0
1999-05-18,MBALE,0.9714364321489487,6.034821033477783,0.0
1999-05-19,SIRONKO,0.822610714567893,2.4910643100738525,0.0
1999-05-19,BULAMBULI,0.642250557667188,2.4910643100738525,0.0
1999-05-19,BUKWO,0.5838052439072511,3.2979655265808105,0.0
1999-05-19,BUTALEJA,2.2189397462657876,9.782506942749023,0.0
1999-05-19,KWEEN,0.19353915462259438,3.2979655265808105,0.0
1999-05-19,KAPCHORWA,0.2846158956488042,2.2303998470306396,0.0
1999-05-19,MANAFWA,0.9255675051723824,9.879465103149414,0.0
1999-05-19,BUDUDA,1.7251737429373546,2.5927188396453857,0.0
1999-05-19,MBALE,3.1333871425401716,9.815434455871582,0.0
1999-05-19,MBALE,1.2791286579464296,8.329928398132324,0.0
1999-05-20,SIRONKO,1.465666025210867,5.9778265953063965,0.0
1999-05-20,BULAMBULI,1.4978339100489733,6.717466354370117,0.0
1999-05-20,BUKWO,0.5177044550385688,3.4545512199401855,0.0
1999-05-20,BUTALEJA,1.5230323178078946,10.608750343322754,0.0
1999-05-20,KWEEN,0.4089822153749742,3.4545512199401855,0.0
1999-05-20,KAPCHORWA,0.8324809573891497,4.7495245933532715,0.0
1999-05-20,MANAFWA,1.4398929718544018,15.536520004272461,0.0
1999-05-20,BUDUDA,3.307102603807637,5.9778265953063965,0.0
1999-05-20,MBALE,4.2446993271263995,15.536520004272461,0.0
1999-05-20,MBALE,1.27876575482347,7.786458492279053,0.0
1999-05-21,SIRONKO,0.890063825118154,1.7901402711868286,0.37123623490333557
1999-05-21,BULAMBULI,0.5714675569384137,1.392059087753296,0.0
1999-05-21,BUKWO,0.6798477270821599,1.1532535552978516,0.0
1999-05-21,BUTALEJA,2.316239330151874,8.493927001953125,0.007859940640628338
1999-05-21,KWEEN,0.17563353942499385,1.1532535552978516,0.0
1999-05-21,KAPCHORWA,0.6384486697424747,1.2566744089126587,0.11852466315031052
1999-05-21,MANAFWA,5.997603358422545,10.21370792388916,0.947644829750061
1999-05-21,BUDUDA,1.5835026968775572,2.4920146465301514,0.6341022849082947
1999-05-21,MBALE,1.2900914286405485,9.390836715698242,0.0
1999-05-21,MBALE,0.859567313126361,1.5841386318206787,0.0
1999-05-22,SIRONKO,1.463039054056102,3.99242901802063,0.5031476020812988
1999-05-22,BULAMBULI,2.822714407011798,4.906893253326416,0.6024290919303894
1999-05-22,BUKWO,0.728409136392926,2.2282111644744873,0.0
1999-05-22,BUTALEJA,8.02844861884946,18.24368667602539,0.024259643629193306
1999-05-22,KWEEN,0.8699041818527776,3.1943275928497314,0.0
1999-05-22,KAPCHORWA,3.1007020307127973,4.593807220458984,0.7198474407196045
1999-05-22,MANAFWA,2.788206427042253,6.823988914489746,0.504017174243927
1999-05-22,BUDUDA,0.8094630420883204,1.558168888092041,0.504017174243927
1999-05-22,MBALE,1.318181305708786,5.746153831481934,0.0
1999-05-22,MBALE,0.7489918454815039,1.3396981954574585,0.0
1999-05-23,SIRONKO,1.0311956951492711,2.1382319927215576,0.23711219429969788
1999-05-23,BULAMBULI,1.1974187787539674,2.790844678878784,0.25152769684791565
1999-05-23,BUKWO,2.1430898327697103,3.1972813606262207,0.7672834396362305
1999-05-23,BUTALEJA,1.288215687626868,9.604512214660645,0.007056540809571743
1999-05-23,KWEEN,1.2956417208852666,3.1972813606262207,0.2962065041065216
1999-05-23,KAPCHORWA,1.5940402003265277,2.790844678878784,0.6103134751319885
1999-05-23,MANAFWA,2.0415321000062208,3.689948797225952,0.6670411229133606
1999-05-23,BUDUDA,1.5899624777756,2.5954411029815674,0.6887375116348267
1999-05-23,MBALE,0.9378016534926943,2.4530813694000244,0.0
1999-05-23,MBALE,1.2768698523159785,2.3926329612731934,0.0
1999-05-24,SIRONKO,0.994103537268253,2.5219810009002686,0.09946144372224808
1999-05-24,BULAMBULI,0.671249685040285,2.5219810009002686,0.0
1999-05-24,BUKWO,0.21396372298185323,1.5617413520812988,0.0
1999-05-24,BUTALEJA,0.04120184796911111,1.0239251852035522,0.0
1999-05-24,KWEEN,0.7970421587554523,2.5219810009002686,0.0
1999-05-24,KAPCHORWA,0.24829447874684293,1.7151949405670166,0.0
1999-05-24,MANAFWA,1.1229578221623069,2.8319942951202393,0.0
1999-05-24,BUDUDA,1.4416727219111327,2.5219810009002686,0.28654903173446655
1999-05-24,MBALE,0.4142086433826505,1.8334518671035767,0.0
1999-05-24,MBALE,0.4070785929671775,0.5202934145927429,0.0
1999-05-25,SIRONKO,0.5274312167354508,1.1330106258392334,0.04503914341330528
1999-05-25,BULAMBULI,0.3212802985698692,1.0862812995910645,0.0
1999-05-25,BUKWO,0.18603277271755525,1.7323092222213745,0.0
1999-05-25,BUTALEJA,1.031147667456072,9.604512214660645,0.005312893074005842
1999-05-25,KWEEN,0.6192769309014382,2.690542459487915,0.0
1999-05-25,KAPCHORWA,0.4415077041122022,1.0124531984329224,0.0
1999-05-25,MANAFWA,1.016582299075799,2.405437707901001,0.12932947278022766
1999-05-25,BUDUDA,0.6560064873338609,1.0862812995910645,0.3255711793899536
1999-05-25,MBALE,0.7405378381703769,2.405437707901001,0.0
1999-05-25,MBALE,1.0573349471696247,1.7286028861999512,0.0
1999-05-26,SIRONKO,2.725666448241372,10.137042999267578,0.0
1999-05-26,BULAMBULI,1.840210780333935,10.137042999267578,0.0
1999-05-26,BUKWO,1.541754934784029,6.657737731933594,0.0
1999-05-26,BUTALEJA,2.312276595421969,5.440032482147217,0.3075113594532013
1999-05-26,KWEEN,1.4228984550092985,7.697180271148682,0.0
1999-05-26,KAPCHORWA,2.1743918844107064,7.697180271148682,0.0
1999-05-26,MANAFWA,2.467088604148379,8.656999588012695,0.4971621632575989
1999-05-26,BUDUDA,5.559698088464722,10.137042999267578,1.9323625564575195
1999-05-26,MBALE,1.8177953439886954,4.495079517364502,0.22310279309749603
1999-05-26,MBALE,2.177874778751606,2.7193615436553955,1.226241946220398
1999-05-27,SIRONKO,8.619390348204341,27.84520149230957,0.6384480595588684
1999-05-27,BULAMBULI,5.513504931183864,17.88123321533203,0.5533977746963501
1999-05-27,BUKWO,0.1860990672590673,0.6730288863182068,0.0
1999-05-27,BUTALEJA,7.3528595220526904,19.443693161010742,0.8548961281776428
1999-05-27,KWEEN,0.5178381524071378,13.176807403564453,0.0
1999-05-27,KAPCHORWA,0.8872719881142133,3.8176331520080566,0.0727434977889061
1999-05-27,MANAFWA,2.6913031840083326,6.2394795417785645,0.45197904109954834
1999-05-27,BUDUDA,2.496660852398672,4.955175399780273,0.6384480595588684
1999-05-27,MBALE,9.411454075869162,26.377717971801758,2.275724172592163
1999-05-27,MBALE,15.340179059305418,18.338191986083984,12.012235641479492
1999-05-28,SIRONKO,10.57837009242731,21.1381778717041,1.0179450511932373
1999-05-28,BULAMBULI,4.093741464695316,12.332696914672852,0.0
1999-05-28,BUKWO,1.1464072296890357,8.63990592956543,0.0
1999-05-28,BUTALEJA,11.899351293415789,23.330615997314453,7.284769535064697
1999-05-28,KWEEN,0.38776700761978805,5.246352195739746,0.0
1999-05-28,KAPCHORWA,2.7234253803793758,11.493758201599121,0.0626245066523552
1999-05-28,MANAFWA,12.36310951758379,17.010311126708984,4.696566581726074
1999-05-28,BUDUDA,9.945948501635826,17.5383243560791,1.0179450511932373
1999-05-28,MBALE,12.177419392293013,17.5383243560791,4.994214057922363
1999-05-28,MBALE,12.942907762107142,13.388073921203613,9.76334285736084
1999-05-29,SIRONKO,8.580472097743923,25.302217483520508,2.0850958824157715
1999-05-29,BULAMBULI,12.910144000695112,39.75572204589844,0.9500759243965149
1999-05-29,BUKWO,5.390298446722132,9.83306884765625,0.5418052077293396
1999-05-29,BUTALEJA,4.321265672436785,8.438539505004883,0.15275806188583374
1999-05-29,KWEEN,8.759564666398383,39.75572204589844,1.1865839958190918
1999-05-29,KAPCHORWA,9.667972044505083,20.487154006958008,6.005703449249268
1999-05-29,MANAFWA,2.8639557937199527,10.370821952819824,0.07925774157047272
1999-05-29,BUDUDA,9.181263240486645,22.459321975708008,1.6466190814971924
1999-05-29,MBALE,2.944780557855231,8.545334815979004,0.07925774157047272
1999-05-29,MBALE,3.800756083004154,5.779656410217285,1.8380709886550903
1999-05-30,SIRONKO,30.442233473569793,44.32457733154297,12.849324226379395
1999-05-30,BULAMBULI,17.755794208911365,44.22909927368164,2.1621761322021484
1999-05-30,BUKWO,7.685289685566263,14.369370460510254,0.015037551522254944
1999-05-30,BUTALEJA,11.213695562107057,21.792116165161133,4.362889289855957
1999-05-30,KWEEN,7.1800272031836645,24.943008422851562,0.14235898852348328
1999-05-30,KAPCHORWA,18.70864760816126,44.22909927368164,4.375022888183594
1999-05-30,MANAFWA,14.860184234978734,34.55476379394531,7.81826639175415
1999-05-30,BUDUDA,26.639842282150916,39.85860061645508,11.489201545715332
1999-05-30,MBALE,27.201592048855556,45.87605285644531,8.962121963500977
1999-05-30,MBALE,30.56365105345325,45.87605285644531,16.797975540161133
1999-05-31,SIRONKO,13.836100557383569,23.613750457763672,6.152317047119141
1999-05-31,BULAMBULI,7.586522453931183,23.613750457763672,0.0
1999-05-31,BUKWO,4.080936552421227,7.9677324295043945,0.4956202805042267
1999-05-31,BUTALEJA,2.3409155897854728,14.778552055358887,0.0
1999-05-31,KWEEN,2.956969955395771,6.880692958831787,0.0
1999-05-31,KAPCHORWA,5.095004139214164,16.29396629333496,1.7604718208312988
1999-05-31,MANAFWA,10.181733970165835,19.075149536132812,1.7169636487960815
1999-05-31,BUDUDA,10.092098939805476,16.74127960205078,5.5739521980285645
1999-05-31,MBALE,8.808856472289154,19.93872833251953,1.1967666149139404
1999-05-31,MBALE,8.384962870955585,16.923372268676758,2.233725070953369
1999-06-01,SIRONKO,1.82987056030666,11.760648727416992,0.7675689458847046
1999-06-01,BULAMBULI,1.9801117884485622,4.25728702545166,0.43232807517051697
1999-06-01,BUKWO,1.4134089997530992,5.2436842918396,0.5129104256629944
1999-06-01,BUTALEJA,2.130232548705786,7.032025337219238,0.0
1999-06-01,KWEEN,1.4268197446122062,5.2436842918396,0.24649524688720703
1999-06-01,KAPCHORWA,2.3821366298090023,4.437516689300537,0.4104260802268982
1999-06-01,MANAFWA,1.409384513697732,15.37452507019043,0.0
1999-06-01,BUDUDA,5.187000194021832,15.37452507019043,1.7185442447662354
1999-06-01,MBALE,1.4089892847915924,15.37452507019043,0.0
1999-06-01,MBALE,1.669846064821883,2.7494611740112305,0.2122262865304947
1999-06-02,SIRONKO,1.332591371455295,7.409971714019775,0.2508606016635895
1999-06-02,BULAMBULI,1.1717705897603408,3.698286771774292,0.01778254844248295
1999-06-02,BUKWO,1.0893390028115846,10.241584777832031,0.06587845832109451
1999-06-02,BUTALEJA,4.0329714421753495,14.592615127563477,0.0
1999-06-02,KWEEN,3.2104653372349734,13.69990348815918,0.0
1999-06-02,KAPCHORWA,1.3248189877361276,2.9657657146453857,0.281805157661438
1999-06-02,MANAFWA,0.48985277778335284,8.141175270080566,0.0
1999-06-02,BUDUDA,2.327659338244091,8.141175270080566,0.5553277134895325
1999-06-02,MBALE,0.5608432044388805,8.141175270080566,0.0
1999-06-02,MBALE,0.5037926031015704,0.9426989555358887,0.05414409190416336
1999-06-03,SIRONKO,1.1690296055050722,7.277670860290527,0.20876610279083252
1999-06-03,BULAMBULI,0.46036528023580997,1.8813706636428833,0.0
1999-06-03,BUKWO,0.25967252105811983,1.022709846496582,0.0
1999-06-03,BUTALEJA,0.004207641201206559,0.14429013431072235,0.0
1999-06-03,KWEEN,0.12012028851844382,1.4040278196334839,0.0
1999-06-03,KAPCHORWA,0.1486779301793972,1.0017365217208862,0.0
1999-06-03,MANAFWA,0.573120249211494,7.580582618713379,0.0
1999-06-03,BUDUDA,2.399035024842376,7.580582618713379,0.9010008573532104
1999-06-03,MBALE,0.8125060695073957,7.580582618713379,0.0
1999-06-03,MBALE,0.8306438861335127,2.063483476638794,0.049923207610845566
1999-06-04,SIRONKO,0.7627857262596573,6.124986171722412,0.07496508210897446
1999-06-04,BULAMBULI,1.2005703653331157,2.347501039505005,0.06826195120811462
1999-06-04,BUKWO,0.6295135681974391,13.193014144897461,0.0070056919939816
1999-06-04,BUTALEJA,5.5539731686857845,11.559194564819336,0.0
1999-06-04,KWEEN,4.51138385548016,18.44866943359375,0.15240898728370667
1999-06-04,KAPCHORWA,2.194218008021584,3.558271646499634,0.6517696380615234
1999-06-04,MANAFWA,0.13529798483465913,0.4362901449203491,0.0
1999-06-04,BUDUDA,0.1337418743999782,0.4325050413608551,0.015173080377280712
1999-06-04,MBALE,0.09383862686557541,0.8505560755729675,0.0
1999-06-04,MBALE,0.19989872111875345,0.2620651423931122,0.032068151980638504
1999-06-05,SIRONKO,1.427024993365058,6.331855297088623,0.5156293511390686
1999-06-05,BULAMBULI,1.5095955775507877,4.050700664520264,0.17557428777217865
1999-06-05,BUKWO,2.3831463643547317,6.024880886077881,0.22654682397842407
1999-06-05,BUTALEJA,0.06971458642498647,0.4768892228603363,0.0
1999-06-05,KWEEN,1.347682955419213,6.024880886077881,0.0
1999-06-05,KAPCHORWA,1.4512403578993336,3.821225643157959,0.17557428777217865
1999-06-05,MANAFWA,0.4026937179937293,3.8028414249420166,0.0
1999-06-05,BUDUDA,1.9679859805825886,4.050700664520264,0.41043412685394287
1999-06-05,MBALE,0.4957931309514717,3.926637649536133,0.0
1999-06-05,MBALE,0.7573594121573176,0.9143242239952087,0.11526845395565033
1999-06-06,SIRONKO,28.787565359730856,53.1213264465332,9.572488784790039
1999-06-06,BULAMBULI,30.163447073980556,56.8996467590332,10.911820411682129
1999-06-06,BUKWO,23.71545927917408,44.47553634643555,5.767782211303711
1999-06-06,BUTALEJA,17.231315651743643,26.73516845703125,7.926129341125488
1999-06-06,KWEEN,12.237992855479968,42.068809509277344,1.4496400356292725
1999-06-06,KAPCHORWA,32.906592651206715,56.8996467590332,11.591774940490723
1999-06-06,MANAFWA,16.47341064843753,30.984697341918945,8.414332389831543
1999-06-06,BUDUDA,26.163169216472077,48.2547492980957,14.966479301452637
1999-06-06,MBALE,14.172894751682298,22.481779098510742,9.572488784790039
1999-06-06,MBALE,13.617443622579147,18.975238800048828,13.017646789550781
1999-06-07,SIRONKO,25.40940622267221,42.396278381347656,16.157299041748047
1999-06-07,BULAMBULI,35.10875521578223,52.04805374145508,19.194202423095703
1999-06-07,BUKWO,28.787091036449084,43.76264572143555,14.06011962890625
1999-06-07,BUTALEJA,9.595041098510503,18.810752868652344,2.1693403720855713
1999-06-07,KWEEN,26.612862729612537,41.455894470214844,14.569339752197266
1999-06-07,KAPCHORWA,39.07055257237575,52.04805374145508,23.264524459838867
1999-06-07,MANAFWA,15.804826591317575,34.07924270629883,6.519360065460205
1999-06-07,BUDUDA,28.146962989272488,37.449703216552734,16.44803810119629
1999-06-07,MBALE,17.173532152367688,31.780397415161133,11.800759315490723
1999-06-07,MBALE,16.606997263419874,23.55998420715332,15.5748929977417
1999-06-08,SIRONKO,4.963495657327487,11.831014633178711,0.1535629779100418
1999-06-08,BULAMBULI,7.56721169607281,18.299171447753906,0.421241819858551
1999-06-08,BUKWO,20.000643666968532,29.14423370361328,8.90927791595459
1999-06-08,BUTALEJA,0.9850673016309407,4.681556224822998,0.0
1999-06-08,KWEEN,14.817618426295452,28.450712203979492,6.8950066566467285
1999-06-08,KAPCHORWA,10.978751772536405,18.299171447753906,3.6799633502960205
1999-06-08,MANAFWA,10.404447287559305,17.38453483581543,2.986159086227417
1999-06-08,BUDUDA,10.357758289740142,16.055185317993164,6.890237331390381
1999-06-08,MBALE,3.426430756570745,13.561967849731445,0.16412143409252167
1999-06-08,MBALE,1.8534074294588512,2.6435024738311768,0.475742369890213
1999-06-09,SIRONKO,4.933622145298642,10.593852996826172,1.3547475337982178
1999-06-09,BULAMBULI,3.3551903078258642,13.761128425598145,0.0
1999-06-09,BUKWO,3.0974320573730916,8.87431526184082,0.7091177105903625
1999-06-09,BUTALEJA,2.3687314263986137,8.686372756958008,0.3690907955169678
1999-06-09,KWEEN,0.9026136285237863,10.593852996826172,0.0
1999-06-09,KAPCHORWA,1.9269946075825062,9.166980743408203,0.0
1999-06-09,MANAFWA,4.91917156960148,12.89045238494873,1.4598714113235474
1999-06-09,BUDUDA,6.667210696637069,10.593852996826172,3.759371757507324
1999-06-09,MBALE,2.7580239925227046,8.973402976989746,1.1667101383209229
1999-06-09,MBALE,2.3054415143629794,3.4444282054901123,1.8916871547698975
1999-06-10,SIRONKO,2.8741978693546737,10.294028282165527,0.15692761540412903
1999-06-10,BULAMBULI,1.9513646902612642,10.294028282165527,0.0
1999-06-10,BUKWO,1.228382418972924,8.585579872131348,0.0
1999-06-10,BUTALEJA,0.04900091904563188,0.22866083681583405,0.0
1999-06-10,KWEEN,0.6080295973385125,10.294028282165527,0.0
1999-06-10,KAPCHORWA,0.8844324787110259,8.12169075012207,0.0
1999-06-10,MANAFWA,1.9812752530021112,5.993246555328369,0.21800097823143005
1999-06-10,BUDUDA,4.375137859375903,10.294028282165527,1.3211874961853027
1999-06-10,MBALE,0.8302391588975949,2.5513572692871094,0.0
1999-06-10,MBALE,0.6858542796067463,1.4253581762313843,0.10929575562477112
1999-06-11,SIRONKO,0.03505376298186935,0.2060159295797348,0.0
1999-06-11,BULAMBULI,0.09199966017679331,0.55063796043396,0.0
1999-06-11,BUKWO,0.08628339126152336,0.926945149898529,0.0
1999-06-11,BUTALEJA,0.0017230997492321417,0.04324702173471451,0.0
1999-06-11,KWEEN,0.09772400455263239,1.970583200454712,0.0
1999-06-11,KAPCHORWA,0.1074425347456659,1.970583200454712,0.0
1999-06-11,MANAFWA,0.2753239657173004,1.190370798110962,0.0
1999-06-11,BUDUDA,0.10701427333159774,0.6195768117904663,0.0
1999-06-11,MBALE,0.01539916792802203,0.08278058469295502,0.0
1999-06-11,MBALE,2.1101152959151711E-4,0.0263807475566864,0.0
1999-06-12,SIRONKO,0.21654431385184128,0.8361131548881531,0.02565518021583557
1999-06-12,BULAMBULI,0.28198653981998817,2.7718558311462402,0.0
1999-06-12,BUKWO,0.4878506701532547,2.793213367462158,0.0
1999-06-12,BUTALEJA,0.06141718402157934,0.31358635425567627,0.0
1999-06-12,KWEEN,0.582879458239494,3.940229654312134,0.0
1999-06-12,KAPCHORWA,1.3482006069070014,3.940229654312134,0.0
1999-06-12,MANAFWA,0.4496863567702117,1.0863500833511353,0.02566053904592991
1999-06-12,BUDUDA,0.5262770234647863,1.0863500833511353,0.2080737203359604
1999-06-12,MBALE,0.16397744111904286,1.0863500833511353,0.0
1999-06-12,MBALE,8.674852155973582E-4,0.10845335572957993,0.0
1999-06-13,SIRONKO,1.0180297922400312,2.726661443710327,0.2311975359916687
1999-06-13,BULAMBULI,6.088624617297503,12.334771156311035,0.9194321632385254
1999-06-13,BUKWO,3.306865423457008,13.166210174560547,0.0
1999-06-13,BUTALEJA,0.05073801521066193,1.0344687700271606,0.0
1999-06-13,KWEEN,8.388285219188079,18.795026779174805,0.0
1999-06-13,KAPCHORWA,6.043185789372084,11.062353134155273,1.2362124919891357
1999-06-13,MANAFWA,0.9487887785733486,2.331331253051758,0.09420429170131683
1999-06-13,BUDUDA,1.436672834534891,2.7578585147857666,0.5263049602508545
1999-06-13,MBALE,0.46494742203679046,1.5220431089401245,0.0
1999-06-13,MBALE,0.005063545361399612,0.6330465078353882,0.0
1999-06-14,SIRONKO,0.6743498960712548,2.1299164295196533,0.10295269638299942
1999-06-14,BULAMBULI,0.724932440499728,2.2457351684570312,0.03600025922060013
1999-06-14,BUKWO,1.1831199915794948,8.821272850036621,0.0
1999-06-14,BUTALEJA,0.17771560692587812,0.5082924365997314,0.0
1999-06-14,KWEEN,3.476699230112623,9.66252613067627,0.0
1999-06-14,KAPCHORWA,1.609299695492118,5.716376304626465,0.44854435324668884
1999-06-14,MANAFWA,1.9052269936820978,4.037869930267334,0.3679027557373047
1999-06-14,BUDUDA,2.0368109955374547,2.8839073181152344,1.1766276359558105
1999-06-14,MBALE,0.4212256306302898,2.8839073181152344,0.0
1999-06-14,MBALE,0.0018148280940451266,0.22689054906368256,0.0
1999-06-15,SIRONKO,0.4819149130003645,1.4609615802764893,0.07651514559984207
1999-06-15,BULAMBULI,3.2054361194700687,12.96928882598877,0.5086619257926941
1999-06-15,BUKWO,1.5037690748198616,6.61502742767334,0.0
1999-06-15,BUTALEJA,0.05876923106356627,0.4953088164329529,0.0
1999-06-15,KWEEN,4.518766037621374,11.575407981872559,0.0
1999-06-15,KAPCHORWA,8.1230275883589,12.96928882598877,0.6129895448684692
1999-06-15,MANAFWA,0.8153874068391042,2.3699889183044434,0.01585763692855835
1999-06-15,BUDUDA,0.8836815794806485,1.68296217918396,0.5881713628768921
1999-06-15,MBALE,0.2286002822459876,1.0707190036773682,0.0
1999-06-15,MBALE,0.0016767103231073869,0.20962300896644592,0.0
1999-06-16,SIRONKO,0.9547957297191974,7.28275203704834,0.0
1999-06-16,BULAMBULI,8.51716200444772,28.03020668029785,0.0
1999-06-16,BUKWO,2.9268897328070884,12.321306228637695,0.0
1999-06-16,BUTALEJA,0.21250681686955386,5.02681827545166,0.0
1999-06-16,KWEEN,5.921231988407037,20.772743225097656,0.0
1999-06-16,KAPCHORWA,5.4341824425200365,28.03020668029785,0.0
1999-06-16,MANAFWA,0.831245516435754,5.426567554473877,0.0
1999-06-16,BUDUDA,0.45421386587336526,0.7679950594902039,0.054381582885980606
1999-06-16,MBALE,0.030572480998231826,0.44979095458984375,0.0
1999-06-16,MBALE,0.0,0.0,0.0
1999-06-17,SIRONKO,0.13650753038515653,0.713752269744873,0.0
1999-06-17,BULAMBULI,0.2604107151000925,0.8167389631271362,0.0
1999-06-17,BUKWO,1.103412453204406,5.262786388397217,0.0
1999-06-17,BUTALEJA,0.025462395253258528,0.7450420260429382,0.0
1999-06-17,KWEEN,0.7803650129438591,5.262786388397217,0.0
1999-06-17,KAPCHORWA,0.1570829083084212,0.7507765889167786,0.0
1999-06-17,MANAFWA,0.04370554098663982,0.19091126322746277,0.0
1999-06-17,BUDUDA,0.09664903072836839,0.19091126322746277,0.009108147583901882
1999-06-17,MBALE,0.004989273809359226,0.19091126322746277,0.0
1999-06-17,MBALE,0.0,0.0,0.0
1999-06-18,SIRONKO,0.5243483350865139,3.4696290493011475,0.0
1999-06-18,BULAMBULI,0.14608370918219535,1.9801936149597168,0.0
1999-06-18,BUKWO,0.1414901634882164,0.7784082889556885,0.0
1999-06-18,BUTALEJA,0.0,0.0,0.0
1999-06-18,KWEEN,0.7535185335683628,6.898490905761719,0.0
1999-06-18,KAPCHORWA,0.00292825950181257,0.3545616567134857,0.0
1999-06-18,MANAFWA,0.00844149862322711,0.03166751563549042,0.0
1999-06-18,BUDUDA,0.047520178197064514,0.3438548147678375,0.0
1999-06-18,MBALE,4.787093078410735E-5,0.0017342872451990843,0.0
1999-06-18,MBALE,0.0,0.0,0.0
1999-06-19,SIRONKO,2.524060779902932,11.125921249389648,0.0
1999-06-19,BULAMBULI,1.49740321150429,10.640385627746582,0.0
1999-06-19,BUKWO,0.7792655943943282,4.982827663421631,0.0
1999-06-19,BUTALEJA,15.533420871178077,38.37501907348633,0.0
1999-06-19,KWEEN,0.2864253185464426,4.982827663421631,0.0
1999-06-19,KAPCHORWA,0.49024008644264083,3.9208154678344727,0.0
1999-06-19,MANAFWA,0.7222192168825077,2.5882205963134766,0.0
1999-06-19,BUDUDA,0.7026819635005741,1.1624597311019897,0.10756487399339676
1999-06-19,MBALE,0.3226916931663433,11.641141891479492,0.0
1999-06-19,MBALE,0.0,0.0,0.0
1999-06-20,SIRONKO,5.56660325051248,24.35346031188965,0.0
1999-06-20,BULAMBULI,19.56342739125176,50.118736267089844,0.0
1999-06-20,BUKWO,10.268632400792129,22.106800079345703,0.0
1999-06-20,BUTALEJA,11.071261631556666,25.388904571533203,0.0
1999-06-20,KWEEN,22.054393698614227,50.118736267089844,0.0
1999-06-20,KAPCHORWA,9.907356811279424,48.84653854370117,0.0
1999-06-20,MANAFWA,2.40461223933464,12.20268440246582,0.0
1999-06-20,BUDUDA,0.8657852746366395,1.9510929584503174,0.2653614282608032
1999-06-20,MBALE,1.1586271111472244,20.03438949584961,0.0
1999-06-20,MBALE,0.0,0.0,0.0
1999-06-21,SIRONKO,3.7362378762847603,15.29652214050293,0.4270516633987427
1999-06-21,BULAMBULI,6.5867968152874585,26.498151779174805,0.25608310103416443
1999-06-21,BUKWO,24.07767016136637,40.079402923583984,12.983781814575195
1999-06-21,BUTALEJA,1.1379050395920904,5.217246055603027,0.16049396991729736
1999-06-21,KWEEN,16.304926726713912,27.880725860595703,2.195161819458008
1999-06-21,KAPCHORWA,10.041075478873305,26.498151779174805,1.4503077268600464
1999-06-21,MANAFWA,6.89286620245262,9.900604248046875,2.2463467121124268
1999-06-21,BUDUDA,6.0890466170956214,10.911575317382812,2.9415955543518066
1999-06-21,MBALE,2.0505489564102506,6.868194580078125,0.255447119474411
1999-06-21,MBALE,1.3394457102113793,1.990449070930481,0.5083430409431458
1999-06-22,SIRONKO,6.707161146447343,19.05696678161621,2.7039899826049805
1999-06-22,BULAMBULI,8.84046676338906,26.90845489501953,0.7898476719856262
1999-06-22,BUKWO,4.690800580692115,20.35032081604004,0.005831005051732063
1999-06-22,BUTALEJA,7.019944089711231,11.23347282409668,1.8745701313018799
1999-06-22,KWEEN,4.926796378338602,20.35032081604004,0.3210851848125458
1999-06-22,KAPCHORWA,11.052590798373224,26.90845489501953,2.0190834999084473
1999-06-22,MANAFWA,10.78066296318072,16.465227127075195,2.675589084625244
1999-06-22,BUDUDA,7.771839143572515,14.524673461914062,5.191565990447998
1999-06-22,MBALE,6.017860711354138,15.32858943939209,2.7039899826049805
1999-06-22,MBALE,5.57139957235251,5.632155895233154,3.8179678916931152
1999-06-23,SIRONKO,1.38483113429089,4.958372592926025,0.1665468066930771
1999-06-23,BULAMBULI,2.6959594897593187,7.018760681152344,0.37497028708457947
1999-06-23,BUKWO,1.6399656453740037,2.514600992202759,0.6474986672401428
1999-06-23,BUTALEJA,1.143855805896864,7.208485126495361,0.0681060254573822
1999-06-23,KWEEN,2.509481059175453,6.3268351554870605,0.37497028708457947
1999-06-23,KAPCHORWA,3.6926904865855987,7.018760681152344,0.9216989874839783
1999-06-23,MANAFWA,4.48085451028437,9.853045463562012,0.4223797619342804
1999-06-23,BUDUDA,1.8238911062158005,5.704839706420898,0.4264187216758728
1999-06-23,MBALE,0.35826023768574056,2.0577104091644287,0.07737915217876434
1999-06-23,MBALE,0.1698290741304012,0.1905830204486847,0.10985630005598068
1999-06-24,SIRONKO,7.336023586000642,11.847577095031738,4.0533552169799805
1999-06-24,BULAMBULI,8.386078811844914,17.824499130249023,1.864673376083374
1999-06-24,BUKWO,5.736656944329264,13.342416763305664,1.124096393585205
1999-06-24,BUTALEJA,1.4156717193275705,5.698871612548828,0.05542207136750221
1999-06-24,KWEEN,7.954084247778435,15.566383361816406,0.10099863260984421
1999-06-24,KAPCHORWA,11.653863407114896,17.824499130249023,5.979752540588379
1999-06-24,MANAFWA,17.287140710445765,28.847864151000977,1.7394412755966187
1999-06-24,BUDUDA,9.97582518440434,20.5957088470459,5.898920059204102
1999-06-24,MBALE,7.060632619131725,20.595365524291992,1.7394412755966187
1999-06-24,MBALE,6.834679222091367,8.02026653289795,3.7467093467712402
1999-06-25,SIRONKO,1.93819838533834,10.791360855102539,0.364313006401062
1999-06-25,BULAMBULI,3.5068032571883574,10.791360855102539,0.8508580327033997
1999-06-25,BUKWO,11.493366061952452,15.872891426086426,3.895519495010376
1999-06-25,BUTALEJA,3.9231744555671604,10.449939727783203,0.09080802649259567
1999-06-25,KWEEN,6.609608528391054,13.407442092895508,0.9343268871307373
1999-06-25,KAPCHORWA,5.806880498583177,10.549225807189941,2.4907047748565674
1999-06-25,MANAFWA,8.695054947581594,12.794631004333496,3.4934027194976807
1999-06-25,BUDUDA,5.749407926544598,11.99266529083252,1.5960731506347656
1999-06-25,MBALE,1.7202549704195569,9.27386474609375,0.023641353473067284
1999-06-25,MBALE,0.6585709649474742,1.3306424617767334,0.07064981013536453
1999-06-26,SIRONKO,12.875752769057192,30.843856811523438,5.836995601654053
1999-06-26,BULAMBULI,14.704025445763701,35.808101654052734,3.5667507648468018
1999-06-26,BUKWO,15.885578651617424,30.94961166381836,1.8282808065414429
1999-06-26,BUTALEJA,1.9962724116467219,5.103608131408691,0.0
1999-06-26,KWEEN,12.7916991015011,27.511760711669922,0.9377689361572266
1999-06-26,KAPCHORWA,19.940181983152932,35.808101654052734,10.987060546875
1999-06-26,MANAFWA,8.592416998458845,23.922611236572266,0.0
1999-06-26,BUDUDA,19.149298483500083,34.420589447021484,4.025219440460205
1999-06-26,MBALE,3.1747558974828634,11.454183578491211,0.0
1999-06-26,MBALE,3.6412558020854204,4.413857936859131,3.527113914489746
1999-06-27,SIRONKO,6.710582566281792,11.124478340148926,4.121119976043701
1999-06-27,BULAMBULI,7.105653122464661,11.5911226272583,3.676279067993164
1999-06-27,BUKWO,4.808435776354047,7.885018348693848,1.2844809293746948
1999-06-27,BUTALEJA,0.7656644865607414,2.674870252609253,0.0
1999-06-27,KWEEN,3.9214115803991034,8.122848510742188,1.0205477476119995
1999-06-27,KAPCHORWA,4.3394847491446225,9.360257148742676,2.581789970397949
1999-06-27,MANAFWA,1.1924091913627384,4.595970630645752,0.0
1999-06-27,BUDUDA,6.003532314239286,8.70748519897461,2.0671401023864746
1999-06-27,MBALE,2.9552896980899654,5.910305023193359,0.0
1999-06-27,MBALE,4.188216031162013,4.707459449768066,4.105399131774902
1999-06-28,SIRONKO,6.032011184356242,10.415931701660156,3.6580381393432617
1999-06-28,BULAMBULI,4.047715895773849,13.705952644348145,0.04564440995454788
1999-06-28,BUKWO,4.764939495311315,7.557726860046387,0.573918342590332
1999-06-28,BUTALEJA,1.2025968861342708,4.249387264251709,0.0
1999-06-28,KWEEN,1.6868217709701794,7.151857852935791,0.0
1999-06-28,KAPCHORWA,4.352408776480188,12.432730674743652,0.5719470977783203
1999-06-28,MANAFWA,3.5661711520179726,8.338342666625977,0.0
1999-06-28,BUDUDA,7.85814849303414,9.915390014648438,4.5332818031311035
1999-06-28,MBALE,4.273646649681411,8.338342666625977,0.0
1999-06-28,MBALE,5.155929762827506,6.302857398986816,5.098511695861816
1999-06-29,SIRONKO,0.7993339092013899,3.1212852001190186,0.0
1999-06-29,BULAMBULI,0.6860865947910698,3.1212852001190186,0.0
1999-06-29,BUKWO,0.06273169443035982,1.0055547952651978,0.0
1999-06-29,BUTALEJA,0.059806424381817574,1.384032130241394,0.0
1999-06-29,KWEEN,0.11017324558681661,1.0055547952651978,0.0
1999-06-29,KAPCHORWA,0.6980139996840903,2.7664456367492676,0.0
1999-06-29,MANAFWA,0.9441629323473233,3.5252201557159424,0.0
1999-06-29,BUDUDA,0.9242747705373289,3.136107921600342,0.058876167982816696
1999-06-29,MBALE,0.4048083848398785,1.384032130241394,0.0
1999-06-29,MBALE,0.40128248910031356,0.5205259323120117,0.3559345006942749
1999-06-30,SIRONKO,5.083287705738824,16.345172882080078,2.0826222896575928
1999-06-30,BULAMBULI,2.790966155218698,11.357256889343262,0.48192572593688965
1999-06-30,BUKWO,1.4069242069973038,9.687206268310547,0.0
1999-06-30,BUTALEJA,4.8993237285132025,12.320096969604492,0.0
1999-06-30,KWEEN,0.9873629991737657,11.357256889343262,0.0
1999-06-30,KAPCHORWA,2.0306587373204126,4.928519248962402,0.575157642364502
1999-06-30,MANAFWA,5.519250077203919,13.23136043548584,0.0
1999-06-30,BUDUDA,12.03819814221435,17.794404983520508,6.271595001220703
1999-06-30,MBALE,5.192347218913965,11.431533813476562,0.0
1999-06-30,MBALE,5.530050470476404,6.954925060272217,3.551469564437866
1999-07-01,SIRONKO,3.9257368933335783,6.667059898376465,1.7957050800323486
1999-07-01,BULAMBULI,4.833685142488986,15.674461364746094,1.592332363128662
1999-07-01,BUKWO,2.1224821684256954,3.7890748977661133,0.366925984621048
1999-07-01,BUTALEJA,0.6914413380581123,3.0938172340393066,0.0
1999-07-01,KWEEN,2.21360415868777,5.0987443923950195,0.366925984621048
1999-07-01,KAPCHORWA,3.537513698471771,6.836497783660889,1.592332363128662
1999-07-01,MANAFWA,2.2472863968016727,9.0402193069458,0.05278575047850609
1999-07-01,BUDUDA,6.287470730291638,9.0402193069458,2.0648560523986816
1999-07-01,MBALE,3.8166917359575714,9.0402193069458,0.7165195941925049
1999-07-01,MBALE,4.294301206910685,5.383254528045654,4.271786212921143
1999-07-02,SIRONKO,2.352702445019531,6.345025062561035,0.5937652587890625
1999-07-02,BULAMBULI,2.0060854065965854,6.345025062561035,0.02698948048055172
1999-07-02,BUKWO,2.372659842056448,3.487734079360962,0.07456977665424347
1999-07-02,BUTALEJA,0.1048444104844142,1.0382901430130005,0.0
1999-07-02,KWEEN,0.7271007582367575,2.543813943862915,0.0
1999-07-02,KAPCHORWA,2.000805404410278,5.780380725860596,0.4365340769290924
1999-07-02,MANAFWA,2.5230209189648485,7.557124137878418,0.16094283759593964
1999-07-02,BUDUDA,2.5515392247374815,6.345025062561035,0.6499793529510498
1999-07-02,MBALE,1.5477528848389617,3.389315605163574,0.3891189396381378
1999-07-02,MBALE,1.176423640333668,1.3823635578155518,1.1681654453277588
1999-07-03,SIRONKO,16.880336326832687,21.82168197631836,5.151902198791504
1999-07-03,BULAMBULI,13.946038432757343,21.301490783691406,4.179806232452393
1999-07-03,BUKWO,3.5039579393478055,6.21571683883667,0.7799816131591797
1999-07-03,BUTALEJA,2.6430760144339036,9.551546096801758,0.029218005016446114
1999-07-03,KWEEN,3.422448354348473,6.21571683883667,0.5665702223777771
1999-07-03,KAPCHORWA,9.385803563193242,21.120601654052734,3.8247768878936768
1999-07-03,MANAFWA,3.97786401572914,14.959975242614746,0.23901638388633728
1999-07-03,BUDUDA,11.880609420885369,19.329784393310547,2.535391092300415
1999-07-03,MBALE,12.72927111136596,21.82168197631836,1.5902204513549805
1999-07-03,MBALE,15.684075891056988,19.19134521484375,15.323742866516113
1999-07-04,SIRONKO,9.436396538793375,20.344837188720703,2.7255351543426514
1999-07-04,BULAMBULI,6.873088593272024,19.79184913635254,0.0
1999-07-04,BUKWO,8.781324163264248,12.397675514221191,4.264495849609375
1999-07-04,BUTALEJA,5.5616871627227,16.45865249633789,0.031417541205883026
1999-07-04,KWEEN,8.097395227938732,12.542376518249512,2.39418363571167
1999-07-04,KAPCHORWA,8.838916764038585,19.79184913635254,2.1802585124969482
1999-07-04,MANAFWA,5.783870246869424,20.577877044677734,0.4543755352497101
1999-07-04,BUDUDA,14.357559572105075,20.577877044677734,6.949426651000977
1999-07-04,MBALE,8.23007941132972,12.820673942565918,1.2477222681045532
1999-07-04,MBALE,9.198462918269412,11.362293243408203,8.42435073852539
1999-07-05,SIRONKO,1.6700376640957237,3.513159990310669,0.3293953835964203
1999-07-05,BULAMBULI,2.3919244461510503,8.164841651916504,0.046965789049863815
1999-07-05,BUKWO,0.46597346289888625,1.4170935153961182,0.0
1999-07-05,BUTALEJA,0.35333661931334265,6.7465949058532715,0.0
1999-07-05,KWEEN,0.4021848912024525,1.9740148782730103,0.0
1999-07-05,KAPCHORWA,1.9974735228873957,5.803009033203125,0.046965789049863815
1999-07-05,MANAFWA,1.5087143631804316,7.229883193969727,0.12667568027973175
1999-07-05,BUDUDA,2.680952697187953,4.779921054840088,0.8211181163787842
1999-07-05,MBALE,2.659171102352718,7.229883193969727,0.005719884764403105
1999-07-05,MBALE,2.053574015434139,3.893202543258667,0.9733129739761353
1999-07-06,SIRONKO,0.663182021134197,1.2350249290466309,0.26944833993911743
1999-07-06,BULAMBULI,0.571744149376787,1.7099652290344238,0.0
1999-07-06,BUKWO,3.4812157277017084,7.264955520629883,0.0
1999-07-06,BUTALEJA,0.09228649784760402,0.9193890690803528,0.0
1999-07-06,KWEEN,0.580744740651579,6.508994102478027,0.0
1999-07-06,KAPCHORWA,0.925172705164301,2.0945470333099365,0.0
1999-07-06,MANAFWA,0.2774122448414781,0.5753886103630066,0.0
1999-07-06,BUDUDA,0.4966700612055987,0.8141945004463196,0.2797933518886566
1999-07-06,MBALE,0.3325611727639531,0.9193890690803528,0.02619403973221779
1999-07-06,MBALE,0.1283743412173382,0.7586324214935303,0.1111079603433609
1999-07-07,SIRONKO,0.8834187528068853,1.9111839532852173,0.17308321595191956
1999-07-07,BULAMBULI,1.3732101693871988,9.354588508605957,0.0
1999-07-07,BUKWO,2.391742535502614,4.97458028793335,0.0
1999-07-07,BUTALEJA,6.990898216276057,10.8309326171875,0.051780328154563904
1999-07-07,KWEEN,2.1981264115678987,7.739076137542725,0.0
1999-07-07,KAPCHORWA,4.347001489146655,9.354588508605957,1.3350547552108765
1999-07-07,MANAFWA,0.49336940366253895,0.9153666496276855,0.0
1999-07-07,BUDUDA,0.9024187699938091,1.353377342224121,0.761500895023346
1999-07-07,MBALE,1.6037113043785565,9.07896900177002,0.03910507634282112
1999-07-07,MBALE,0.6308882065139251,7.523190975189209,0.554151713848114
1999-07-08,SIRONKO,0.35264559220674535,0.978455126285553,0.0
1999-07-08,BULAMBULI,2.21202086897412,13.625243186950684,0.0
1999-07-08,BUKWO,2.6451382991513404,7.755870342254639,0.6688598990440369
1999-07-08,BUTALEJA,0.5832278295193947,7.209042549133301,0.0
1999-07-08,KWEEN,6.7920463256063845,15.188817977905273,0.8806779980659485
1999-07-08,KAPCHORWA,3.297928082176995,13.625243186950684,0.26037508249282837
1999-07-08,MANAFWA,0.13108596139205805,0.5194096565246582,0.0
1999-07-08,BUDUDA,0.4920448836393932,0.8921970129013062,0.1566108912229538
1999-07-08,MBALE,0.764872406571159,5.3990654945373535,0.0
1999-07-08,MBALE,0.06652017858930218,1.1831673383712769,0.024243436753749847
1999-07-09,SIRONKO,1.3362386814016227,2.5450942516326904,0.050760138779878616
1999-07-09,BULAMBULI,4.465131690189374,25.615020751953125,0.0
1999-07-09,BUKWO,6.320875655355904,13.285626411437988,2.027980089187622
1999-07-09,BUTALEJA,0.03226607843660996,0.723209798336029,0.0
1999-07-09,KWEEN,7.464516433933936,25.615020751953125,1.8636767864227295
1999-07-09,KAPCHORWA,4.631222783492014,11.383772850036621,1.2794511318206787
1999-07-09,MANAFWA,0.5387176217245144,1.9063761234283447,0.0
1999-07-09,BUDUDA,1.630397993235049,2.303241491317749,0.589561939239502
1999-07-09,MBALE,0.3539341302343623,1.538094401359558,0.0
1999-07-09,MBALE,0.07601258547723029,0.39755818247795105,0.030259808525443077
1999-07-10,SIRONKO,1.3472078498346516,3.635580539703369,0.6589252948760986
1999-07-10,BULAMBULI,2.5761415167563664,24.82044792175293,0.0
1999-07-10,BUKWO,11.568644624864252,24.390451431274414,1.437867283821106
1999-07-10,BUTALEJA,5.041122986761557,11.569472312927246,0.021211760118603706
1999-07-10,KWEEN,15.720924554203389,29.326335906982422,1.437867283821106
1999-07-10,KAPCHORWA,5.207665200094407,12.226946830749512,0.8187551498413086
1999-07-10,MANAFWA,0.37124079788729286,0.8388662934303284,0.0
1999-07-10,BUDUDA,0.7322913531130515,1.5619056224822998,0.5039456486701965
1999-07-10,MBALE,1.0223691411729436,4.858516216278076,0.014153441414237022
1999-07-10,MBALE,0.5178426845991024,4.030816555023193,0.4535888135433197
1999-07-11,SIRONKO,5.390676255101422,22.948938369750977,0.1307566910982132
1999-07-11,BULAMBULI,9.650351036330695,28.619197845458984,0.4539574980735779
1999-07-11,BUKWO,3.3240891867860496,14.05172061920166,0.1664603054523468
1999-07-11,BUTALEJA,0.0855368893644795,3.359301805496216,0.0
1999-07-11,KWEEN,1.844484014840217,10.610746383666992,0.010001707822084427
1999-07-11,KAPCHORWA,11.013375205828408,21.599042892456055,1.474782109260559
1999-07-11,MANAFWA,1.675778478267699,7.07265043258667,0.0068422844633460045
1999-07-11,BUDUDA,0.7136508486358984,1.3963396549224854,0.08529553562402725
1999-07-11,MBALE,0.5353032465983043,5.2787017822265625,0.0
1999-07-11,MBALE,1.1629393812472082,1.9156420230865479,0.6372373700141907
1999-07-12,SIRONKO,4.774653076801877,11.043801307678223,0.3445577323436737
1999-07-12,BULAMBULI,5.7768250307104925,15.146512985229492,0.2849980890750885
1999-07-12,BUKWO,5.193609730677646,21.30823516845703,0.0
1999-07-12,BUTALEJA,0.007114055098327267,0.12217820435762405,0.0
1999-07-12,KWEEN,3.074095784835593,21.30823516845703,0.19880865514278412
1999-07-12,KAPCHORWA,8.993931437010716,17.048686981201172,0.5244881510734558
1999-07-12,MANAFWA,1.2803334680442062,7.501704216003418,0.07799388468265533
1999-07-12,BUDUDA,0.498936123852532,3.7806146144866943,0.11412937194108963
1999-07-12,MBALE,0.38669441697653667,3.4183177947998047,0.002234534127637744
1999-07-12,MBALE,0.7237800072162244,1.068567156791687,0.12630578875541687
1999-07-13,SIRONKO,13.039902621671054,26.593307495117188,1.8452086448669434
1999-07-13,BULAMBULI,10.502947216823793,32.97446060180664,0.6339107155799866
1999-07-13,BUKWO,7.491893788593452,22.198766708374023,1.891577959060669
1999-07-13,BUTALEJA,5.017818917447454,17.7485408782959,0.0
1999-07-13,KWEEN,4.460884832236097,18.496694564819336,0.5675939321517944
1999-07-13,KAPCHORWA,8.607284209163128,29.988359451293945,0.7211222052574158
1999-07-13,MANAFWA,0.8855638898315944,2.944199800491333,0.01871584914624691
1999-07-13,BUDUDA,3.251127603047922,17.33715057373047,1.3959834575653076
1999-07-13,MBALE,5.5011874254876725,17.064300537109375,0.03868537396192551
1999-07-13,MBALE,12.407668576690444,12.828227043151855,8.440850257873535
1999-07-14,SIRONKO,5.756743852153518,21.124610900878906,0.3794008791446686
1999-07-14,BULAMBULI,11.259766974181353,33.01984786987305,0.011365844868123531
1999-07-14,BUKWO,7.766834979514749,17.12334442138672,1.1287509202957153
1999-07-14,BUTALEJA,0.6282114678162368,6.909660339355469,0.0
1999-07-14,KWEEN,8.946933198526951,21.905384063720703,1.4318246841430664
1999-07-14,KAPCHORWA,20.332540759200207,37.28801345825195,3.2802634239196777
1999-07-14,MANAFWA,2.004635563051038,8.648764610290527,0.02623482048511505
1999-07-14,BUDUDA,1.068328789403156,5.275050640106201,0.4688112735748291
1999-07-14,MBALE,1.3214136353374504,6.909660339355469,0.003421630011871457
1999-07-14,MBALE,2.6653760615377458,4.248195171356201,1.044337272644043
1999-07-15,SIRONKO,9.434583895168194,21.46890640258789,0.8369567394256592
1999-07-15,BULAMBULI,15.912431669487296,22.888320922851562,5.610630989074707
1999-07-15,BUKWO,2.068838245972105,7.265499591827393,0.0
1999-07-15,BUTALEJA,3.2757707944847345,8.202495574951172,0.0
1999-07-15,KWEEN,10.625587856660692,29.782470703125,1.3955134153366089
1999-07-15,KAPCHORWA,16.071084897839857,22.888320922851562,4.174600124359131
1999-07-15,MANAFWA,2.5309401267294307,10.851278305053711,0.15434247255325317
1999-07-15,BUDUDA,1.4310463449352844,6.603982925415039,0.49687835574150085
1999-07-15,MBALE,1.991468224545775,10.396978378295898,0.06850243359804153
1999-07-15,MBALE,4.1823582706831255,5.751646995544434,2.4945311546325684
1999-07-16,SIRONKO,9.947214983183494,18.32973861694336,1.9978835582733154
1999-07-16,BULAMBULI,8.70162752120095,18.78931999206543,0.050401054322719574
1999-07-16,BUKWO,3.7164017333505943,13.26651668548584,0.47123220562934875
1999-07-16,BUTALEJA,3.8106590934104396,6.92772102355957,0.0
1999-07-16,KWEEN,7.803493154010384,15.769105911254883,0.13854680955410004
1999-07-16,KAPCHORWA,11.793948944245148,18.78931999206543,4.734488010406494
1999-07-16,MANAFWA,2.990183962626038,13.093231201171875,0.007554147858172655
1999-07-16,BUDUDA,9.204615091545469,13.441520690917969,4.09384822845459
1999-07-16,MBALE,4.583883662426969,8.493427276611328,1.9978835582733154
1999-07-16,MBALE,3.4739148788424123,5.48842716217041,2.9379281997680664
1999-07-17,SIRONKO,11.56251984267718,24.265579223632812,2.9426462650299072
1999-07-17,BULAMBULI,7.959052237126523,23.872541427612305,1.5910853147506714
1999-07-17,BUKWO,11.603718770716135,17.10334014892578,3.7217698097229004
1999-07-17,BUTALEJA,3.120801795921491,12.961186408996582,0.0
1999-07-17,KWEEN,7.995566525056002,23.872541427612305,1.258885383605957
1999-07-17,KAPCHORWA,7.546895439389498,18.566261291503906,1.9618525505065918
1999-07-17,MANAFWA,7.147674768718849,29.190570831298828,0.20804576575756073
1999-07-17,BUDUDA,23.381729167552944,29.190570831298828,11.037431716918945
1999-07-17,MBALE,9.815068989212211,20.583498001098633,2.6030001640319824
1999-07-17,MBALE,8.31343313062109,13.091974258422852,6.957782745361328
1999-07-18,SIRONKO,4.0562286146847,8.499628067016602,1.2055025100708008
1999-07-18,BULAMBULI,4.820803647539558,9.74127197265625,2.1008591651916504
1999-07-18,BUKWO,5.800321937764284,10.554081916809082,2.1841232776641846
1999-07-18,BUTALEJA,0.38975742544489117,2.173779249191284,0.0
1999-07-18,KWEEN,5.409423439625849,12.636528015136719,0.5576508641242981
1999-07-18,KAPCHORWA,5.57354362282383,8.001030921936035,2.3078982830047607
1999-07-18,MANAFWA,2.1202100578313794,4.757384300231934,0.08011236786842346
1999-07-18,BUDUDA,3.4339943363703567,4.827743053436279,1.768485426902771
1999-07-18,MBALE,1.0845919209357289,4.077847480773926,0.1928226798772812
1999-07-18,MBALE,0.9797773423379361,1.4423036575317383,0.8790855407714844
1999-07-19,SIRONKO,20.356545736500706,32.14817428588867,12.184846878051758
1999-07-19,BULAMBULI,17.99127791160782,47.05552291870117,3.3290648460388184
1999-07-19,BUKWO,34.5514542584217,52.15432357788086,10.335692405700684
1999-07-19,BUTALEJA,2.893127514207328,7.896148204803467,0.0
1999-07-19,KWEEN,25.970192794083115,55.137603759765625,2.1578264236450195
1999-07-19,KAPCHORWA,21.866546628282585,47.05552291870117,5.573787212371826
1999-07-19,MANAFWA,3.0934331514987563,18.834754943847656,0.028490746393799782
1999-07-19,BUDUDA,17.796312015061343,24.279640197753906,6.524768352508545
1999-07-19,MBALE,9.539286950968336,20.163841247558594,1.318969488143921
1999-07-19,MBALE,10.094562263454522,18.231096267700195,7.02511739730835
1999-07-20,SIRONKO,9.55466646667151,15.864008903503418,6.094521999359131
1999-07-20,BULAMBULI,14.287895626397525,27.99773406982422,6.094521999359131
1999-07-20,BUKWO,8.568254587406198,26.047988891601562,2.2903378009796143
1999-07-20,BUTALEJA,13.237149627028138,27.741901397705078,0.0
1999-07-20,KWEEN,21.98527510085745,41.903053283691406,6.070535182952881
1999-07-20,KAPCHORWA,13.06181838154838,17.579368591308594,7.334577560424805
1999-07-20,MANAFWA,7.349516287751333,21.733381271362305,0.39188921451568604
1999-07-20,BUDUDA,11.964027058964557,14.937420845031738,7.482802391052246
1999-07-20,MBALE,16.0953014928151,26.655866622924805,8.953852653503418
1999-07-20,MBALE,14.08700047199375,20.122873306274414,13.511655807495117
1999-07-21,SIRONKO,4.857718366920262,12.076898574829102,1.5523707866668701
1999-07-21,BULAMBULI,5.429054299557711,11.549399375915527,1.4376589059829712
1999-07-21,BUKWO,11.518751017103131,14.569967269897461,7.229330062866211
1999-07-21,BUTALEJA,8.734359460947546,15.293511390686035,2.3859879970550537
1999-07-21,KWEEN,7.5028262117235105,11.394009590148926,4.018069744110107
1999-07-21,KAPCHORWA,8.753662259624926,11.549399375915527,5.099407196044922
1999-07-21,MANAFWA,8.085660585553413,14.917181015014648,4.020425796508789
1999-07-21,BUDUDA,11.167992409391088,14.917181015014648,6.860962867736816
1999-07-21,MBALE,5.120324749999625,11.32785415649414,2.069591760635376
1999-07-21,MBALE,3.4129866815415077,5.074488162994385,2.8966455459594727
1999-07-22,SIRONKO,4.931728140740079,9.706901550292969,2.477630615234375
1999-07-22,BULAMBULI,7.877383326345806,12.995126724243164,2.477630615234375
1999-07-22,BUKWO,6.117290036753299,8.375115394592285,4.937652111053467
1999-07-22,BUTALEJA,3.817889194403822,9.885525703430176,0.4222216010093689
1999-07-22,KWEEN,6.764076324198372,15.963104248046875,3.567032814025879
1999-07-22,KAPCHORWA,7.48909171758213,11.07059383392334,4.340384006500244
1999-07-22,MANAFWA,1.9630927962835718,4.8595452308654785,0.8363073468208313
1999-07-22,BUDUDA,3.997131708324493,6.596735000610352,2.477630615234375
1999-07-22,MBALE,2.8199353972335195,5.351344585418701,0.7084028720855713
1999-07-22,MBALE,2.128115435811067,3.882550001144409,1.9397776126861572
1999-07-23,SIRONKO,3.6185507365808682,7.25956916809082,0.4517810344696045
1999-07-23,BULAMBULI,2.0303231136934183,6.504929065704346,0.013544215820729733
1999-07-23,BUKWO,2.202118176659303,5.843876361846924,0.0
1999-07-23,BUTALEJA,2.5917569977156307,5.822547912597656,0.5535571575164795
1999-07-23,KWEEN,2.079869516997898,5.843876361846924,0.22373484075069427
1999-07-23,KAPCHORWA,2.979078219349887,6.022630214691162,0.33588749170303345
1999-07-23,MANAFWA,2.9963133505239976,6.576538562774658,1.503836989402771
1999-07-23,BUDUDA,6.0451666072142,7.276426792144775,4.040487766265869
1999-07-23,MBALE,3.314827925509927,6.576390743255615,0.8623313307762146
1999-07-23,MBALE,2.518950417778907,3.9807403087615967,2.3151464462280273
1999-07-24,SIRONKO,8.111845014944542,12.390897750854492,4.5454816818237305
1999-07-24,BULAMBULI,13.406453132784927,21.372127532958984,5.802755355834961
1999-07-24,BUKWO,15.275229165284646,21.372127532958984,9.32773494720459
1999-07-24,BUTALEJA,3.951512935677939,8.742547988891602,1.6951398849487305
1999-07-24,KWEEN,11.911552261303925,21.372127532958984,4.1974029541015625
1999-07-24,KAPCHORWA,15.533040419593275,21.372127532958984,8.953424453735352
1999-07-24,MANAFWA,4.481955322399705,10.295249938964844,1.8550150394439697
1999-07-24,BUDUDA,9.785410335708319,10.998292922973633,6.2426958084106445
1999-07-24,MBALE,7.447431452314502,10.863070487976074,1.8485037088394165
1999-07-24,MBALE,7.100908312422366,10.64554500579834,6.787856101989746
1999-07-25,SIRONKO,3.693265501797423,8.455794334411621,0.7891992926597595
1999-07-25,BULAMBULI,2.596191609849518,8.455794334411621,0.0
1999-07-25,BUKWO,2.4492823037577423,6.833094120025635,0.0
1999-07-25,BUTALEJA,1.3809013005851172,3.9313807487487793,0.0666310042142868
1999-07-25,KWEEN,2.049580326042134,6.833094120025635,0.0
1999-07-25,KAPCHORWA,4.527603447585896,6.833094120025635,1.1430432796478271
1999-07-25,MANAFWA,4.431949667382826,7.892232894897461,0.840618371963501
1999-07-25,BUDUDA,6.37458134647258,8.455794334411621,2.7479088306427
1999-07-25,MBALE,2.0682214978493687,6.55144739151001,0.7217460870742798
1999-07-25,MBALE,1.085797166156878,1.8990280628204346,0.8529254794120789
1999-07-26,SIRONKO,6.358170903688946,12.86684513092041,1.676660180091858
1999-07-26,BULAMBULI,7.8812341365070395,13.800423622131348,1.676660180091858
1999-07-26,BUKWO,2.7080606032638084,10.053921699523926,0.0
1999-07-26,BUTALEJA,0.7230357469245681,2.763808012008667,0.17836731672286987
1999-07-26,KWEEN,1.3392552983440849,9.056390762329102,0.0
1999-07-26,KAPCHORWA,6.518399945574958,9.106508255004883,1.7471065521240234
1999-07-26,MANAFWA,3.022454618688535,7.230038642883301,0.9831826090812683
1999-07-26,BUDUDA,4.0768581282550835,7.230038642883301,1.676660180091858
1999-07-26,MBALE,3.307748594736338,9.07567024230957,1.1350280046463013
1999-07-26,MBALE,3.225630384000579,3.9619765281677246,1.8645923137664795
1999-07-27,SIRONKO,6.187616213049633,20.0271053314209,2.156320095062256
1999-07-27,BULAMBULI,15.62176569507436,44.26776885986328,2.4230470657348633
1999-07-27,BUKWO,14.390166849039764,23.9886417388916,0.4863737225532532
1999-07-27,BUTALEJA,2.5935100351567435,8.041723251342773,0.5923013687133789
1999-07-27,KWEEN,17.487946845444476,50.99302291870117,1.8375941514968872
1999-07-27,KAPCHORWA,23.36683435009027,50.99302291870117,12.053327560424805
1999-07-27,MANAFWA,3.5952235075362053,8.049092292785645,1.6648890972137451
1999-07-27,BUDUDA,2.9510468892717143,5.189247131347656,1.6648890972137451
1999-07-27,MBALE,2.541989693971707,4.433078289031982,1.3341360092163086
1999-07-27,MBALE,2.4229324475208056,2.8220572471618652,1.7862263917922974
1999-07-28,SIRONKO,7.076513414558751,9.839462280273438,3.806072235107422
1999-07-28,BULAMBULI,2.6390360132718116,8.803516387939453,0.0
1999-07-28,BUKWO,7.873296388068226,18.755704879760742,0.0
1999-07-28,BUTALEJA,9.491830986679858,22.07693099975586,2.418482780456543
1999-07-28,KWEEN,1.8098039257347778,14.30768871307373,0.0
1999-07-28,KAPCHORWA,2.9745880807695437,8.803516387939453,0.0
1999-07-28,MANAFWA,8.508062323170023,15.234612464904785,4.556492805480957
1999-07-28,BUDUDA,6.58318275763756,16.45047950744629,3.806072235107422
1999-07-28,MBALE,9.648727784104972,16.45047950744629,2.81476092338562
1999-07-28,MBALE,7.596819802199241,9.94787311553955,3.7811899185180664
1999-07-29,SIRONKO,2.1120759447591233,4.975907325744629,0.21818843483924866
1999-07-29,BULAMBULI,0.7990827485667604,3.7643895149230957,0.0
1999-07-29,BUKWO,0.5620226968262603,2.3849332332611084,0.0
1999-07-29,BUTALEJA,1.4992410352641392,3.5530219078063965,0.22221562266349792
1999-07-29,KWEEN,0.20539161965292516,1.915340542793274,0.0
1999-07-29,KAPCHORWA,0.760392368047999,2.009099006652832,0.0
1999-07-29,MANAFWA,2.449977096368835,4.194320201873779,0.5160707235336304
1999-07-29,BUDUDA,0.9785785943978164,2.9626407623291016,0.2387649416923523
1999-07-29,MBALE,1.3980151665678637,4.194320201873779,0.05836569145321846
1999-07-29,MBALE,0.4711026364959925,0.732930064201355,0.15251511335372925
1999-07-30,SIRONKO,3.1203553304228513,6.537198543548584,0.30273833870887756
1999-07-30,BULAMBULI,2.3887428200647625,9.001338958740234,0.0
1999-07-30,BUKWO,1.6904105447005646,6.553721904754639,0.0
1999-07-30,BUTALEJA,0.0,0.0,0.0
1999-07-30,KWEEN,0.7767701821007036,9.001338958740234,0.0
1999-07-30,KAPCHORWA,1.718678373325463,9.001338958740234,0.0
1999-07-30,MANAFWA,2.3350297190567475,8.280402183532715,0.5441414713859558
1999-07-30,BUDUDA,2.8785618389908807,6.271559715270996,1.2392706871032715
1999-07-30,MBALE,0.9628074266774782,4.931081771850586,0.0
1999-07-30,MBALE,0.19426228431483092,0.44548025727272034,0.0
1999-07-31,SIRONKO,0.8695632567924743,2.992520570755005,0.0
1999-07-31,BULAMBULI,3.2125493392039917,7.340850353240967,0.29427650570869446
1999-07-31,BUKWO,0.8806206867632412,6.420143127441406,0.0
1999-07-31,BUTALEJA,2.7669475855228334,7.843482971191406,0.30851292610168457
1999-07-31,KWEEN,0.7256161760649381,6.420143127441406,0.0
1999-07-31,KAPCHORWA,2.207042185137068,6.420143127441406,0.2360333502292633
1999-07-31,MANAFWA,2.9032993518533385,9.216153144836426,1.252319097518921
1999-07-31,BUDUDA,1.5061628063237833,2.992520570755005,0.44116219878196716
1999-07-31,MBALE,1.556815623436575,5.972265720367432,0.016023902222514153
1999-07-31,MBALE,0.2395210764928801,0.26591023802757263,0.046213191002607346
1999-08-01,SIRONKO,3.310991435949133,8.007279396057129,0.0
1999-08-01,BULAMBULI,2.116003114124294,12.850495338439941,0.0
1999-08-01,BUKWO,0.30415367237150576,2.422916889190674,0.0
1999-08-01,BUTALEJA,0.3045084219195191,3.223266839981079,0.0
1999-08-01,KWEEN,0.3572548152742311,6.162344932556152,0.0
1999-08-01,KAPCHORWA,1.1789136047487976,3.763505697250366,0.008954958990216255
1999-08-01,MANAFWA,1.609105321077993,5.069077491760254,0.0
1999-08-01,BUDUDA,4.1218970955999925,8.086196899414062,0.020322628319263458
1999-08-01,MBALE,1.1518518407535572,4.8908233642578125,0.0
1999-08-01,MBALE,1.1214386354037265,2.87070894241333,0.0
1999-08-02,SIRONKO,5.754410451408936,13.996671676635742,0.0
1999-08-02,BULAMBULI,2.508784005968164,8.874014854431152,0.041035689413547516
1999-08-02,BUKWO,0.4555141233484416,8.105307579040527,0.08830029517412186
1999-08-02,BUTALEJA,1.2854327450144352,5.904054164886475,0.0
1999-08-02,KWEEN,0.7621190595960333,8.105307579040527,0.0
1999-08-02,KAPCHORWA,3.166027832817185,8.105307579040527,0.10783695429563522
1999-08-02,MANAFWA,2.7542725859299293,8.7001314163208,0.06860174983739853
1999-08-02,BUDUDA,7.848713564933459,13.996671676635742,0.06860174983739853
1999-08-02,MBALE,2.7380461682522577,13.996671676635742,0.0
1999-08-02,MBALE,2.942765160709123,4.120959281921387,0.0
1999-08-03,SIRONKO,1.9151932742213593,11.524882316589355,0.0
1999-08-03,BULAMBULI,7.866345669900255,23.516071319580078,0.020731188356876373
1999-08-03,BUKWO,1.0580411058380166,5.618968486785889,0.0
1999-08-03,BUTALEJA,20.475492314744276,37.961700439453125,0.0
1999-08-03,KWEEN,5.346180321994102,39.95954513549805,0.0013860008912160993
1999-08-03,KAPCHORWA,3.0782830751160244,11.46367359161377,0.08374449610710144
1999-08-03,MANAFWA,0.2500727809831212,0.6566055417060852,0.005979633890092373
1999-08-03,BUDUDA,0.5043263862932874,0.9764494895935059,0.005979633890092373
1999-08-03,MBALE,0.42766011777146845,1.9236669540405273,0.0
1999-08-03,MBALE,0.6649162419872506,1.1899588108062744,0.0
1999-08-04,SIRONKO,2.811507546397406,6.750051498413086,0.0
1999-08-04,BULAMBULI,1.8332178552123948,5.580541610717773,0.05778931453824043
1999-08-04,BUKWO,2.0565526839084542,5.837143898010254,0.0
1999-08-04,BUTALEJA,3.6283648529249874,14.081939697265625,0.0
1999-08-04,KWEEN,0.7175108303506702,4.591958045959473,0.0
1999-08-04,KAPCHORWA,1.5143119112978762,3.3524248600006104,0.05778931453824043
1999-08-04,MANAFWA,1.3078799055647248,3.5617382526397705,0.02888994663953781
1999-08-04,BUDUDA,3.805634682764106,7.662192344665527,0.02888994663953781
1999-08-04,MBALE,1.2045801425885145,5.084188938140869,0.0
1999-08-04,MBALE,2.0759132818345964,3.162630319595337,0.0
1999-08-05,SIRONKO,3.4430542761639127,17.825458526611328,0.0
1999-08-05,BULAMBULI,11.974944903368113,44.683135986328125,0.3551011383533478
1999-08-05,BUKWO,4.835649246526425,13.141481399536133,0.36054906249046326
1999-08-05,BUTALEJA,3.764708006775228,13.956804275512695,0.0
1999-08-05,KWEEN,7.398816052172136,44.683135986328125,0.781011700630188
1999-08-05,KAPCHORWA,6.811445730013628,23.685014724731445,1.0164791345596313
1999-08-05,MANAFWA,8.740335382893806,14.899025917053223,0.15441137552261353
1999-08-05,BUDUDA,12.268742308825884,17.825458526611328,0.15441137552261353
1999-08-05,MBALE,5.029664705322981,15.438128471374512,0.0
1999-08-05,MBALE,2.9171934727551374,3.9397900104522705,0.0
1999-08-06,SIRONKO,2.074156569425479,6.587250232696533,0.0
1999-08-06,BULAMBULI,1.1647329600844019,5.5916266441345215,0.028995908796787262
1999-08-06,BUKWO,3.370867416975931,10.157238006591797,0.11753153055906296
1999-08-06,BUTALEJA,6.898907661809179,14.977158546447754,1.5388858318328857
1999-08-06,KWEEN,2.6546881830264137,10.479055404663086,0.0
1999-08-06,KAPCHORWA,1.4518137621808545,3.1367664337158203,0.09240956604480743
1999-08-06,MANAFWA,2.586263893553312,8.534520149230957,0.39279696345329285
1999-08-06,BUDUDA,3.89891648035779,10.09848690032959,0.39279696345329285
1999-08-06,MBALE,1.447978827446592,3.4310946464538574,0.0
1999-08-06,MBALE,1.0702486997369922,1.103426218032837,0.8555231690406799
1999-08-07,SIRONKO,8.399980166707891,18.029468536376953,5.33613920211792
1999-08-07,BULAMBULI,9.041821395279575,17.060565948486328,4.8754048347473145
1999-08-07,BUKWO,7.027735067639074,13.561532020568848,0.19917450845241547
1999-08-07,BUTALEJA,28.59304968679297,44.93342208862305,15.405526161193848
1999-08-07,KWEEN,8.527055050192075,17.83657455444336,2.3613054752349854
1999-08-07,KAPCHORWA,8.546654432476812,15.085283279418945,4.8754048347473145
1999-08-07,MANAFWA,14.363801113017644,36.137306213378906,1.5287554264068604
1999-08-07,BUDUDA,12.009821657838092,23.234272003173828,1.5287554264068604
1999-08-07,MBALE,22.452456058705675,45.48272705078125,1.6768262386322021
1999-08-07,MBALE,16.34820658297388,18.980667114257812,9.804542541503906
1999-08-08,SIRONKO,14.91744681244104,23.53619384765625,7.0626139640808105
1999-08-08,BULAMBULI,10.014843737770354,21.36502456665039,0.4860629737377167
1999-08-08,BUKWO,6.399627859010247,12.422110557556152,0.0974242240190506
1999-08-08,BUTALEJA,1.3088708302917391,4.245354175567627,0.0
1999-08-08,KWEEN,3.7261282555511,15.53762435913086,0.0
1999-08-08,KAPCHORWA,11.415117032301799,21.36502456665039,1.8276203870773315
1999-08-08,MANAFWA,2.652278725315749,9.649042129516602,0.3707195520401001
1999-08-08,BUDUDA,8.867627699525393,23.53619384765625,1.1422115564346313
1999-08-08,MBALE,9.414167802467993,23.53619384765625,1.9669201374053955
1999-08-08,MBALE,11.128368713635462,13.325385093688965,4.733298301696777
1999-08-09,SIRONKO,1.7992895160765328,3.202206611633301,0.8051397204399109
1999-08-09,BULAMBULI,0.8537091710934588,3.202206611633301,0.0
1999-08-09,BUKWO,1.5181973894992402,3.4536187648773193,0.14907123148441315
1999-08-09,BUTALEJA,0.3071096627203237,4.136449337005615,0.0
1999-08-09,KWEEN,0.6582617868682257,3.341115951538086,0.0
1999-08-09,KAPCHORWA,0.9926010054826827,2.312274932861328,0.2431727647781372
1999-08-09,MANAFWA,0.5510789254163742,3.2864043712615967,0.02822468988597393
1999-08-09,BUDUDA,1.388694271263092,3.202206611633301,0.18627744913101196
1999-08-09,MBALE,1.8005464093681127,9.126296997070312,0.0
1999-08-09,MBALE,3.9827525567432422,5.716763496398926,1.4054770469665527
1999-08-10,SIRONKO,7.3830925596399135,13.543010711669922,3.13287091255188
1999-08-10,BULAMBULI,15.593460206327956,28.8634090423584,5.1327924728393555
1999-08-10,BUKWO,9.8954788031506,12.956510543823242,1.6217739582061768
1999-08-10,BUTALEJA,3.434030008088987,14.695850372314453,0.45232194662094116
1999-08-10,KWEEN,14.14571540592363,27.01906394958496,7.338583946228027
1999-08-10,KAPCHORWA,15.974148387920463,28.8634090423584,8.59393310546875
1999-08-10,MANAFWA,4.469009932850447,10.451753616333008,0.514774739742279
1999-08-10,BUDUDA,5.0398966938116985,10.23219108581543,0.9076340794563293
1999-08-10,MBALE,5.925977068557338,14.695850372314453,1.4841547012329102
1999-08-10,MBALE,5.655165476227677,7.556974411010742,3.2503085136413574
1999-08-11,SIRONKO,7.351187603502589,16.300493240356445,3.3411996364593506
1999-08-11,BULAMBULI,10.036029644753105,20.801286697387695,4.50741720199585
1999-08-11,BUKWO,24.239673125265032,35.762107849121094,15.974641799926758
1999-08-11,BUTALEJA,11.268445461455668,16.228853225708008,5.263498306274414
1999-08-11,KWEEN,22.564300260526537,41.58782958984375,7.5858964920043945
1999-08-11,KAPCHORWA,15.153907205235058,21.417404174804688,8.982271194458008
1999-08-11,MANAFWA,6.377765546848868,15.536030769348145,3.3866755962371826
1999-08-11,BUDUDA,9.207538417509701,16.300493240356445,5.387338161468506
1999-08-11,MBALE,5.911556448956017,11.066618919372559,3.3866755962371826
1999-08-11,MBALE,5.605605901863853,9.272868156433105,3.542959690093994
1999-08-12,SIRONKO,11.31353340717815,15.603706359863281,5.385683059692383
1999-08-12,BULAMBULI,9.808963489846219,16.446672439575195,4.179914474487305
1999-08-12,BUKWO,10.99348476896449,24.95996856689453,2.9520986080169678
1999-08-12,BUTALEJA,10.743569627444481,18.23474884033203,1.5956519842147827
1999-08-12,KWEEN,6.166880333944884,9.821097373962402,2.7593207359313965
1999-08-12,KAPCHORWA,8.910530973516464,14.057145118713379,4.179914474487305
1999-08-12,MANAFWA,4.398827094721948,10.082534790039062,0.5909967422485352
1999-08-12,BUDUDA,6.863089933827234,15.603706359863281,3.1173362731933594
1999-08-12,MBALE,4.084575661572623,14.326608657836914,0.7562173008918762
1999-08-12,MBALE,6.105886456003541,10.579683303833008,3.3678336143493652
1999-08-13,SIRONKO,0.7925534571294045,2.5864875316619873,0.218455508351326
1999-08-13,BULAMBULI,1.8462392679576847,6.3521504402160645,0.27197378873825073
1999-08-13,BUKWO,2.1092829013472363,6.499742031097412,0.16619358956813812
1999-08-13,BUTALEJA,1.3562935646234822,2.76395845413208,0.1483803242444992
1999-08-13,KWEEN,2.626447111952373,6.350592613220215,0.2556851804256439
1999-08-13,KAPCHORWA,3.897285625419243,6.464566230773926,0.8520634770393372
1999-08-13,MANAFWA,1.252634356791205,2.892275094985962,0.11934681981801987
1999-08-13,BUDUDA,1.01471978207614,2.892275094985962,0.17489179968833923
1999-08-13,MBALE,1.4737572354158475,2.892275094985962,0.28210774064064026
1999-08-13,MBALE,1.2160807592764502,1.7003802061080933,0.3787854313850403
1999-08-14,SIRONKO,2.3948480407360893,6.014003753662109,0.303510457277298
1999-08-14,BULAMBULI,2.058760516380236,6.014003753662109,0.09672566503286362
1999-08-14,BUKWO,1.5545348579713874,4.929450511932373,0.021707236766815186
1999-08-14,BUTALEJA,1.4912963339776184,4.57908296585083,0.9117660522460938
1999-08-14,KWEEN,2.146746953013586,4.929450511932373,0.0
1999-08-14,KAPCHORWA,2.1987472238091015,4.929450511932373,0.16302865743637085
1999-08-14,MANAFWA,4.478449885623309,8.53173542022705,1.1300511360168457
1999-08-14,BUDUDA,4.0737802889532455,8.171879768371582,1.5750566720962524
1999-08-14,MBALE,4.245558876143568,8.845386505126953,1.0911368131637573
1999-08-14,MBALE,4.580038637263379,5.049707412719727,2.418295383453369
1999-08-15,SIRONKO,2.519428390090577,5.8623151779174805,0.34252169728279114
1999-08-15,BULAMBULI,3.2613953587021,7.127657890319824,1.0741708278656006
1999-08-15,BUKWO,6.867383139770665,9.445662498474121,3.0992493629455566
1999-08-15,BUTALEJA,0.8203698734208795,4.269041061401367,0.17184197902679443
1999-08-15,KWEEN,5.161572859614975,8.856478691101074,2.1913652420043945
1999-08-15,KAPCHORWA,4.14842377942649,7.127657890319824,2.3860833644866943
1999-08-15,MANAFWA,4.258759537101371,10.093728065490723,1.6763769388198853
1999-08-15,BUDUDA,5.374287210546003,10.093728065490723,2.7002980709075928
1999-08-15,MBALE,1.3236511949891552,4.959926605224609,0.17184197902679443
1999-08-15,MBALE,0.7292779789537609,0.8997907638549805,0.4330804646015167
1999-08-16,SIRONKO,3.4072584463795295,9.763851165771484,0.3253157436847687
1999-08-16,BULAMBULI,3.9075648829937593,11.227193832397461,0.3647224009037018
1999-08-16,BUKWO,0.3259414306962294,2.7440221309661865,0.0
1999-08-16,BUTALEJA,1.0855262489137214,10.098403930664062,0.022782988846302032
1999-08-16,KWEEN,0.9512931441973962,8.472442626953125,0.0
1999-08-16,KAPCHORWA,5.00094656053495,9.245850563049316,0.3647224009037018
1999-08-16,MANAFWA,1.3491996946941847,4.456413269042969,0.13728217780590057
1999-08-16,BUDUDA,2.466490011557548,9.763851165771484,0.13728217780590057
1999-08-16,MBALE,1.8828215247365643,12.968794822692871,0.017433801665902138
1999-08-16,MBALE,0.4048842422608219,11.691235542297363,0.13052485883235931
1999-08-17,SIRONKO,11.411138930858712,25.64076805114746,0.15657058358192444
1999-08-17,BULAMBULI,10.926152825092615,29.84364128112793,0.0442771352827549
1999-08-17,BUKWO,2.7484678669346865,7.490976333618164,0.0
1999-08-17,BUTALEJA,0.5768571980595445,3.603881597518921,0.028487825766205788
1999-08-17,KWEEN,5.262669105979802,15.459178924560547,0.4423833191394806
1999-08-17,KAPCHORWA,16.531426785666397,29.84364128112793,1.1160054206848145
1999-08-17,MANAFWA,10.955777808823136,23.369579315185547,1.1473404169082642
1999-08-17,BUDUDA,4.701709191398932,18.716506958007812,0.34501147270202637
1999-08-17,MBALE,1.9079787305434421,9.80077838897705,0.04133284091949463
1999-08-17,MBALE,0.15208940759272,3.8067946434020996,0.049514301121234894
1999-08-18,SIRONKO,7.118878918752675,15.932108879089355,0.09484836459159851
1999-08-18,BULAMBULI,4.074538109204243,15.932108879089355,0.0
1999-08-18,BUKWO,0.9363639891793685,2.4776525497436523,0.0
1999-08-18,BUTALEJA,1.895787396521048,6.138262748718262,0.02712108939886093
1999-08-18,KWEEN,0.6239667409703238,7.567349910736084,0.0
1999-08-18,KAPCHORWA,4.329117552867092,11.763209342956543,0.0
1999-08-18,MANAFWA,8.396250825996535,17.65099334716797,1.0426779985427856
1999-08-18,BUDUDA,4.384443692506922,12.467065811157227,0.5217942595481873
1999-08-18,MBALE,1.043417338909305,7.447695255279541,0.025772277265787125
1999-08-18,MBALE,0.09322268689562692,2.0665366649627686,0.025772277265787125
1999-08-19,SIRONKO,2.5362989958797715,7.41875696182251,0.0469994880259037
1999-08-19,BULAMBULI,2.777184810326385,19.788288116455078,0.06118372082710266
1999-08-19,BUKWO,0.4877831934514914,1.942662000656128,0.0
1999-08-19,BUTALEJA,0.4608768160255457,1.7641758918762207,0.0028562864754348993
1999-08-19,KWEEN,0.6753974542833912,4.099514007568359,0.0
1999-08-19,KAPCHORWA,2.5419585598026413,6.004085540771484,0.984362006187439
1999-08-19,MANAFWA,4.9162799127772585,13.107605934143066,0.23076654970645905
1999-08-19,BUDUDA,1.9962292698697277,7.41875696182251,0.08622882515192032
1999-08-19,MBALE,0.35935502016788445,4.225426197052002,0.0028562864754348993
1999-08-19,MBALE,0.023873068028474134,0.37735724449157715,0.01090358104556799
1999-08-20,SIRONKO,9.85205047909476,18.722976684570312,0.2582140862941742
1999-08-20,BULAMBULI,9.329476603975989,23.833040237426758,0.0
1999-08-20,BUKWO,0.996669468170193,4.463425636291504,0.0
1999-08-20,BUTALEJA,6.746100870659869,20.343032836914062,0.06425001472234726
1999-08-20,KWEEN,2.325007014271017,20.500261306762695,0.0
1999-08-20,KAPCHORWA,14.707518905916126,20.500261306762695,1.1829931735992432
1999-08-20,MANAFWA,15.299403497522155,35.75236892700195,1.030954360961914
1999-08-20,BUDUDA,5.226696509838848,13.490394592285156,0.5713409781455994
1999-08-20,MBALE,2.7641559500269035,10.388864517211914,0.0559551976621151
1999-08-20,MBALE,0.22194833756210733,4.819998741149902,0.0559551976621151
1999-08-21,SIRONKO,3.12512233336461,14.304177284240723,0.32372984290122986
1999-08-21,BULAMBULI,5.9219018620985375,20.960115432739258,0.0
1999-08-21,BUKWO,2.02595606525324,7.037857532501221,0.0
1999-08-21,BUTALEJA,0.49102551618756873,4.031538486480713,0.0
1999-08-21,KWEEN,2.480360763902921,12.934614181518555,0.0
1999-08-21,KAPCHORWA,7.297430300509636,20.960115432739258,1.8294261693954468
1999-08-21,MANAFWA,3.6207968746365085,10.411615371704102,0.0
1999-08-21,BUDUDA,2.294261096087114,8.742959022521973,0.32372984290122986
1999-08-21,MBALE,1.7531528669016978,6.2679057121276855,0.0
1999-08-21,MBALE,1.3945400312158591,3.160517930984497,0.7873041033744812
1999-08-22,SIRONKO,4.675544979238319,16.533098220825195,0.8715681433677673
1999-08-22,BULAMBULI,16.918705486029832,42.51356506347656,0.47188037633895874
1999-08-22,BUKWO,27.33497420917592,52.9991569519043,12.543574333190918
1999-08-22,BUTALEJA,2.5239053493559402,9.206153869628906,0.0
1999-08-22,KWEEN,34.056728683941984,54.38359832763672,1.6689033508300781
1999-08-22,KAPCHORWA,30.265819481034676,44.83327102661133,16.668230056762695
1999-08-22,MANAFWA,6.4529380669085485,14.766620635986328,1.07841956615448
1999-08-22,BUDUDA,3.7014458187572923,14.718082427978516,1.0557633638381958
1999-08-22,MBALE,7.707350968979617,15.419010162353516,0.3959917426109314
1999-08-22,MBALE,2.8367560382201473,4.640684127807617,0.8220013976097107
1999-08-23,SIRONKO,17.324863961290887,54.23899459838867,1.8884705305099487
1999-08-23,BULAMBULI,25.22874011410972,54.23899459838867,0.06986281275749207
1999-08-23,BUKWO,34.82845175168175,58.76469421386719,11.191668510437012
1999-08-23,BUTALEJA,7.716954412151587,12.508610725402832,0.0
1999-08-23,KWEEN,25.684523038289015,61.126285552978516,0.0
1999-08-23,KAPCHORWA,36.68286268366338,54.45935821533203,17.23872947692871
1999-08-23,MANAFWA,5.678028125560278,15.989143371582031,1.819647192955017
1999-08-23,BUDUDA,6.665392384890563,33.345680236816406,1.8884705305099487
1999-08-23,MBALE,15.610228009045034,33.345680236816406,3.045529842376709
1999-08-23,MBALE,15.033249624795944,21.748035430908203,14.454176902770996
1999-08-24,SIRONKO,3.8875625506930205,10.32856559753418,0.7672995924949646
1999-08-24,BULAMBULI,6.186063921993584,10.79919147491455,0.09682739526033401
1999-08-24,BUKWO,5.205797048164751,23.50811767578125,0.33599698543548584
1999-08-24,BUTALEJA,3.2869155552896068,15.621210098266602,0.0
1999-08-24,KWEEN,2.0247172959345736,23.128185272216797,0.04171731323003769
1999-08-24,KAPCHORWA,4.319016615134224,8.386849403381348,0.3325587511062622
1999-08-24,MANAFWA,3.5813600735895377,6.36717414855957,0.9613308906555176
1999-08-24,BUDUDA,2.565891312458099,11.44580078125,0.7672995924949646
1999-08-24,MBALE,7.607468070277788,15.621210098266602,0.9613308906555176
1999-08-24,MBALE,6.691681853626586,12.490572929382324,5.195522308349609
1999-08-25,SIRONKO,6.045626549180345,13.6685152053833,1.0554713010787964
1999-08-25,BULAMBULI,8.57216541204728,15.832460403442383,0.4088699221611023
1999-08-25,BUKWO,2.7868318318404914,12.674615859985352,0.0
1999-08-25,BUTALEJA,5.265974705286248,15.353109359741211,0.0
1999-08-25,KWEEN,2.297381595664195,12.674615859985352,0.031287986785173416
1999-08-25,KAPCHORWA,8.40869621913079,18.092798233032227,0.9862086176872253
1999-08-25,MANAFWA,6.6559566307478635,12.301025390625,0.9975998997688293
1999-08-25,BUDUDA,4.412053406140775,19.234174728393555,0.9082633256912231
1999-08-25,MBALE,11.136978174548284,19.234174728393555,4.557348251342773
1999-08-25,MBALE,7.815157135444416,11.71639347076416,7.290182590484619
1999-08-26,SIRONKO,3.2560483000626697,7.87630558013916,1.0991969108581543
1999-08-26,BULAMBULI,7.99805623171884,24.959877014160156,0.4277021288871765
1999-08-26,BUKWO,2.3830842469635747,18.56867027282715,0.18439340591430664
1999-08-26,BUTALEJA,16.35096032865954,31.245576858520508,9.244708061218262
1999-08-26,KWEEN,6.585953507693555,13.115683555603027,0.7902895212173462
1999-08-26,KAPCHORWA,5.768104273528295,12.32658576965332,2.9440081119537354
1999-08-26,MANAFWA,7.214847079896045,15.218045234680176,1.703360676765442
1999-08-26,BUDUDA,3.177234943449254,7.853964805603027,2.1696581840515137
1999-08-26,MBALE,9.497274587434237,13.390446662902832,2.6838881969451904
1999-08-26,MBALE,10.499079401026822,11.088976860046387,6.2512617111206055
1999-08-27,SIRONKO,2.1773340217361365,5.495650291442871,0.2075035721063614
1999-08-27,BULAMBULI,3.2021518975558316,10.498408317565918,0.1308874934911728
1999-08-27,BUKWO,0.6820501930205662,2.2395102977752686,0.0
1999-08-27,BUTALEJA,7.51587983391366,11.890424728393555,2.0529863834381104
1999-08-27,KWEEN,2.7016284983637235,5.196720600128174,0.5102357268333435
1999-08-27,KAPCHORWA,4.25739726474005,7.238054275512695,1.1832634210586548
1999-08-27,MANAFWA,1.6633185205331829,4.211510181427002,0.0994485542178154
1999-08-27,BUDUDA,1.978929975870164,4.211510181427002,0.5760200619697571
1999-08-27,MBALE,1.9342472594070022,5.005586624145508,0.10648150742053986
1999-08-27,MBALE,1.0409702845635347,1.4322731494903564,0.2037041038274765
1999-08-28,SIRONKO,3.2735719925205586,6.673427104949951,0.6357556581497192
1999-08-28,BULAMBULI,5.977914597131102,12.40382194519043,1.2566372156143188
1999-08-28,BUKWO,5.214965689560461,12.241323471069336,1.4090297222137451
1999-08-28,BUTALEJA,3.1562379274341867,12.34143352508545,0.016662580892443657
1999-08-28,KWEEN,5.191955597664635,12.241323471069336,1.2566372156143188
1999-08-28,KAPCHORWA,7.600655548864133,9.72760009765625,3.444959878921509
1999-08-28,MANAFWA,0.7556680075908406,4.079179286956787,0.0
1999-08-28,BUDUDA,2.553382446892792,6.673427104949951,0.7255232930183411
1999-08-28,MBALE,1.1422273591446657,4.964993000030518,0.016662580892443657
1999-08-28,MBALE,0.29033532757780306,0.3894570469856262,0.1144557073712349
1999-08-29,SIRONKO,5.636073793512283,9.61941909790039,2.796229600906372
1999-08-29,BULAMBULI,24.007949671309824,56.972412109375,2.796229600906372
1999-08-29,BUKWO,9.790109562547096,24.518524169921875,4.4338202476501465
1999-08-29,BUTALEJA,5.909222826594453,11.514423370361328,2.182891368865967
1999-08-29,KWEEN,28.746738980694523,54.16071319580078,5.613200664520264
1999-08-29,KAPCHORWA,19.007923631633,43.25560760498047,5.267784118652344
1999-08-29,MANAFWA,3.1334320388358567,5.215457439422607,0.8651279211044312
1999-08-29,BUDUDA,3.631858446976032,7.095952987670898,1.4516056776046753
1999-08-29,MBALE,6.571553414005295,11.514423370361328,2.628662586212158
1999-08-29,MBALE,8.53646884048604,8.859140396118164,6.417602062225342
1999-08-30,SIRONKO,18.115228512740565,31.809858322143555,7.737545967102051
1999-08-30,BULAMBULI,9.367613435988893,23.379547119140625,0.686518132686615
1999-08-30,BUKWO,7.579793263491304,13.109635353088379,1.933518886566162
1999-08-30,BUTALEJA,13.224017667786592,24.229482650756836,5.179043769836426
1999-08-30,KWEEN,4.761367112896106,20.670700073242188,0.09337945282459259
1999-08-30,KAPCHORWA,10.36237093095718,15.469552040100098,4.268195629119873
1999-08-30,MANAFWA,12.160958836135473,30.10835075378418,1.8018823862075806
1999-08-30,BUDUDA,21.93425592871988,30.10835075378418,13.211629867553711
1999-08-30,MBALE,24.686686912085896,32.76678466796875,7.136753082275391
1999-08-30,MBALE,31.60391243446741,32.76678466796875,23.310218811035156
1999-08-31,SIRONKO,2.168898061576302,6.021826267242432,0.5024067759513855
1999-08-31,BULAMBULI,1.8234302389658275,5.58326530456543,0.38445016741752625
1999-08-31,BUKWO,0.7193259640013966,3.8363442420959473,0.0
1999-08-31,BUTALEJA,2.696283383751316,5.899230480194092,0.9312278032302856
1999-08-31,KWEEN,0.8988761081975704,4.4842047691345215,0.0
1999-08-31,KAPCHORWA,1.8541122550357865,4.229964256286621,0.6476267576217651
1999-08-31,MANAFWA,3.9040194071811642,8.01513957977295,1.7206699848175049
1999-08-31,BUDUDA,4.2262104364208675,7.436882972717285,1.6963894367218018
1999-08-31,MBALE,4.783629925839504,8.01513957977295,1.4090473651885986
1999-08-31,MBALE,5.319826835711097,5.898711681365967,3.331531524658203
1999-09-01,SIRONKO,6.519002249875778,16.741334915161133,0.0
1999-09-01,BULAMBULI,18.50695780675334,31.499828338623047,0.23088063299655914
1999-09-01,BUKWO,20.706572042405217,29.70956039428711,10.967244148254395
1999-09-01,BUTALEJA,6.430431517640195,11.826468467712402,1.984578251838684
1999-09-01,KWEEN,19.590113480767574,34.25722122192383,12.05103588104248
1999-09-01,KAPCHORWA,20.267846100674312,29.715404510498047,14.924054145812988
1999-09-01,MANAFWA,4.227113744767478,11.993687629699707,0.0
1999-09-01,BUDUDA,11.177661755555215,16.741334915161133,0.0
1999-09-01,MBALE,2.449030733419649,12.479207038879395,0.0
1999-09-01,MBALE,0.01971783674584469,2.465131998062134,0.0
1999-09-02,SIRONKO,6.717610247718077,17.553953170776367,0.0
1999-09-02,BULAMBULI,11.724876740692281,24.12989044189453,0.0851895734667778
1999-09-02,BUKWO,12.223731651979527,24.471160888671875,1.2777447700500488
1999-09-02,BUTALEJA,7.163551453883672,15.104476928710938,2.50258731842041
1999-09-02,KWEEN,7.560570884952871,24.471160888671875,1.4525870084762573
1999-09-02,KAPCHORWA,14.508592263013867,24.12989044189453,10.307473182678223
1999-09-02,MANAFWA,2.0533053504718852,9.813884735107422,0.0
1999-09-02,BUDUDA,10.057122426955017,17.930776596069336,0.0
1999-09-02,MBALE,1.2895070625901706,8.899139404296875,0.0
1999-09-02,MBALE,0.027005764693167726,3.3762717247009277,0.0
1999-09-03,SIRONKO,1.990700161749811,6.635584354400635,0.0
1999-09-03,BULAMBULI,1.6363696806414365,9.261756896972656,0.0
1999-09-03,BUKWO,1.3478224820390723,8.692753791809082,0.0
1999-09-03,BUTALEJA,0.005203242372684168,0.10851387679576874,0.0
1999-09-03,KWEEN,0.8979397207050916,9.261756896972656,0.0
1999-09-03,KAPCHORWA,2.8596165608638624,9.261756896972656,0.16871397197246552
1999-09-03,MANAFWA,0.934782797137564,3.225964069366455,0.0
1999-09-03,BUDUDA,2.8450002998180026,6.635584354400635,0.0
1999-09-03,MBALE,0.13577933535757847,2.6750125885009766,0.0
1999-09-03,MBALE,0.0,0.0,0.0
1999-09-04,SIRONKO,4.176420573652793,15.296558380126953,0.0
1999-09-04,BULAMBULI,6.049868940501676,16.556644439697266,0.0
1999-09-04,BUKWO,2.7041084844566123,5.849684715270996,0.025158708915114403
1999-09-04,BUTALEJA,5.2628042442546885,16.60099983215332,0.7963354587554932
1999-09-04,KWEEN,1.12440454840289,6.157073020935059,0.0
1999-09-04,KAPCHORWA,5.127603717487668,12.733284950256348,1.262381672859192
1999-09-04,MANAFWA,1.3993441871791081,6.702927589416504,0.0
1999-09-04,BUDUDA,5.966427359681577,9.67707347869873,0.0
1999-09-04,MBALE,0.7555463163927078,8.78689193725586,0.0
1999-09-04,MBALE,0.013041805547707385,1.630491852760315,0.0
1999-09-05,SIRONKO,6.221918656193422,18.534605026245117,0.0
1999-09-05,BULAMBULI,13.449038756296448,28.724063873291016,0.09755179286003113
1999-09-05,BUKWO,14.861793755285335,26.87767791748047,6.9650044441223145
1999-09-05,BUTALEJA,3.4038971592173217,6.907134056091309,1.182748556137085
1999-09-05,KWEEN,10.063405852107863,28.724063873291016,1.4340957403182983
1999-09-05,KAPCHORWA,16.769550207237465,28.724063873291016,11.828084945678711
1999-09-05,MANAFWA,5.6078652112415295,15.918286323547363,0.0
1999-09-05,BUDUDA,14.00352125711277,21.44585418701172,0.0
1999-09-05,MBALE,1.332363425500775,11.115778923034668,0.0
1999-09-05,MBALE,0.011206186814048186,1.401002049446106,0.0
1999-09-06,SIRONKO,4.9244556893738975,10.976272583007812,0.0
1999-09-06,BULAMBULI,0.6963418443862507,10.976272583007812,0.0
1999-09-06,BUKWO,0.015276271480908977,0.41922178864479065,0.0
1999-09-06,BUTALEJA,0.5174026476964839,1.7185888290405273,0.0
1999-09-06,KWEEN,0.01072735526770257,0.41922178864479065,0.0
1999-09-06,KAPCHORWA,0.2254153439362154,1.3868790864944458,0.0
1999-09-06,MANAFWA,4.097584936735314,9.790287971496582,1.3374689817428589
1999-09-06,BUDUDA,4.340382577010836,9.790287971496582,0.0
1999-09-06,MBALE,5.614189721314069,12.754030227661133,0.6807668805122375
1999-09-06,MBALE,8.773826059390624,10.768890380859375,8.493642807006836
1999-09-07,SIRONKO,0.5341307057816617,1.967653751373291,0.0
1999-09-07,BULAMBULI,0.19551677163650535,1.967653751373291,0.0
1999-09-07,BUKWO,0.003861676402864461,0.05386791750788689,0.0
1999-09-07,BUTALEJA,0.11159629668497192,0.3338994085788727,0.0
1999-09-07,KWEEN,0.0016866020335794707,0.05386791750788689,0.0
1999-09-07,KAPCHORWA,0.14196832006297697,0.770119309425354,0.0
1999-09-07,MANAFWA,0.3454966177305878,1.6983020305633545,0.0
1999-09-07,BUDUDA,0.6520290175106684,1.967653751373291,0.0
1999-09-07,MBALE,0.27788938736622243,0.9546752572059631,0.0
1999-09-07,MBALE,0.1409294014000597,0.3742004930973053,0.0
1999-09-08,SIRONKO,1.1812780570308934,2.9870121479034424,0.0
1999-09-08,BULAMBULI,0.2402280394635872,2.9870121479034424,0.0
1999-09-08,BUKWO,0.0027263861468579333,0.08581385016441345,0.0
1999-09-08,BUTALEJA,0.17945529080342354,0.8327713012695312,0.0
1999-09-08,KWEEN,0.002182056147378049,0.08581385016441345,0.0
1999-09-08,KAPCHORWA,0.10722476826655726,0.687475860118866,0.0
1999-09-08,MANAFWA,0.9480788931252027,1.9286272525787354,0.2065270096063614
1999-09-08,BUDUDA,1.1847279204335381,2.1304452419281006,0.0
1999-09-08,MBALE,0.86352031007941,1.9609334468841553,0.1104976087808609
1999-09-08,MBALE,0.8247536230896799,1.7968864440917969,0.2735753059387207
1999-09-09,SIRONKO,5.010682686864164,10.652228355407715,0.0
1999-09-09,BULAMBULI,0.7668779524492578,10.652228355407715,0.0
1999-09-09,BUKWO,0.01395719207618956,0.2760111093521118,0.0
1999-09-09,BUTALEJA,0.7280092440509958,2.5152854919433594,0.0
1999-09-09,KWEEN,0.008576782722006267,0.2760111093521118,0.0
1999-09-09,KAPCHORWA,0.16103310490585485,1.8942762613296509,0.0
1999-09-09,MANAFWA,2.2788011687526497,8.617624282836914,0.8087597489356995
1999-09-09,BUDUDA,4.301334545625101,10.652228355407715,0.0
1999-09-09,MBALE,4.908126348564958,10.606094360351562,0.8725748062133789
1999-09-09,MBALE,5.7840799016575755,8.059907913208008,4.598973274230957
1999-09-10,SIRONKO,5.033666361924606,10.846723556518555,0.0
1999-09-10,BULAMBULI,0.9686182596314854,10.846723556518555,0.0
1999-09-10,BUKWO,0.03310487045401263,0.43846818804740906,0.0
1999-09-10,BUTALEJA,1.6311608792605687,4.093646049499512,0.0
1999-09-10,KWEEN,0.01331825432479059,0.43846818804740906,0.0
1999-09-10,KAPCHORWA,0.451844247462519,3.033884286880493,0.0
1999-09-10,MANAFWA,4.9431547742249995,16.860881805419922,1.829003095626831
1999-09-10,BUDUDA,8.621920668453036,16.860881805419922,0.0
1999-09-10,MBALE,6.6781957313758165,15.564778327941895,1.5606956481933594
1999-09-10,MBALE,6.506589343646676,9.31202507019043,4.6257147789001465
1999-09-11,SIRONKO,2.344627752394209,8.452560424804688,0.0
1999-09-11,BULAMBULI,3.2953408730381515,8.460216522216797,0.0
1999-09-11,BUKWO,0.001265574022031725,0.48910754919052124,0.0
1999-09-11,BUTALEJA,8.585400082423223E-4,0.01846500299870968,0.0
1999-09-11,KWEEN,1.0079504136807735,7.097086429595947,0.0
1999-09-11,KAPCHORWA,3.521558219727643,8.460216522216797,0.0
1999-09-11,MANAFWA,0.0,0.0,0.0
1999-09-11,BUDUDA,0.0,0.0,0.0
1999-09-11,MBALE,0.08212979681112188,4.950634956359863,0.0
1999-09-11,MBALE,2.4324403531482088E-4,0.030410468578338623,0.0
1999-09-12,SIRONKO,6.230908242188273,18.826597213745117,0.0
1999-09-12,BULAMBULI,9.576349666374144,24.866069793701172,0.0
1999-09-12,BUKWO,0.029332215470380982,11.336048126220703,0.0
1999-09-12,BUTALEJA,0.4399940696869116,3.582709312438965,0.0
1999-09-12,KWEEN,14.022700094171586,26.12145233154297,0.0
1999-09-12,KAPCHORWA,12.445432601770333,25.207469940185547,0.0
1999-09-12,MANAFWA,0.0,0.0,0.0
1999-09-12,BUDUDA,0.0,0.0,0.0
1999-09-12,MBALE,0.6059782136991861,6.914238452911377,0.0
1999-09-12,MBALE,0.03618203141974967,4.523492336273193,0.0
1999-09-13,SIRONKO,2.5430778492073793,10.51561450958252,0.0
1999-09-13,BULAMBULI,5.324732658747317,13.682228088378906,0.0
1999-09-13,BUKWO,0.0106773380053529,4.126480579376221,0.0
1999-09-13,BUTALEJA,1.3377354604819613,7.6273064613342285,0.0
1999-09-13,KWEEN,4.309808501328627,14.5353364944458,0.0
1999-09-13,KAPCHORWA,6.1022186011300175,13.682228088378906,0.0
1999-09-13,MANAFWA,0.0,0.0,0.0
1999-09-13,BUDUDA,0.0,0.0,0.0
1999-09-13,MBALE,0.13911854407788699,1.9707183837890625,0.0
1999-09-13,MBALE,0.006439190994008009,0.8050302863121033,0.0
1999-09-14,SIRONKO,1.3897804254337,7.0694966316223145,0.0
1999-09-14,BULAMBULI,2.296361978127206,7.0694966316223145,0.0
1999-09-14,BUKWO,0.0020404803820058847,0.7885863184928894,0.0
1999-09-14,BUTALEJA,3.183356441908019,13.002342224121094,0.0
1999-09-14,KWEEN,0.5659465505595125,3.3127450942993164,0.0
1999-09-14,KAPCHORWA,2.534296021067898,6.280311107635498,0.0
1999-09-14,MANAFWA,0.0,0.0,0.0
1999-09-14,BUDUDA,0.0,0.0,0.0
1999-09-14,MBALE,0.1454770559393991,2.119232416152954,0.0
1999-09-14,MBALE,0.007900235186283239,0.9876906275749207,0.0
1999-09-15,SIRONKO,0.45892669353118165,1.748218059539795,0.0
1999-09-15,BULAMBULI,0.6068303397701938,3.5628693103790283,0.0
1999-09-15,BUKWO,0.0,0.0,0.0
1999-09-15,BUTALEJA,0.1634422001969717,3.6710805892944336,0.0
1999-09-15,KWEEN,0.08942285462977048,2.1129977703094482,0.0
1999-09-15,KAPCHORWA,1.191087087126159,3.5628693103790283,0.0
1999-09-15,MANAFWA,0.0,0.0,0.0
1999-09-15,BUDUDA,0.0,0.0,0.0
1999-09-15,MBALE,0.1629024080249378,1.748218059539795,0.0
1999-09-15,MBALE,0.010166410017433878,1.2710087299346924,0.0
1999-09-16,SIRONKO,6.933139437055029,15.082731246948242,0.9299468994140625
1999-09-16,BULAMBULI,9.506991069390743,18.316022872924805,0.5603469014167786
1999-09-16,BUKWO,6.0241359621290655,14.718297958374023,0.0
1999-09-16,BUTALEJA,0.9569350383471755,6.206691741943359,0.29327160120010376
1999-09-16,KWEEN,5.245386316173536,14.718297958374023,0.0
1999-09-16,KAPCHORWA,9.76014690147252,18.316022872924805,5.382119655609131
1999-09-16,MANAFWA,2.918817823506257,7.867034435272217,0.01781296357512474
1999-09-16,BUDUDA,2.168106005584616,7.659130096435547,1.0611213445663452
1999-09-16,MBALE,1.2080598910788833,6.076219081878662,0.01781296357512474
1999-09-16,MBALE,0.8756336898847301,2.436659812927246,0.6910912990570068
1999-09-17,SIRONKO,2.4181498836174042,7.799664497375488,0.16950015723705292
1999-09-17,BULAMBULI,2.0750689498022634,8.019952774047852,0.0
1999-09-17,BUKWO,3.8488070417914684,9.46125316619873,0.0
1999-09-17,BUTALEJA,0.1369281990525676,0.6723527312278748,0.0
1999-09-17,KWEEN,0.9061401459892475,9.46125316619873,0.0
1999-09-17,KAPCHORWA,1.4435457445931095,6.2795023918151855,0.0
1999-09-17,MANAFWA,3.6015315875692964,6.659207344055176,0.11458694934844971
1999-09-17,BUDUDA,3.940056894284024,7.799664497375488,1.2498984336853027
1999-09-17,MBALE,0.7689584525123474,2.2672712802886963,0.11458694934844971
1999-09-17,MBALE,0.3790505209167215,0.7634029984474182,0.31965985894203186
1999-09-18,SIRONKO,7.863757194530111,22.159000396728516,1.0738099813461304
1999-09-18,BULAMBULI,10.778904115927126,22.159000396728516,3.0851709842681885
1999-09-18,BUKWO,4.158189114581146,16.19801902770996,0.0
1999-09-18,BUTALEJA,0.29664428415482563,1.5311716794967651,0.040792565792798996
1999-09-18,KWEEN,3.9431811295455996,16.19801902770996,0.0
1999-09-18,KAPCHORWA,11.50930943228253,21.624727249145508,3.662280321121216
1999-09-18,MANAFWA,3.2537791926242585,6.455204486846924,0.035057853907346725
1999-09-18,BUDUDA,4.776245869233993,11.617518424987793,1.4647479057312012
1999-09-18,MBALE,1.804912668965736,6.846074104309082,0.035057853907346725
1999-09-18,MBALE,1.3459652828267303,3.8330419063568115,1.1110036373138428
1999-09-19,SIRONKO,14.885753652575554,37.170188903808594,2.910098075866699
1999-09-19,BULAMBULI,26.044329219056987,42.63893127441406,8.1510009765625
1999-09-19,BUKWO,10.202940883834433,35.20262145996094,0.0
1999-09-19,BUTALEJA,1.528583200449555,9.191107749938965,0.23010800778865814
1999-09-19,KWEEN,33.964670475454604,59.02329635620117,7.793312072753906
1999-09-19,KAPCHORWA,34.61722147902466,43.62568283081055,10.799259185791016
1999-09-19,MANAFWA,3.2707497914350667,9.022810935974121,0.031041134148836136
1999-09-19,BUDUDA,6.746441975508981,11.758017539978027,1.7905160188674927
1999-09-19,MBALE,1.6176580574133628,8.631380081176758,0.031041134148836136
1999-09-19,MBALE,0.9957752673115329,3.1342976093292236,0.693011462688446
1999-09-20,SIRONKO,15.381580690980496,33.26028060913086,2.0631706714630127
1999-09-20,BULAMBULI,23.97806973183817,43.26972961425781,10.235595703125
1999-09-20,BUKWO,9.921303210863705,21.742040634155273,0.0
1999-09-20,BUTALEJA,0.13927747034721277,0.9095821976661682,0.0
1999-09-20,KWEEN,9.178711265958707,21.742040634155273,3.3331332206726074
1999-09-20,KAPCHORWA,20.587748849101914,38.25105285644531,9.692150115966797
1999-09-20,MANAFWA,3.4852547487616943,9.942472457885742,0.08155497163534164
1999-09-20,BUDUDA,7.356848910677852,18.46697425842285,1.312989354133606
1999-09-20,MBALE,1.8891728583084668,13.26362133026123,0.08155497163534164
1999-09-20,MBALE,1.4966696162376378,4.378384113311768,1.0847200155258179
1999-09-21,SIRONKO,6.857842020782816,16.50226402282715,1.0405551195144653
1999-09-21,BULAMBULI,6.944583917119198,20.945343017578125,0.06928990036249161
1999-09-21,BUKWO,10.107753598041336,18.00425148010254,2.0754106044769287
1999-09-21,BUTALEJA,1.1951289934293503,4.068709850311279,0.0
1999-09-21,KWEEN,9.676866910043977,20.945343017578125,2.554517984390259
1999-09-21,KAPCHORWA,9.964906166897253,20.945343017578125,4.453666687011719
1999-09-21,MANAFWA,3.768154190778552,9.11656665802002,0.6320362091064453
1999-09-21,BUDUDA,6.1627838796562,16.50226402282715,0.9318988919258118
1999-09-21,MBALE,0.9842041946432878,5.362393379211426,0.37315547466278076
1999-09-21,MBALE,0.7772004112401819,0.8340041041374207,0.7709742784500122
1999-09-22,SIRONKO,3.8667177428996267,11.067543983459473,0.051138389855623245
1999-09-22,BULAMBULI,6.383652040459902,12.961669921875,1.9302618503570557
1999-09-22,BUKWO,7.115951485223748,26.554595947265625,1.1270397901535034
1999-09-22,BUTALEJA,3.9302144777015875,9.384819984436035,0.4740210175514221
1999-09-22,KWEEN,4.264745676263055,20.43482780456543,0.3991847336292267
1999-09-22,KAPCHORWA,5.599315055804954,10.569209098815918,2.100722312927246
1999-09-22,MANAFWA,2.9626268353460623,8.25112533569336,1.348909616470337
1999-09-22,BUDUDA,4.759446071170042,12.723807334899902,1.016896367073059
1999-09-22,MBALE,1.0258090987336936,3.270007848739624,0.037966012954711914
1999-09-22,MBALE,0.2271530472965673,0.39697524905204773,0.037966012954711914
1999-09-23,SIRONKO,4.607768400093015,6.744018077850342,1.0316616296768188
1999-09-23,BULAMBULI,2.5005391270327846,6.20718240737915,0.37182697653770447
1999-09-23,BUKWO,1.7880240342091647,4.266847133636475,0.0
1999-09-23,BUTALEJA,2.6462248769563077,5.478262901306152,1.1777255535125732
1999-09-23,KWEEN,1.1205749066205308,5.050062656402588,0.0
1999-09-23,KAPCHORWA,2.4607599686421446,4.552706241607666,1.00555419921875
1999-09-23,MANAFWA,5.758165641514646,9.303196907043457,1.7819805145263672
1999-09-23,BUDUDA,7.119950848713773,9.303196907043457,4.5996503829956055
1999-09-23,MBALE,3.8841650531629615,9.303196907043457,0.9673596024513245
1999-09-23,MBALE,2.709895985688098,4.121427536010742,0.9673596024513245
1999-09-24,SIRONKO,5.876533703091654,11.359291076660156,1.8143246173858643
1999-09-24,BULAMBULI,4.735181356136046,13.09415054321289,1.2780793905258179
1999-09-24,BUKWO,2.790655075634779,9.0874605178833,0.4980134069919586
1999-09-24,BUTALEJA,6.171644496989401,9.199698448181152,4.337897300720215
1999-09-24,KWEEN,2.172650868613714,6.114532947540283,0.21438756585121155
1999-09-24,KAPCHORWA,3.880935776544641,6.565128803253174,2.640852689743042
1999-09-24,MANAFWA,10.569739189871703,19.707767486572266,6.177412033081055
1999-09-24,BUDUDA,11.369603809344223,19.707767486572266,1.8143246173858643
1999-09-24,MBALE,8.967414830344298,19.707767486572266,3.220350503921509
1999-09-24,MBALE,9.916030096844292,10.907783508300781,8.38475227355957
1999-09-25,SIRONKO,5.934857990125927,16.444482803344727,1.3095875978469849
1999-09-25,BULAMBULI,5.69159187011906,16.444482803344727,1.3025099039077759
1999-09-25,BUKWO,5.6556244858286195,14.0000638961792,1.478973150253296
1999-09-25,BUTALEJA,2.3009572747080185,3.4338831901550293,1.5945751667022705
1999-09-25,KWEEN,2.406647082423286,16.444482803344727,0.3788433074951172
1999-09-25,KAPCHORWA,3.35190405635754,12.179089546203613,1.0875580310821533
1999-09-25,MANAFWA,6.431780244890759,9.052005767822266,4.1352925300598145
1999-09-25,BUDUDA,8.869046852252733,16.444482803344727,4.621920585632324
1999-09-25,MBALE,3.322281798938249,7.802209854125977,1.3095875978469849
1999-09-25,MBALE,2.6465011917996013,3.187624454498291,1.614840030670166
1999-09-26,SIRONKO,3.823573977888567,11.031755447387695,0.05805523321032524
1999-09-26,BULAMBULI,3.1338961045247746,11.031755447387695,0.0
1999-09-26,BUKWO,2.570080464087382,7.810670852661133,0.0
1999-09-26,BUTALEJA,2.9839624710845944,8.501405715942383,0.3079938292503357
1999-09-26,KWEEN,0.5254184993023505,7.810670852661133,0.0
1999-09-26,KAPCHORWA,3.166665354058628,10.725167274475098,0.017540233209729195
1999-09-26,MANAFWA,4.166240105349904,10.28579330444336,0.0778183862566948
1999-09-26,BUDUDA,0.5295154101904714,4.3335371017456055,0.0
1999-09-26,MBALE,3.506548258470719,8.501405715942383,0.05805523321032524
1999-09-26,MBALE,0.7123909171547836,0.7647539377212524,0.1260901242494583
1999-09-27,SIRONKO,1.9633191722521783,5.61836576461792,0.028931288048624992
1999-09-27,BULAMBULI,1.251542243190484,5.190284252166748,0.0
1999-09-27,BUKWO,2.1955953305659937,7.1139068603515625,0.0
1999-09-27,BUTALEJA,10.510736501356329,23.181520462036133,0.37878918647766113
1999-09-27,KWEEN,0.21654368191591655,7.1139068603515625,0.0
1999-09-27,KAPCHORWA,1.4828445534987234,5.190284252166748,0.0
1999-09-27,MANAFWA,4.257182806396906,10.464998245239258,0.18476024270057678
1999-09-27,BUDUDA,0.5124520288377453,2.4460558891296387,0.0
1999-09-27,MBALE,1.7828184241905156,6.756621360778809,0.028931288048624992
1999-09-27,MBALE,0.32835143204222617,0.4180137515068054,0.029262185096740723
1999-09-28,SIRONKO,4.101769225087775,11.06353759765625,0.11759345978498459
1999-09-28,BULAMBULI,2.222956295747836,9.74806022644043,0.02367260865867138
1999-09-28,BUKWO,4.344547798369989,7.670780181884766,0.0
1999-09-28,BUTALEJA,2.6660024267314135,6.456027984619141,0.1268451064825058
1999-09-28,KWEEN,0.3494317541032621,7.246539115905762,0.0
1999-09-28,KAPCHORWA,1.5951559539481912,4.95176362991333,0.02367260865867138
1999-09-28,MANAFWA,7.296829542450287,20.083641052246094,0.11176788061857224
1999-09-28,BUDUDA,0.5820609109134443,4.679828643798828,0.0
1999-09-28,MBALE,4.547056716141038,9.356847763061523,0.11759345978498459
1999-09-28,MBALE,2.4052289708903944,2.5649526119232178,0.23568429052829742
1999-09-29,SIRONKO,4.152573213991671,13.784330368041992,0.1393449604511261
1999-09-29,BULAMBULI,5.776728560028074,14.064210891723633,0.1104091927409172
1999-09-29,BUKWO,6.698291475314389,13.119221687316895,0.0
1999-09-29,BUTALEJA,1.3514754861580973,7.357359409332275,0.0
1999-09-29,KWEEN,1.031154198967476,13.119221687316895,2.8203665351611562E-5
1999-09-29,KAPCHORWA,4.751868414571801,12.3533935546875,0.16063733398914337
1999-09-29,MANAFWA,2.828020964387145,9.714895248413086,0.07303103059530258
1999-09-29,BUDUDA,0.45959521592368124,2.979806423187256,0.0
1999-09-29,MBALE,1.8861030747272385,3.79557728767395,0.1075034961104393
1999-09-29,MBALE,1.0994110138642312,1.2108213901519775,0.1075034961104393
1999-09-30,SIRONKO,4.399629434327168,21.886417388916016,0.08913426101207733
1999-09-30,BULAMBULI,16.571186434768443,35.25529098510742,0.3854590058326721
1999-09-30,BUKWO,5.932939914133669,10.282593727111816,0.0
1999-09-30,BUTALEJA,10.063222004253236,22.959535598754883,2.122774124145508
1999-09-30,KWEEN,4.843681658816464,34.84204864501953,0.066859170794487
1999-09-30,KAPCHORWA,9.960949914626545,17.35980987548828,0.6782196760177612
1999-09-30,MANAFWA,4.155827268745978,8.29907512664795,0.08822672069072723
1999-09-30,BUDUDA,0.573153674514415,5.776791095733643,0.0
1999-09-30,MBALE,5.050867566740329,10.05417251586914,0.08913426101207733
1999-09-30,MBALE,2.870809507431293,2.930554151535034,0.32521578669548035
1999-10-01,SIRONKO,12.9776245875349,45.29185104370117,1.5974862575531006
1999-10-01,BULAMBULI,28.20865674868114,50.24059295654297,4.30670166015625
1999-10-01,BUKWO,9.34236759333925,38.67850112915039,2.60707950592041
1999-10-01,BUTALEJA,4.604533718351674,11.430377006530762,0.7022016048431396
1999-10-01,KWEEN,13.646262107077517,43.51893997192383,0.7593876123428345
1999-10-01,KAPCHORWA,40.63010530701722,53.26038360595703,18.83741569519043
1999-10-01,MANAFWA,3.3695998256858024,8.479382514953613,0.35209107398986816
1999-10-01,BUDUDA,4.761801893412477,8.535841941833496,0.9113574624061584
1999-10-01,MBALE,1.6566168471995963,8.075888633728027,0.18797731399536133
1999-10-01,MBALE,1.6192171635325736,2.612933397293091,0.9481683969497681
1999-10-02,SIRONKO,6.895712624667472,14.874210357666016,3.4478116035461426
1999-10-02,BULAMBULI,7.681933588791775,14.874210357666016,1.1018248796463013
1999-10-02,BUKWO,6.345685164487378,14.813456535339355,0.27516892552375793
1999-10-02,BUTALEJA,14.52338539134071,20.879236221313477,8.331266403198242
1999-10-02,KWEEN,2.7113997028970744,14.874210357666016,0.008006593212485313
1999-10-02,KAPCHORWA,4.109875955828608,11.668010711669922,1.1018248796463013
1999-10-02,MANAFWA,13.965695461980074,18.863332748413086,9.0658540725708
1999-10-02,BUDUDA,13.68892187215881,17.370847702026367,8.009631156921387
1999-10-02,MBALE,9.674096504107858,17.370847702026367,3.3487606048583984
1999-10-02,MBALE,6.130117248251203,7.5430908203125,4.457513809204102
1999-10-03,SIRONKO,9.105712377985208,25.26606559753418,3.0499374866485596
1999-10-03,BULAMBULI,15.79438984124844,32.351783752441406,5.602424144744873
1999-10-03,BUKWO,19.66949643732338,38.31397247314453,5.125755786895752
1999-10-03,BUTALEJA,6.662492459263908,19.375080108642578,2.3729779720306396
1999-10-03,KWEEN,17.8953558389632,38.31397247314453,9.334375381469727
1999-10-03,KAPCHORWA,16.18615978187964,32.351783752441406,8.312338829040527
1999-10-03,MANAFWA,7.701677528883021,12.051876068115234,4.568800449371338
1999-10-03,BUDUDA,11.702278622198587,25.251863479614258,7.054323196411133
1999-10-03,MBALE,5.5940279384706955,9.714593887329102,2.8326871395111084
1999-10-03,MBALE,5.370067437022798,6.340976715087891,5.260235786437988
1999-10-04,SIRONKO,12.962711431663807,28.057558059692383,4.58381462097168
1999-10-04,BULAMBULI,15.299261203314723,42.74812698364258,2.1060009002685547
1999-10-04,BUKWO,28.278052952753086,53.484046936035156,6.262721061706543
1999-10-04,BUTALEJA,3.030545265188787,9.33361530303955,1.0129878520965576
1999-10-04,KWEEN,16.92706451268921,53.484046936035156,2.4057626724243164
1999-10-04,KAPCHORWA,23.30710770203559,51.84077072143555,4.995129585266113
1999-10-04,MANAFWA,7.231903708329289,13.773564338684082,1.247895359992981
1999-10-04,BUDUDA,13.60622383443616,26.445859909057617,8.40857219696045
1999-10-04,MBALE,6.953542257889726,13.773564338684082,3.5771830081939697
1999-10-04,MBALE,5.72927448417173,6.721194744110107,5.052174091339111
1999-10-05,SIRONKO,20.286431408329292,39.44015884399414,9.533987998962402
1999-10-05,BULAMBULI,18.235172718985257,39.44015884399414,4.125345230102539
1999-10-05,BUKWO,20.89085228874676,36.26601028442383,6.017132759094238
1999-10-05,BUTALEJA,6.128585919083879,11.777325630187988,4.017854690551758
1999-10-05,KWEEN,14.184064180064357,39.44015884399414,4.125345230102539
1999-10-05,KAPCHORWA,18.986294150112865,35.692562103271484,6.371424674987793
1999-10-05,MANAFWA,7.198523915509659,19.273937225341797,1.4696077108383179
1999-10-05,BUDUDA,19.196640477287325,39.44015884399414,10.27616024017334
1999-10-05,MBALE,10.776413293982339,17.51512336730957,1.4696077108383179
1999-10-05,MBALE,12.058981439003244,14.48498821258545,11.692486763000488
1999-10-06,SIRONKO,19.39601888562789,32.06299591064453,12.311783790588379
1999-10-06,BULAMBULI,16.879596670633116,32.06299591064453,5.833312511444092
1999-10-06,BUKWO,10.83352833728666,20.507322311401367,1.8629965782165527
1999-10-06,BUTALEJA,7.482676798848078,14.989249229431152,3.176668643951416
1999-10-06,KWEEN,9.60739326647888,20.507322311401367,0.0
1999-10-06,KAPCHORWA,14.97398468558913,25.874963760375977,6.570558071136475
1999-10-06,MANAFWA,13.929985701191304,27.14463996887207,6.30037784576416
1999-10-06,BUDUDA,20.04187133056303,32.06299591064453,11.453216552734375
1999-10-06,MBALE,10.65466006278249,27.14463996887207,4.512968063354492
1999-10-06,MBALE,11.014122607230828,13.038605690002441,10.538753509521484
1999-10-07,SIRONKO,12.935584414951537,21.92850112915039,8.89519214630127
1999-10-07,BULAMBULI,12.129845888962459,28.627197265625,3.05009126663208
1999-10-07,BUKWO,15.30560355358855,28.627197265625,3.3601372241973877
1999-10-07,BUTALEJA,2.611987408751777,9.239694595336914,0.6468066573143005
1999-10-07,KWEEN,12.874072402838504,28.627197265625,0.0
1999-10-07,KAPCHORWA,14.846050589137914,28.627197265625,6.0992655754089355
1999-10-07,MANAFWA,8.862172446203578,20.33263397216797,1.381804347038269
1999-10-07,BUDUDA,16.712785699616358,20.89255142211914,8.702530860900879
1999-10-07,MBALE,7.885583357919889,16.8410701751709,1.232061505317688
1999-10-07,MBALE,8.60388313280069,10.387587547302246,7.960216999053955
1999-10-08,SIRONKO,5.838069405710249,16.715606689453125,0.19875752925872803
1999-10-08,BULAMBULI,7.279340524221484,20.606388092041016,0.03434786945581436
1999-10-08,BUKWO,11.461132934702933,21.495180130004883,1.4486937522888184
1999-10-08,BUTALEJA,0.2882805576389226,2.074948310852051,0.0
1999-10-08,KWEEN,8.63842185313837,21.495180130004883,0.0
1999-10-08,KAPCHORWA,11.82986064399511,21.045089721679688,3.4438798427581787
1999-10-08,MANAFWA,4.249868419566526,10.66304874420166,0.6286144852638245
1999-10-08,BUDUDA,5.813911666381738,15.753546714782715,2.00882625579834
1999-10-08,MBALE,1.7685297570488911,4.220914840698242,0.19875752925872803
1999-10-08,MBALE,1.732021730066007,2.232053279876709,1.2761118412017822
1999-10-09,SIRONKO,8.410961545515182,18.691932678222656,0.8789499402046204
1999-10-09,BULAMBULI,13.75545989740366,20.280515670776367,6.949645519256592
1999-10-09,BUKWO,8.595975068596823,19.25737190246582,0.97178053855896
1999-10-09,BUTALEJA,0.34591726704041387,3.6306047439575195,0.0
1999-10-09,KWEEN,7.211501441990052,19.25737190246582,0.0
1999-10-09,KAPCHORWA,10.809758781547487,16.64274787902832,5.249046325683594
1999-10-09,MANAFWA,1.3119045283029873,7.354587078094482,0.0
1999-10-09,BUDUDA,5.348429075037415,18.691932678222656,0.42180225253105164
1999-10-09,MBALE,0.6537646804280144,6.316941738128662,0.0
1999-10-09,MBALE,0.504827651942901,0.8054023385047913,0.4243047535419464
1999-10-10,SIRONKO,5.503258400816711,10.047809600830078,1.5635591745376587
1999-10-10,BULAMBULI,4.1713082766086425,10.047809600830078,0.1940230131149292
1999-10-10,BUKWO,7.152486024816567,17.116924285888672,1.4268072843551636
1999-10-10,BUTALEJA,4.7058750558802425,7.62653923034668,1.4063047170639038
1999-10-10,KWEEN,2.5278272228783245,9.635626792907715,0.0
1999-10-10,KAPCHORWA,5.348402180384421,9.292498588562012,1.1039973497390747
1999-10-10,MANAFWA,3.1097521497335867,6.605112552642822,1.2332063913345337
1999-10-10,BUDUDA,6.1477538205630635,10.047809600830078,3.8871634006500244
1999-10-10,MBALE,4.322567963198958,6.755191802978516,1.0870609283447266
1999-10-10,MBALE,3.1541297401900854,3.5863895416259766,1.3849735260009766
1999-10-11,SIRONKO,13.159511945026525,31.763607025146484,3.33560848236084
1999-10-11,BULAMBULI,15.385206764538905,31.763607025146484,5.070235729217529
1999-10-11,BUKWO,7.701795470159514,29.709274291992188,0.554129421710968
1999-10-11,BUTALEJA,1.150587968012241,3.62794828414917,0.08416392654180527
1999-10-11,KWEEN,9.862304422179395,29.709274291992188,1.2117819786071777
1999-10-11,KAPCHORWA,16.19226727171152,29.709274291992188,7.658349514007568
1999-10-11,MANAFWA,11.776969013975027,19.353588104248047,4.546548366546631
1999-10-11,BUDUDA,17.728468627803945,31.763607025146484,9.23283576965332
1999-10-11,MBALE,4.784389594160938,15.678715705871582,1.2413768768310547
1999-10-11,MBALE,2.29166335108776,4.974891185760498,1.737125039100647
1999-10-12,SIRONKO,13.4346484941436,26.33173942565918,1.9264482259750366
1999-10-12,BULAMBULI,8.893862733012773,32.16270065307617,0.0
1999-10-12,BUKWO,3.7635848007297503,11.317291259765625,0.0
1999-10-12,BUTALEJA,4.297225512677287,10.0425443649292,0.6011815071105957
1999-10-12,KWEEN,2.420864070786685,16.292200088500977,0.0
1999-10-12,KAPCHORWA,8.81923306115318,25.911836624145508,0.5773746967315674
1999-10-12,MANAFWA,12.30675254928347,35.113399505615234,6.506826400756836
1999-10-12,BUDUDA,23.188232267376687,35.113399505615234,9.756546020507812
1999-10-12,MBALE,13.275138342967782,35.113399505615234,3.191131114959717
1999-10-12,MBALE,6.666985810912204,14.665457725524902,5.207438945770264
1999-10-13,SIRONKO,13.645045566545173,28.748247146606445,6.761401653289795
1999-10-13,BULAMBULI,21.984209331631092,31.06027603149414,12.423784255981445
1999-10-13,BUKWO,16.177077457378406,25.621145248413086,7.50260591506958
1999-10-13,BUTALEJA,9.52720530194116,25.732406616210938,1.959398865699768
1999-10-13,KWEEN,19.902555047542176,27.885103225708008,5.559215545654297
1999-10-13,KAPCHORWA,24.379729798485755,29.468069076538086,15.380736351013184
1999-10-13,MANAFWA,8.78875831733161,19.482803344726562,4.702753067016602
1999-10-13,BUDUDA,16.2844840347789,28.748247146606445,7.472972869873047
1999-10-13,MBALE,5.994567843521917,14.670097351074219,2.176995277404785
1999-10-13,MBALE,3.858729664111036,6.442539691925049,3.555480480194092
1999-10-14,SIRONKO,19.255039807269632,36.160518646240234,11.156509399414062
1999-10-14,BULAMBULI,23.55992218832133,47.53741455078125,7.536520004272461
1999-10-14,BUKWO,21.78750709803601,44.95706558227539,3.9821553230285645
1999-10-14,BUTALEJA,14.863623654477657,25.364578247070312,5.307251453399658
1999-10-14,KWEEN,20.65358855326761,44.95706558227539,2.8654186725616455
1999-10-14,KAPCHORWA,28.73023466796012,46.876380920410156,13.970622062683105
1999-10-14,MANAFWA,20.79612498434939,28.744644165039062,14.552109718322754
1999-10-14,BUDUDA,18.427535376838627,34.89054489135742,13.401616096496582
1999-10-14,MBALE,11.904230469710752,18.111385345458984,5.859314441680908
1999-10-14,MBALE,7.246736530536847,11.063126564025879,6.69440221786499
1999-10-15,SIRONKO,5.993174912911548,10.64266300201416,3.143620729446411
1999-10-15,BULAMBULI,7.459640263921166,12.775559425354004,2.6851015090942383
1999-10-15,BUKWO,3.8442871325764574,9.434779167175293,0.12178557366132736
1999-10-15,BUTALEJA,8.735830527606916,18.255558013916016,1.055433988571167
1999-10-15,KWEEN,3.095372405475688,10.836626052856445,0.0
1999-10-15,KAPCHORWA,9.13526067360863,12.775559425354004,3.7125017642974854
1999-10-15,MANAFWA,2.815558656108871,5.153491020202637,1.2595701217651367
1999-10-15,BUDUDA,4.714554701068251,9.605489730834961,2.243786573410034
1999-10-15,MBALE,2.4623034312472813,4.817272663116455,1.055433988571167
1999-10-15,MBALE,1.5697045251508186,3.2440717220306396,1.1787594556808472
1999-10-16,SIRONKO,5.516022436679609,9.464866638183594,1.2355375289916992
1999-10-16,BULAMBULI,9.5596073850267,23.653654098510742,0.5929714441299438
1999-10-16,BUKWO,4.4158705506581,14.976240158081055,0.0
1999-10-16,BUTALEJA,5.148660818705493,14.411745071411133,0.0
1999-10-16,KWEEN,3.347102280882502,21.47233772277832,0.0
1999-10-16,KAPCHORWA,12.966949420321212,23.653654098510742,2.4784436225891113
1999-10-16,MANAFWA,12.252450232993302,25.21626091003418,4.607246398925781
1999-10-16,BUDUDA,7.705545976337368,14.451546669006348,0.9040738344192505
1999-10-16,MBALE,7.696744380458469,14.411745071411133,1.3000032901763916
1999-10-16,MBALE,8.693556986639711,11.436442375183105,3.4526753425598145
1999-10-17,SIRONKO,3.516660880328523,6.205694675445557,0.904820442199707
1999-10-17,BULAMBULI,5.012798671495284,12.492342948913574,0.9580283164978027
1999-10-17,BUKWO,1.028993555534155,7.23985481262207,0.0
1999-10-17,BUTALEJA,1.8037548417476952,8.246089935302734,0.0
1999-10-17,KWEEN,1.9168668181053525,8.020312309265137,0.0
1999-10-17,KAPCHORWA,4.1748515523306855,8.074644088745117,1.5687119960784912
1999-10-17,MANAFWA,2.4044923576640205,7.362339019775391,0.6190863847732544
1999-10-17,BUDUDA,4.952056851688622,6.223816394805908,1.1489239931106567
1999-10-17,MBALE,3.4686673632934983,6.223816394805908,0.6190863847732544
1999-10-17,MBALE,5.803449527990805,6.084725856781006,3.048800468444824
1999-10-18,SIRONKO,4.953204430365749,10.967751502990723,1.1812938451766968
1999-10-18,BULAMBULI,4.618286873082677,18.518522262573242,0.0
1999-10-18,BUKWO,2.1348605090300583,12.619359970092773,0.0
1999-10-18,BUTALEJA,0.7909728166656522,4.609787464141846,0.0
1999-10-18,KWEEN,2.4398548089274503,16.614030838012695,0.0
1999-10-18,KAPCHORWA,9.523431656378824,18.518522262573242,2.5290310382843018
1999-10-18,MANAFWA,1.2578017615976367,6.493066310882568,0.11891484260559082
1999-10-18,BUDUDA,5.007287293271296,9.473694801330566,0.8552051186561584
1999-10-18,MBALE,1.3669155772257635,4.063770771026611,0.14869603514671326
1999-10-18,MBALE,2.43730782185977,2.8842568397521973,0.9947450160980225
1999-10-19,SIRONKO,1.9281436041414544,4.888314723968506,0.0
1999-10-19,BULAMBULI,5.437777817890917,17.704730987548828,0.0
1999-10-19,BUKWO,0.03770484865663763,0.23625080287456512,0.0
1999-10-19,BUTALEJA,0.3348658619897851,1.1209237575531006,0.0
1999-10-19,KWEEN,0.12907803265009313,3.333658218383789,0.0
1999-10-19,KAPCHORWA,1.3137704511703505,7.12690544128418,0.0
1999-10-19,MANAFWA,1.5811230987586993,6.4390645027160645,0.07571379840373993
1999-10-19,BUDUDA,1.6952745278789616,3.5032739639282227,0.0
1999-10-19,MBALE,1.2417827360985871,4.822531700134277,0.05450644716620445
1999-10-19,MBALE,2.377605933303191,2.4413435459136963,0.6253229379653931
1999-10-20,SIRONKO,2.2201460229814174,6.381627082824707,0.3840258717536926
1999-10-20,BULAMBULI,4.819029226896468,14.11835765838623,0.7758892774581909
1999-10-20,BUKWO,5.4130326503011785,13.277175903320312,0.7400200963020325
1999-10-20,BUTALEJA,0.7282522195769059,3.2256686687469482,0.0
1999-10-20,KWEEN,2.863248709406878,14.11835765838623,0.0
1999-10-20,KAPCHORWA,3.979073162365342,14.11835765838623,0.6056675314903259
1999-10-20,MANAFWA,1.1448738591487135,8.045153617858887,0.20035946369171143
1999-10-20,BUDUDA,2.013529048510098,6.3710036277771,0.6064300537109375
1999-10-20,MBALE,1.3112271269713962,3.7916345596313477,0.20035946369171143
1999-10-20,MBALE,2.6116784326768645,3.7916345596313477,0.8013808131217957
1999-10-21,SIRONKO,3.549629078798471,15.425267219543457,0.32796934247016907
1999-10-21,BULAMBULI,11.021767502653761,27.12215232849121,0.0
1999-10-21,BUKWO,10.849218979656031,28.387714385986328,0.0
1999-10-21,BUTALEJA,6.860939781610607,10.234980583190918,0.8339762091636658
1999-10-21,KWEEN,20.451226277859263,34.57484817504883,4.776534080505371
1999-10-21,KAPCHORWA,10.292232285222036,22.50876808166504,3.6188313961029053
1999-10-21,MANAFWA,12.624308320606135,17.80266761779785,7.96474027633667
1999-10-21,BUDUDA,11.758506089201708,17.645488739013672,4.784427642822266
1999-10-21,MBALE,4.885591765769764,13.35346508026123,0.1400851607322693
1999-10-21,MBALE,2.0503088835404273,3.333322048187256,1.6369582414627075
1999-10-22,SIRONKO,4.807361905386233,14.661249160766602,1.0086085796356201
1999-10-22,BULAMBULI,4.510056046208199,15.81915283203125,0.0
1999-10-22,BUKWO,5.39496073101245,15.680075645446777,0.0
1999-10-22,BUTALEJA,10.137307374808888,20.141202926635742,0.8100695013999939
1999-10-22,KWEEN,5.421834972498005,15.81915283203125,0.019166866317391396
1999-10-22,KAPCHORWA,5.324426942458492,15.81915283203125,1.6036564111709595
1999-10-22,MANAFWA,13.975944872403655,20.607242584228516,7.447167873382568
1999-10-22,BUDUDA,13.46721776952775,15.053433418273926,8.223283767700195
1999-10-22,MBALE,5.280471091027325,15.053433418273926,0.32548987865448
1999-10-22,MBALE,2.7235821836959135,5.037391662597656,2.343292474746704
1999-10-23,SIRONKO,4.380997939130984,12.152636528015137,0.7564361095428467
1999-10-23,BULAMBULI,13.291846149244751,35.26363754272461,0.0
1999-10-23,BUKWO,10.816518280510849,38.21370315551758,0.0
1999-10-23,BUTALEJA,1.4169796132078845,3.402536153793335,0.35124465823173523
1999-10-23,KWEEN,18.418827165006476,45.18915557861328,1.1133506298065186
1999-10-23,KAPCHORWA,26.201805162526707,36.63011169433594,7.269176959991455
1999-10-23,MANAFWA,3.9519765008260723,8.077674865722656,1.754181981086731
1999-10-23,BUDUDA,7.943452831459643,10.45813274383545,3.751307249069214
1999-10-23,MBALE,3.072019665730809,8.077674865722656,0.5852131843566895
1999-10-23,MBALE,3.043512915070447,4.197052478790283,2.8760628700256348
1999-10-24,SIRONKO,1.6796203121578528,7.469592571258545,0.07619881629943848
1999-10-24,BULAMBULI,1.9389586195372275,6.000080108642578,0.0
1999-10-24,BUKWO,2.817382469235417,6.291600704193115,0.0
1999-10-24,BUTALEJA,5.692755808282147,10.444010734558105,0.38158783316612244
1999-10-24,KWEEN,1.8477051101966608,6.291600704193115,0.0
1999-10-24,KAPCHORWA,2.6494482120340765,5.9701762199401855,0.443167507648468
1999-10-24,MANAFWA,3.9967883108840323,7.7150726318359375,2.400707960128784
1999-10-24,BUDUDA,5.318695017333458,7.7150726318359375,2.646329879760742
1999-10-24,MBALE,2.103224572598614,5.0477824211120605,0.01689847745001316
1999-10-24,MBALE,0.6396678060784552,1.4117655754089355,0.24271772801876068
1999-10-25,SIRONKO,3.2547359806750134,10.79987621307373,0.46647199988365173
1999-10-25,BULAMBULI,6.710076356016604,13.684357643127441,0.0
1999-10-25,BUKWO,4.386851181057108,12.30942440032959,0.0
1999-10-25,BUTALEJA,0.20485717194342193,1.674731731414795,0.0
1999-10-25,KWEEN,3.750750904514137,12.30942440032959,0.11958211660385132
1999-10-25,KAPCHORWA,7.579434139980333,12.396183013916016,1.6352057456970215
1999-10-25,MANAFWA,3.511698905090529,13.75117015838623,0.14548490941524506
1999-10-25,BUDUDA,7.743422231949302,13.75117015838623,3.9711196422576904
1999-10-25,MBALE,2.722333898963471,13.75117015838623,0.14548490941524506
1999-10-25,MBALE,1.6886472554328278,2.995299816131592,1.528941035270691
1999-10-26,SIRONKO,0.5437262816103589,2.336134910583496,0.0
1999-10-26,BULAMBULI,1.1898374885515088,4.7514519691467285,0.0
1999-10-26,BUKWO,3.9956709477171333,11.887752532958984,0.0
1999-10-26,BUTALEJA,0.5221854893243492,2.265012741088867,0.02458585612475872
1999-10-26,KWEEN,2.5866360913679056,11.887752532958984,0.0
1999-10-26,KAPCHORWA,2.4634689896272617,6.33686637878418,0.0
1999-10-26,MANAFWA,1.5833164149910657,3.582141399383545,0.1572706550359726
1999-10-26,BUDUDA,1.560319837284691,3.582141399383545,0.7228342294692993
1999-10-26,MBALE,0.7976582766385663,2.9540321826934814,0.0
1999-10-26,MBALE,0.8340543540005507,2.6039786338806152,0.0
1999-10-27,SIRONKO,0.6401663104090543,2.8510494232177734,0.0
1999-10-27,BULAMBULI,0.8399659494529921,3.034046173095703,0.0
1999-10-27,BUKWO,2.4592474895133485,13.926199913024902,0.0
1999-10-27,BUTALEJA,0.760029920271507,4.038888454437256,0.012073148973286152
1999-10-27,KWEEN,1.261175779583226,13.926199913024902,0.0
1999-10-27,KAPCHORWA,0.9921637350150272,2.768491506576538,0.0
1999-10-27,MANAFWA,5.631618747408449,12.016402244567871,1.496280550956726
1999-10-27,BUDUDA,3.340781917567004,8.349204063415527,1.0823725461959839
1999-10-27,MBALE,1.4944652979150046,4.426074981689453,0.0
1999-10-27,MBALE,1.6332497027645771,4.2086639404296875,0.0
1999-10-28,SIRONKO,2.1063919956823725,13.400934219360352,0.0
1999-10-28,BULAMBULI,2.421849435280257,7.871978759765625,0.0
1999-10-28,BUKWO,6.543959195822894,17.406465530395508,0.0
1999-10-28,BUTALEJA,7.225199675162392,20.80234718322754,0.3729742467403412
1999-10-28,KWEEN,3.6138165779112716,17.406465530395508,0.0
1999-10-28,KAPCHORWA,3.0078742071905182,7.871978759765625,0.0
1999-10-28,MANAFWA,13.244859341425657,21.648481369018555,8.370292663574219
1999-10-28,BUDUDA,13.104994074338515,22.580516815185547,3.5508415699005127
1999-10-28,MBALE,5.591834223907592,13.812810897827148,0.0
1999-10-28,MBALE,3.486704265822237,6.87130880355835,0.0
1999-10-29,SIRONKO,3.738463856314437,23.085205078125,0.0
1999-10-29,BULAMBULI,4.478278370587902,15.336410522460938,0.0
1999-10-29,BUKWO,7.809798192077655,29.594867706298828,0.0
1999-10-29,BUTALEJA,0.5839880138562549,4.715461730957031,0.0
1999-10-29,KWEEN,4.368081767762469,29.594867706298828,0.0
1999-10-29,KAPCHORWA,6.233893006788955,15.336410522460938,0.0
1999-10-29,MANAFWA,11.171421855640371,30.958227157592773,3.7363150119781494
1999-10-29,BUDUDA,20.12656827979976,36.05622482299805,5.2667131423950195
1999-10-29,MBALE,3.216080958339498,15.81004810333252,0.0
1999-10-29,MBALE,2.3585808533899075,2.975459337234497,0.0
1999-10-30,SIRONKO,1.0936428814446053,6.843849182128906,0.0
1999-10-30,BULAMBULI,1.2887416703979102,4.883263111114502,0.0
1999-10-30,BUKWO,2.756387453766678,9.206392288208008,0.0
1999-10-30,BUTALEJA,1.9431046170644342,6.366703510284424,0.04862133786082268
1999-10-30,KWEEN,1.1822805219369357,9.206392288208008,0.0
1999-10-30,KAPCHORWA,1.645857927960143,4.883263111114502,0.0
1999-10-30,MANAFWA,5.256324541474714,9.326085090637207,2.081078290939331
1999-10-30,BUDUDA,6.597898654131452,11.192998886108398,1.8136202096939087
1999-10-30,MBALE,2.183661331501317,6.253228664398193,0.0
1999-10-30,MBALE,1.6739118746437747,3.5432872772216797,0.0
1999-10-31,SIRONKO,1.072784210051475,8.130029678344727,0.0
1999-10-31,BULAMBULI,1.4048494078554974,4.113913536071777,0.0
1999-10-31,BUKWO,1.6792536270459848,9.722789764404297,0.0
1999-10-31,BUTALEJA,0.04750308039116801,0.3813542127609253,0.0
1999-10-31,KWEEN,0.9848729936918027,9.535321235656738,0.0
1999-10-31,KAPCHORWA,2.351360181623278,4.10915994644165,0.0
1999-10-31,MANAFWA,3.817841133790765,14.084696769714355,0.14974921941757202
1999-10-31,BUDUDA,6.6236489537669305,14.084696769714355,0.7874915599822998
1999-10-31,MBALE,0.28948609069288006,3.0912187099456787,0.0
1999-10-31,MBALE,0.25010044753935806,0.3793140947818756,0.0
1999-11-01,SIRONKO,5.649999996016298,22.94690704345703,0.8888700604438782
1999-11-01,BULAMBULI,8.830765290331918,30.020606994628906,0.0
1999-11-01,BUKWO,0.6650104409467541,2.0274789333343506,0.0
1999-11-01,BUTALEJA,0.6137788845312774,3.162499189376831,0.09414736926555634
1999-11-01,KWEEN,0.7903344223285413,15.648354530334473,0.0
1999-11-01,KAPCHORWA,16.301381564560625,30.520877838134766,0.0
1999-11-01,MANAFWA,1.1866680366719073,4.183573246002197,0.06826160103082657
1999-11-01,BUDUDA,2.9669824559901663,6.122601509094238,0.056221719831228256
1999-11-01,MBALE,0.9755222907933356,2.7368693351745605,0.056221719831228256
1999-11-01,MBALE,1.1278272864381123,1.2587907314300537,0.9242038130760193
1999-11-02,SIRONKO,6.712428255010123,15.60619068145752,2.0531961917877197
1999-11-02,BULAMBULI,5.72533661210186,15.60619068145752,0.0
1999-11-02,BUKWO,0.8314464751501415,3.8080692291259766,0.0
1999-11-02,BUTALEJA,6.2028265390347,12.507862091064453,2.02722430229187
1999-11-02,KWEEN,0.3838555681486712,3.8080692291259766,0.0
1999-11-02,KAPCHORWA,3.8541558288473543,8.401715278625488,0.0
1999-11-02,MANAFWA,3.6721358327014086,12.062782287597656,0.14757144451141357
1999-11-02,BUDUDA,7.118580368523764,15.60619068145752,0.11612226068973541
1999-11-02,MBALE,2.651237490265882,6.800498962402344,0.11612226068973541
1999-11-02,MBALE,3.3456839107042664,4.784047603607178,2.2260794639587402
1999-11-03,SIRONKO,1.3936452126819547,5.360911846160889,0.0
1999-11-03,BULAMBULI,1.6363323073294096,8.642802238464355,0.0
1999-11-03,BUKWO,0.3732415261631747,1.7252569198608398,0.0
1999-11-03,BUTALEJA,2.255520356561165,9.553631782531738,0.0
1999-11-03,KWEEN,0.17669306221536518,1.7252569198608398,0.0
1999-11-03,KAPCHORWA,0.8017537250099287,6.293731689453125,0.0
1999-11-03,MANAFWA,0.9298889130788569,2.793851137161255,0.07093098759651184
1999-11-03,BUDUDA,1.2728897916946142,3.0857791900634766,0.05746081471443176
1999-11-03,MBALE,0.5898262990931192,1.328004002571106,0.0
1999-11-03,MBALE,0.609810046654607,0.9608488082885742,0.41937607526779175
1999-11-04,SIRONKO,0.601466693969835,2.177610158920288,0.0
1999-11-04,BULAMBULI,0.8579590364145109,3.947479486465454,0.0
1999-11-04,BUKWO,0.0033601132427281905,0.03103283978998661,0.0
1999-11-04,BUTALEJA,0.01855481539847881,0.21320216357707977,0.0
1999-11-04,KWEEN,0.0016727898101706461,0.2321784496307373,0.0
1999-11-04,KAPCHORWA,0.19793312683923697,1.9134210348129272,0.0
1999-11-04,MANAFWA,0.19164009828896528,1.3033708333969116,0.0015842488501220942
1999-11-04,BUDUDA,0.6310699980847417,1.3033708333969116,0.0
1999-11-04,MBALE,0.15551126727728085,0.693564772605896,0.0016319287242367864
1999-11-04,MBALE,0.28128634729135904,0.44811710715293884,0.1553776115179062
1999-11-05,SIRONKO,14.425493019157107,38.754005432128906,3.166501045227051
1999-11-05,BULAMBULI,17.675962879898826,49.87833023071289,0.0
1999-11-05,BUKWO,4.472943804981086,11.04299259185791,0.0
1999-11-05,BUTALEJA,10.853448092024074,28.392004013061523,3.357416868209839
1999-11-05,KWEEN,3.529532098386967,27.7230224609375,0.0
1999-11-05,KAPCHORWA,16.507078339605897,42.51393127441406,0.0
1999-11-05,MANAFWA,12.551212862103693,19.138547897338867,0.7037641406059265
1999-11-05,BUDUDA,12.329364089328704,19.05353546142578,0.45619475841522217
1999-11-05,MBALE,14.24956451328275,28.392004013061523,0.45619475841522217
1999-11-05,MBALE,14.887390707895879,24.908689498901367,9.197818756103516
1999-11-06,SIRONKO,3.5508769501102764,12.319487571716309,0.0
1999-11-06,BULAMBULI,1.9029587839822575,10.458588600158691,0.0
1999-11-06,BUKWO,2.9150321631179645,6.788717746734619,0.3920100927352905
1999-11-06,BUTALEJA,13.309144598332699,39.084617614746094,1.5522441864013672
1999-11-06,KWEEN,1.907274148319101,6.788717746734619,0.0
1999-11-06,KAPCHORWA,2.774829314643949,6.6407012939453125,0.5632792711257935
1999-11-06,MANAFWA,9.548199298862402,16.245826721191406,2.5693352222442627
1999-11-06,BUDUDA,10.263710961216258,23.235614776611328,0.0
1999-11-06,MBALE,4.9411809683403405,13.970258712768555,0.0
1999-11-06,MBALE,3.9658783717440333,5.96497106552124,3.9217770099639893
1999-11-07,SIRONKO,1.1318150533215288,4.028801918029785,0.0
1999-11-07,BULAMBULI,0.3691327521859097,2.552175998687744,0.0
1999-11-07,BUKWO,0.7399923530584518,1.5310068130493164,0.03955230489373207
1999-11-07,BUTALEJA,1.672379725722902,8.846521377563477,0.4581746459007263
1999-11-07,KWEEN,0.3500669398404115,1.5310068130493164,0.0
1999-11-07,KAPCHORWA,0.4434332370437676,1.4443066120147705,0.052525103092193604
1999-11-07,MANAFWA,8.2265567393601,15.098428726196289,1.7616301774978638
1999-11-07,BUDUDA,4.501987065469121,9.89447021484375,0.0
1999-11-07,MBALE,2.0136652014865835,7.590213775634766,0.0
1999-11-07,MBALE,0.9245657562781424,1.9964994192123413,0.6555910706520081
1999-11-08,SIRONKO,0.3079270559260629,2.1880671977996826,0.0
1999-11-08,BULAMBULI,0.15664546030680704,0.7612079381942749,0.0
1999-11-08,BUKWO,0.37200024589219344,0.8603150248527527,0.0
1999-11-08,BUTALEJA,0.42247358855682804,1.314688801765442,0.0
1999-11-08,KWEEN,0.12545427408439355,0.8603150248527527,0.0
1999-11-08,KAPCHORWA,0.18454056488019321,0.7612079381942749,0.0
1999-11-08,MANAFWA,1.7449785857499935,3.814326763153076,0.024916624650359154
1999-11-08,BUDUDA,1.8205438861008816,4.122914791107178,0.0
1999-11-08,MBALE,0.7485973075684681,2.676346778869629,0.0
1999-11-08,MBALE,0.463398223126826,0.7674622535705566,0.357252836227417
1999-11-09,SIRONKO,0.5157843482243115,2.368358612060547,0.0
1999-11-09,BULAMBULI,0.23654273388920516,1.3793766498565674,0.0
1999-11-09,BUKWO,0.5296214035980638,1.0425488948822021,0.03078549914062023
1999-11-09,BUTALEJA,1.028208265543179,4.748355865478516,0.07628144323825836
1999-11-09,KWEEN,0.24755283482584936,1.0425488948822021,0.0
1999-11-09,KAPCHORWA,0.35969424471766487,0.8876302242279053,0.05194094777107239
1999-11-09,MANAFWA,5.32158464717802,9.34110164642334,0.8357098698616028
1999-11-09,BUDUDA,2.4195953665294962,6.291764259338379,0.0
1999-11-09,MBALE,1.2894635694703043,5.352599143981934,0.0
1999-11-09,MBALE,0.8332906890121737,1.3673951625823975,0.7663895487785339
1999-11-10,SIRONKO,0.602672052930345,3.0353658199310303,0.0
1999-11-10,BULAMBULI,0.3422149794197114,2.3007047176361084,0.0
1999-11-10,BUKWO,0.7804272799618902,2.460754871368408,0.0
1999-11-10,BUTALEJA,2.795642652503235,8.149703979492188,0.19740670919418335
1999-11-10,KWEEN,0.181023852061775,2.460754871368408,0.0
1999-11-10,KAPCHORWA,0.3554719629683845,2.3007047176361084,0.0
1999-11-10,MANAFWA,2.2988404009962795,3.9270431995391846,0.5645939111709595
1999-11-10,BUDUDA,2.0112047166986398,6.001056671142578,0.0
1999-11-10,MBALE,0.8931304519502888,2.8515326976776123,0.0
1999-11-10,MBALE,0.5985047045269318,0.8962570428848267,0.4663584232330322
1999-11-11,SIRONKO,2.3884788553743697,5.016772270202637,0.2458723932504654
1999-11-11,BULAMBULI,3.218248811496159,6.3786163330078125,0.2458723932504654
1999-11-11,BUKWO,1.13953829722002,10.915669441223145,0.0
1999-11-11,BUTALEJA,2.331439241824084,5.942935466766357,1.2119851112365723
1999-11-11,KWEEN,5.886450882641781,12.604592323303223,0.0
1999-11-11,KAPCHORWA,3.898344413066487,6.3786163330078125,0.3427868187427521
1999-11-11,MANAFWA,0.8730166200137063,2.6386067867279053,0.13665688037872314
1999-11-11,BUDUDA,1.980836887006443,3.9683566093444824,0.0
1999-11-11,MBALE,3.754515734872787,6.446991443634033,0.5762987732887268
1999-11-11,MBALE,4.600720544052871,6.446991443634033,4.175596714019775
1999-11-12,SIRONKO,5.218343201283913,14.920597076416016,0.22238178551197052
1999-11-12,BULAMBULI,6.955638206993174,15.319305419921875,0.22238178551197052
1999-11-12,BUKWO,0.3472295375822687,5.879638195037842,0.0
1999-11-12,BUTALEJA,4.901221874418792,13.26431941986084,1.3118441104888916
1999-11-12,KWEEN,5.252107335674393,10.771483421325684,0.0
1999-11-12,KAPCHORWA,5.879825064391464,8.549034118652344,0.21788230538368225
1999-11-12,MANAFWA,3.150361070341111,6.925097465515137,1.3139382600784302
1999-11-12,BUDUDA,4.856852498552817,9.195518493652344,0.0
1999-11-12,MBALE,8.790847650740767,17.697246551513672,1.255981683731079
1999-11-12,MBALE,11.84315724673319,17.697246551513672,9.507243156433105
1999-11-13,SIRONKO,6.089621206971429,12.713659286499023,0.8038973212242126
1999-11-13,BULAMBULI,8.731812447472066,17.361202239990234,0.8038973212242126
1999-11-13,BUKWO,1.5299193917944365,15.673848152160645,0.0
1999-11-13,BUTALEJA,9.181128871092954,13.62307357788086,4.151435852050781
1999-11-13,KWEEN,10.030248976570377,22.16926383972168,0.0
1999-11-13,KAPCHORWA,11.919203645066535,17.315471649169922,0.6738128066062927
1999-11-13,MANAFWA,9.609195251435922,18.000221252441406,4.4387383460998535
1999-11-13,BUDUDA,9.643572773726753,14.141990661621094,0.0
1999-11-13,MBALE,12.528325289884961,18.000221252441406,3.083716630935669
1999-11-13,MBALE,10.573942300427246,12.357125282287598,9.203010559082031
1999-11-14,SIRONKO,2.6057342476495915,5.232006072998047,0.19435414671897888
1999-11-14,BULAMBULI,1.6924270098660015,5.606292247772217,0.034403350204229355
1999-11-14,BUKWO,0.31267357903498544,2.487560987472534,0.0
1999-11-14,BUTALEJA,0.8000873068563454,2.983900785446167,0.0016378974542021751
1999-11-14,KWEEN,1.439784491205105,2.7263894081115723,0.0
1999-11-14,KAPCHORWA,2.150113394721099,4.153569221496582,0.17340584099292755
1999-11-14,MANAFWA,4.6578842408290555,8.436043739318848,1.9297865629196167
1999-11-14,BUDUDA,4.505216188159202,8.375043869018555,0.0
1999-11-14,MBALE,4.645403546368353,8.436043739318848,1.6450610160827637
1999-11-14,MBALE,4.065388736170645,4.949977874755859,3.669452667236328
1999-11-15,SIRONKO,2.5134482385732118,5.393980026245117,0.27496644854545593
1999-11-15,BULAMBULI,2.5287796986636364,6.31128454208374,0.02733946591615677
1999-11-15,BUKWO,0.5010026519333131,4.482378959655762,0.0
1999-11-15,BUTALEJA,0.6903216484041893,4.156655788421631,0.020374653860926628
1999-11-15,KWEEN,2.246877348637483,7.25387716293335,0.0
1999-11-15,KAPCHORWA,4.537008059896834,7.25387716293335,0.3228212296962738
1999-11-15,MANAFWA,1.88625153136113,6.209780216217041,0.7580002546310425
1999-11-15,BUDUDA,1.9765470437853097,3.5973498821258545,0.0
1999-11-15,MBALE,2.885267307346893,4.624788284301758,0.3582959771156311
1999-11-15,MBALE,3.781526023992089,4.358469009399414,3.728414535522461
1999-11-16,SIRONKO,3.823440101998664,5.46701192855835,2.395894765853882
1999-11-16,BULAMBULI,2.114454191262432,5.46701192855835,0.0
1999-11-16,BUKWO,0.8851003022005904,2.3734803199768066,0.0
1999-11-16,BUTALEJA,0.864587608445841,3.464061975479126,0.1366288959980011
1999-11-16,KWEEN,0.2694093153261338,2.6357877254486084,0.0
1999-11-16,KAPCHORWA,1.6902882749107053,4.230427265167236,0.0
1999-11-16,MANAFWA,3.582358340120145,7.223048686981201,0.7679489254951477
1999-11-16,BUDUDA,4.244971505095644,6.506161212921143,2.408376693725586
1999-11-16,MBALE,3.413121647122466,6.506161212921143,0.7679489254951477
1999-11-16,MBALE,3.4897905155758515,4.11471700668335,3.1845202445983887
1999-11-17,SIRONKO,0.9490212377613778,5.753344535827637,0.14690770208835602
1999-11-17,BULAMBULI,0.7321400733284709,5.753344535827637,0.0
1999-11-17,BUKWO,0.30576240255930676,3.4802157878875732,0.0
1999-11-17,BUTALEJA,1.6203374893381104,8.138489723205566,0.19998914003372192
1999-11-17,KWEEN,0.18951797920119945,5.753344535827637,0.0
1999-11-17,KAPCHORWA,0.15900847073870977,2.5813229084014893,0.0
1999-11-17,MANAFWA,4.0722237485351105,7.678252220153809,2.0243377685546875
1999-11-17,BUDUDA,2.7596731269108314,5.753344535827637,0.9940946698188782
1999-11-17,MBALE,1.0839028972348188,4.303255081176758,0.12390483170747757
1999-11-17,MBALE,0.24360281340911658,0.3866042196750641,0.14761225879192352
1999-11-18,SIRONKO,14.282190304160503,27.995363235473633,3.754937171936035
1999-11-18,BULAMBULI,8.123680979032603,27.995363235473633,0.0
1999-11-18,BUKWO,7.2064555407239235,19.273935317993164,0.0
1999-11-18,BUTALEJA,4.844885758437098,9.637452125549316,1.5160013437271118
1999-11-18,KWEEN,1.7228860031120836,19.18840789794922,0.0
1999-11-18,KAPCHORWA,8.154017222010786,17.52020263671875,0.0
1999-11-18,MANAFWA,6.455149733740611,16.6581974029541,2.5453431606292725
1999-11-18,BUDUDA,13.93536515501269,22.800682067871094,7.580690383911133
1999-11-18,MBALE,9.893937510950494,17.350650787353516,4.480307579040527
1999-11-18,MBALE,9.204813964219799,10.616127967834473,9.14468002319336
1999-11-19,SIRONKO,10.202767795377277,24.603538513183594,1.6084656715393066
1999-11-19,BULAMBULI,7.456438986797144,24.603538513183594,0.0
1999-11-19,BUKWO,7.081229559424761,23.924039840698242,0.0
1999-11-19,BUTALEJA,2.7866452033440243,5.526604175567627,0.7901269197463989
1999-11-19,KWEEN,1.6043675119259702,23.924039840698242,0.0
1999-11-19,KAPCHORWA,6.79838756201157,16.772871017456055,0.0
1999-11-19,MANAFWA,12.378776973979239,16.0570068359375,4.244436264038086
1999-11-19,BUDUDA,13.444050562090986,23.367942810058594,8.143531799316406
1999-11-19,MBALE,6.5765876676371375,13.292489051818848,1.728469729423523
1999-11-19,MBALE,4.360045126556299,6.225820064544678,3.93861985206604
1999-11-20,SIRONKO,2.3684973057537735,4.371777057647705,0.5488220453262329
1999-11-20,BULAMBULI,1.2672937297064917,4.371777057647705,0.0
1999-11-20,BUKWO,1.1491002631418956,2.8039674758911133,0.0
1999-11-20,BUTALEJA,1.5145370401023612,7.525674819946289,0.30766117572784424
1999-11-20,KWEEN,0.24581210151320404,2.163360357284546,0.0
1999-11-20,KAPCHORWA,0.8450844828062932,2.7423477172851562,0.0
1999-11-20,MANAFWA,2.0547394238819607,4.236151218414307,0.7664017677307129
1999-11-20,BUDUDA,2.3943177444780304,3.3920929431915283,1.6293920278549194
1999-11-20,MBALE,1.8939868138137048,3.3920929431915283,0.47960272431373596
1999-11-20,MBALE,1.340116170713258,2.249258279800415,0.9548628926277161
1999-11-21,SIRONKO,2.485797463325139,6.426511764526367,0.3606511354446411
1999-11-21,BULAMBULI,1.7142301697484317,6.426511764526367,0.0
1999-11-21,BUKWO,2.897771633377729,4.716415882110596,0.0
1999-11-21,BUTALEJA,0.8553924475067619,3.6245033740997314,0.030931523069739342
1999-11-21,KWEEN,0.8624417366785683,4.894284248352051,0.0
1999-11-21,KAPCHORWA,2.294826557988933,5.166956424713135,0.08779064565896988
1999-11-21,MANAFWA,2.087183958017878,5.102843284606934,0.41708871722221375
1999-11-21,BUDUDA,2.7839217783514933,5.472701549530029,1.7013263702392578
1999-11-21,MBALE,1.8543092140759954,3.8694050312042236,0.5155090093612671
1999-11-21,MBALE,0.8465761385573463,1.2843681573867798,0.7731799483299255
1999-11-22,SIRONKO,2.7520945359727067,7.78112268447876,0.09062324464321136
1999-11-22,BULAMBULI,1.6112503365757345,7.78112268447876,0.0
1999-11-22,BUKWO,1.6529067076410295,5.313684463500977,0.0
1999-11-22,BUTALEJA,3.1709435654738365,7.411714553833008,0.495360404253006
1999-11-22,KWEEN,0.6150051444579792,7.581235408782959,0.0
1999-11-22,KAPCHORWA,0.9727450939572827,7.581235408782959,0.0
1999-11-22,MANAFWA,5.010018625745376,8.568560600280762,2.3533434867858887
1999-11-22,BUDUDA,4.284893463031921,7.78112268447876,2.8027327060699463
1999-11-22,MBALE,2.7089720986018886,8.117598533630371,0.43649789690971375
1999-11-22,MBALE,1.0801219367685173,1.715132713317871,0.9826124310493469
1999-11-23,SIRONKO,2.445276352970419,6.967569828033447,0.48145440220832825
1999-11-23,BULAMBULI,1.2747741095144558,6.967569828033447,0.0
1999-11-23,BUKWO,3.428840957918008,6.3951520919799805,0.0
1999-11-23,BUTALEJA,0.13039292714858827,1.429600715637207,0.0
1999-11-23,KWEEN,0.6090511241900082,6.967569828033447,0.0
1999-11-23,KAPCHORWA,0.5721494740997859,6.3282470703125,0.00714978389441967
1999-11-23,MANAFWA,3.900670233032551,5.882190704345703,1.3867038488388062
1999-11-23,BUDUDA,3.9660622791531353,6.967569828033447,2.9684133529663086
1999-11-23,MBALE,2.009434563878507,5.104674339294434,0.19061700999736786
1999-11-23,MBALE,0.8684210560162628,1.7654449939727783,0.4078764021396637
1999-11-24,SIRONKO,2.887646150746128,3.897873640060425,1.7750892639160156
1999-11-24,BULAMBULI,2.771961481498326,4.6390533447265625,0.3550404906272888
1999-11-24,BUKWO,4.556220658353552,12.791484832763672,0.6324285864830017
1999-11-24,BUTALEJA,2.822894766305362,5.5380473136901855,1.62507963180542
1999-11-24,KWEEN,1.758566208916524,11.134268760681152,0.13846923410892487
1999-11-24,KAPCHORWA,2.555916994390132,4.446373462677002,1.1113364696502686
1999-11-24,MANAFWA,3.926340764227396,6.554121017456055,2.2959649562835693
1999-11-24,BUDUDA,2.9549016779021375,3.68222713470459,2.1198513507843018
1999-11-24,MBALE,3.1748180647464506,6.554121017456055,2.0241408348083496
1999-11-24,MBALE,2.046433436687655,2.6219253540039062,2.0241408348083496
1999-11-25,SIRONKO,5.872563719022972,9.457525253295898,3.2467081546783447
1999-11-25,BULAMBULI,3.2665387459297315,7.996804237365723,0.0026802250649780035
1999-11-25,BUKWO,3.802391887817203,9.530840873718262,0.13776914775371552
1999-11-25,BUTALEJA,7.432647527069497,12.345443725585938,2.244791030883789
1999-11-25,KWEEN,1.4535334358960335,7.996804237365723,9.722891845740378E-4
1999-11-25,KAPCHORWA,3.7363053238289075,7.996804237365723,0.42609933018684387
1999-11-25,MANAFWA,3.361326062768188,7.048251628875732,1.8883777856826782
1999-11-25,BUDUDA,4.961050798518977,8.917709350585938,3.289726495742798
1999-11-25,MBALE,7.711061191284118,10.956329345703125,2.617518663406372
1999-11-25,MBALE,7.062614749001787,10.03043270111084,6.995499134063721
1999-11-26,SIRONKO,2.293121924243135,4.938676357269287,0.18245163559913635
1999-11-26,BULAMBULI,1.5365424369977516,4.938676357269287,0.0
1999-11-26,BUKWO,1.4168600349282587,4.791864395141602,0.030742941424250603
1999-11-26,BUTALEJA,4.38283685816804,8.277138710021973,0.6812098622322083
1999-11-26,KWEEN,1.2804682693760163,6.863249778747559,0.0
1999-11-26,KAPCHORWA,2.6158352547124237,6.863249778747559,0.27421873807907104
1999-11-26,MANAFWA,0.9626829586654081,2.8316779136657715,0.41292890906333923
1999-11-26,BUDUDA,2.6085344327308606,4.938676357269287,1.357310175895691
1999-11-26,MBALE,1.314787729803707,3.283057689666748,0.2636648714542389
1999-11-26,MBALE,1.041474788631834,1.4111918210983276,0.806713342666626
1999-11-27,SIRONKO,0.0,0.0,0.0
1999-11-27,BULAMBULI,0.01606223497946918,0.17007994651794434,0.0
1999-11-27,BUKWO,0.03377308065081368,0.6922900676727295,0.0
1999-11-27,BUTALEJA,0.042983630083570756,0.26989781856536865,0.0
1999-11-27,KWEEN,0.034080103919942865,0.3536366820335388,0.0
1999-11-27,KAPCHORWA,0.004095060766902026,0.10581506043672562,0.0
1999-11-27,MANAFWA,0.22860418904622362,1.1003327369689941,0.0
1999-11-27,BUDUDA,0.006844523931502134,0.11198690533638,0.0
1999-11-27,MBALE,0.04312577522773834,0.31601789593696594,0.0
1999-11-27,MBALE,0.0,0.0,0.0
1999-11-28,SIRONKO,2.2986871961771467,4.714828014373779,0.1427028924226761
1999-11-28,BULAMBULI,1.449406547833998,4.714828014373779,0.0
1999-11-28,BUKWO,2.145163028818375,6.734875202178955,0.023058827966451645
1999-11-28,BUTALEJA,0.6180411528757267,3.5783565044403076,0.05535488203167915
1999-11-28,KWEEN,1.0927203449860554,5.433741569519043,0.020973240956664085
1999-11-28,KAPCHORWA,1.5487799717787791,4.228147029876709,0.054442547261714935
1999-11-28,MANAFWA,2.50827068608664,4.804568767547607,0.456371009349823
1999-11-28,BUDUDA,3.9435829145196672,4.804568767547607,2.231396436691284
1999-11-28,MBALE,1.9282547906562473,4.602691650390625,0.21065880358219147
1999-11-28,MBALE,1.3818275988724666,1.9720720052719116,0.9880329966545105
1999-11-29,SIRONKO,3.534300645320758,5.162670612335205,1.8317153453826904
1999-11-29,BULAMBULI,2.510862944809948,6.935486793518066,0.17784784734249115
1999-11-29,BUKWO,3.239618709723319,6.935486793518066,0.5867191553115845
1999-11-29,BUTALEJA,9.553213852427476,14.720298767089844,5.537397384643555
1999-11-29,KWEEN,1.553263793280795,6.935486793518066,0.015756096690893173
1999-11-29,KAPCHORWA,2.5517269384089127,6.935486793518066,0.6555349826812744
1999-11-29,MANAFWA,3.735050676745595,8.861159324645996,0.9075855016708374
1999-11-29,BUDUDA,3.1921224928594407,5.498096942901611,1.502578616142273
1999-11-29,MBALE,5.464319255166566,8.861159324645996,2.4422478675842285
1999-11-29,MBALE,4.332716872829882,5.478874206542969,3.706575632095337
1999-11-30,SIRONKO,8.048387848125037,14.658638000488281,5.454817295074463
1999-11-30,BULAMBULI,13.294195130552218,29.626691818237305,7.068111419677734
1999-11-30,BUKWO,18.20353248431467,31.372310638427734,7.755905628204346
1999-11-30,BUTALEJA,8.69989874441692,15.794585227966309,4.846738338470459
1999-11-30,KWEEN,16.85052807199301,31.141151428222656,8.476378440856934
1999-11-30,KAPCHORWA,15.894367735449661,29.626691818237305,10.772284507751465
1999-11-30,MANAFWA,11.17077953071083,18.008544921875,7.135434150695801
1999-11-30,BUDUDA,8.94331329967238,14.658638000488281,5.454817295074463
1999-11-30,MBALE,9.301840139026657,18.008544921875,5.733247756958008
1999-11-30,MBALE,7.561052652266224,10.40719985961914,6.26035213470459
1999-12-01,SIRONKO,24.098302642867996,39.668827056884766,7.765081405639648
1999-12-01,BULAMBULI,24.40398743079948,47.7745361328125,7.827096462249756
1999-12-01,BUKWO,34.513341111127076,54.16687774658203,13.489238739013672
1999-12-01,BUTALEJA,16.875222750344324,25.5809326171875,10.060208320617676
1999-12-01,KWEEN,30.154180630019443,54.16687774658203,10.636605262756348
1999-12-01,KAPCHORWA,34.97121974438718,49.54713821411133,13.929959297180176
1999-12-01,MANAFWA,4.804711170964796,17.963659286499023,0.0
1999-12-01,BUDUDA,8.066754462371534,20.990388870239258,5.316443920135498
1999-12-01,MBALE,13.339980234277164,30.05174446105957,0.0
1999-12-01,MBALE,15.218178160004552,23.79185676574707,14.054941177368164
1999-12-02,SIRONKO,6.492819540381538,14.135518074035645,1.4771162271499634
1999-12-02,BULAMBULI,7.609803708241073,20.750574111938477,1.7996020317077637
1999-12-02,BUKWO,19.091325891230156,30.23764419555664,7.775686740875244
1999-12-02,BUTALEJA,7.053999906759739,15.320894241333008,2.261147975921631
1999-12-02,KWEEN,8.940264024866575,23.142908096313477,1.1248873472213745
1999-12-02,KAPCHORWA,9.64737471025029,20.750574111938477,3.7458412647247314
1999-12-02,MANAFWA,1.8559381169054676,4.998874187469482,0.0
1999-12-02,BUDUDA,3.4979215577047333,11.72520923614502,1.8113168478012085
1999-12-02,MBALE,2.3917386296072185,5.275668621063232,0.0
1999-12-02,MBALE,1.7102571090295975,1.9980953931808472,1.7039811611175537
1999-12-03,SIRONKO,6.6222611928489465,11.785816192626953,2.8775246143341064
1999-12-03,BULAMBULI,4.804665899809792,12.368255615234375,0.0
1999-12-03,BUKWO,5.841810466376507,9.207286834716797,3.0573813915252686
1999-12-03,BUTALEJA,0.34202510185620305,3.186501979827881,0.0
1999-12-03,KWEEN,2.7234614799745795,9.207286834716797,0.0
1999-12-03,KAPCHORWA,5.339208530647776,11.705948829650879,0.42394787073135376
1999-12-03,MANAFWA,1.4926769126151644,3.985290050506592,0.0
1999-12-03,BUDUDA,3.2592110034962527,7.477596759796143,2.2209360599517822
1999-12-03,MBALE,3.231683306286524,6.458726406097412,0.0
1999-12-03,MBALE,3.007780295160912,4.657504081726074,2.07332706451416
1999-12-04,SIRONKO,3.468285965280123,10.532240867614746,0.633309006690979
1999-12-04,BULAMBULI,3.2812847570256714,14.809359550476074,0.0
1999-12-04,BUKWO,3.3441282702418857,14.809359550476074,0.0
1999-12-04,BUTALEJA,0.2934266650577281,0.896020770072937,0.0
1999-12-04,KWEEN,1.0986451485922386,14.809359550476074,0.0
1999-12-04,KAPCHORWA,2.658378264404908,14.809359550476074,0.0
1999-12-04,MANAFWA,0.8667237816023772,2.7942636013031006,0.0
1999-12-04,BUDUDA,2.488813055809497,7.140329837799072,1.154310703277588
1999-12-04,MBALE,1.0580070211302484,3.6244208812713623,0.0
1999-12-04,MBALE,0.7769498176291376,1.2980479001998901,0.4843097925186157
1999-12-05,SIRONKO,4.146952903450634,9.23292064666748,1.3080471754074097
1999-12-05,BULAMBULI,2.90102469940696,10.065201759338379,0.0
1999-12-05,BUKWO,2.056750123340495,4.3102946281433105,0.0
1999-12-05,BUTALEJA,0.6991639724582324,1.5316073894500732,0.030661746859550476
1999-12-05,KWEEN,0.8366921206907906,4.3102946281433105,0.0
1999-12-05,KAPCHORWA,3.2628902810601854,9.07576847076416,0.16860242187976837
1999-12-05,MANAFWA,1.1580209744766845,3.8458924293518066,0.0
1999-12-05,BUDUDA,3.327017815858106,5.910300254821777,1.7508494853973389
1999-12-05,MBALE,2.2767713717388482,5.910300254821777,0.0
1999-12-05,MBALE,2.0300513412140573,3.2459373474121094,1.3307147026062012
1999-12-06,SIRONKO,0.025016137285653384,0.17802196741104126,0.0
1999-12-06,BULAMBULI,0.06803354282751677,0.29089927673339844,0.0
1999-12-06,BUKWO,0.02292475578353505,0.23048433661460876,0.0
1999-12-06,BUTALEJA,0.0031401504399470284,0.04515400156378746,0.0
1999-12-06,KWEEN,0.1259019489717344,0.30433282256126404,0.0
1999-12-06,KAPCHORWA,0.05748563150657029,0.28447428345680237,0.0
1999-12-06,MANAFWA,0.06559156456619383,0.33239057660102844,0.0
1999-12-06,BUDUDA,0.051876164589160695,0.17802196741104126,0.025766750797629356
1999-12-06,MBALE,0.028981171671915076,0.07805059105157852,0.0
1999-12-06,MBALE,0.003276563087466726,0.01079917885363102,0.0
1999-12-07,SIRONKO,0.383158373119919,1.0672922134399414,0.04287562891840935
1999-12-07,BULAMBULI,0.43062761373848935,1.1389299631118774,0.0
1999-12-07,BUKWO,0.9407378897316966,1.3032418489456177,0.0
1999-12-07,BUTALEJA,0.05558628623631069,0.9584202766418457,0.0
1999-12-07,KWEEN,0.4141155831533505,1.8485203981399536,0.0
1999-12-07,KAPCHORWA,0.6423811189198954,1.1389299631118774,0.19799160957336426
1999-12-07,MANAFWA,1.1457346742883556,4.707092761993408,0.06275452673435211
1999-12-07,BUDUDA,0.29978648232593813,1.0672922134399414,0.14665044844150543
1999-12-07,MBALE,0.2470372950850737,3.5387425422668457,0.020407741889357567
1999-12-07,MBALE,0.0553151037646783,0.11752587556838989,0.020407741889357567
1999-12-08,SIRONKO,0.2867556103713273,0.695853590965271,0.08897483348846436
1999-12-08,BULAMBULI,0.8311636621365663,1.8872393369674683,0.09041839838027954
1999-12-08,BUKWO,1.098800623951187,14.010058403015137,0.322504460811615
1999-12-08,BUTALEJA,2.713393967461593,14.781014442443848,0.06104515120387077
1999-12-08,KWEEN,1.2536180023126617,14.010058403015137,0.13574634492397308
1999-12-08,KAPCHORWA,1.1400275562202211,1.8872393369674683,0.660054087638855
1999-12-08,MANAFWA,0.6192377489434988,3.093475103378296,0.05701820179820061
1999-12-08,BUDUDA,0.15432029926575874,0.5703443884849548,0.07078630477190018
1999-12-08,MBALE,0.14090778049382308,2.515798568725586,0.038952380418777466
1999-12-08,MBALE,0.051397901269814916,0.14193817973136902,0.038952380418777466
1999-12-09,SIRONKO,0.17949364825336617,0.622422993183136,0.051703114062547684
1999-12-09,BULAMBULI,0.3048635993886938,1.0077910423278809,0.0
1999-12-09,BUKWO,0.610321604565997,1.994182825088501,0.0
1999-12-09,BUTALEJA,0.8186231166656598,3.494751453399658,0.10068174451589584
1999-12-09,KWEEN,0.3971201313184192,1.994182825088501,0.0
1999-12-09,KAPCHORWA,0.7935023065285101,1.2302112579345703,0.20748184621334076
1999-12-09,MANAFWA,0.3695334143857211,1.4109407663345337,0.06599500775337219
1999-12-09,BUDUDA,0.14495204160283057,0.4106261730194092,0.07174736261367798
1999-12-09,MBALE,0.14367213221899539,1.0459380149841309,0.028778543695807457
1999-12-09,MBALE,0.047130506481139776,0.1533808708190918,0.028778543695807457
1999-12-10,SIRONKO,0.16473839200711715,0.5764911770820618,0.00729182967916131
1999-12-10,BULAMBULI,0.2098037935916271,0.6314274072647095,0.0
1999-12-10,BUKWO,0.25446172026337543,0.47904038429260254,0.0
1999-12-10,BUTALEJA,0.018756602065717973,0.08362840861082077,0.0
1999-12-10,KWEEN,0.13236601008547025,0.4654250144958496,0.0
1999-12-10,KAPCHORWA,0.1453337052386415,0.548340916633606,0.0
1999-12-10,MANAFWA,0.4049471600238087,2.350619077682495,0.04566057026386261
1999-12-10,BUDUDA,0.10509941449290389,0.29306450486183167,0.030385427176952362
1999-12-10,MBALE,0.056219127748807225,0.3985292911529541,0.0021401250269263983
1999-12-10,MBALE,0.007420371470030627,0.023561697453260422,0.0021401250269263983
1999-12-11,SIRONKO,0.016825791452008763,0.1398603320121765,0.0
1999-12-11,BULAMBULI,0.07536192610168531,0.3600788414478302,0.0
1999-12-11,BUKWO,0.11568092562091836,0.4440360963344574,0.0
1999-12-11,BUTALEJA,0.002771705721783862,0.027256369590759277,0.0
1999-12-11,KWEEN,0.03117554221159912,0.3439958095550537,0.0
1999-12-11,KAPCHORWA,0.09465794598862623,0.3600788414478302,0.0
1999-12-11,MANAFWA,4.251507744730175E-4,0.0163800660520792,0.0
1999-12-11,BUDUDA,0.0033409386199702525,0.10101396590471268,0.0
1999-12-11,MBALE,4.226200012133687E-4,0.008407206274569035,0.0
1999-12-11,MBALE,0.0,0.0,0.0
1999-12-12,SIRONKO,0.012313840811847665,0.08663780987262726,0.0
1999-12-12,BULAMBULI,0.13975264995984413,0.7045130729675293,0.0
1999-12-12,BUKWO,0.015787374269038992,0.1787409782409668,0.0
1999-12-12,BUTALEJA,0.03275412143173471,0.26240062713623047,0.0
1999-12-12,KWEEN,0.04240801905012736,0.7045130729675293,0.0
1999-12-12,KAPCHORWA,0.1570383758882307,0.41432878375053406,0.0
1999-12-12,MANAFWA,0.0020572540935349247,0.05031339079141617,0.0
1999-12-12,BUDUDA,8.401879226599833E-4,0.029042799025774002,0.0
1999-12-12,MBALE,1.8347316815182173E-4,0.00775548443198204,0.0
1999-12-12,MBALE,0.0,0.0,0.0
1999-12-13,SIRONKO,0.018279557269261983,0.22134754061698914,0.0
1999-12-13,BULAMBULI,0.08280085614762107,0.5123938918113708,0.0
1999-12-13,BUKWO,1.2330261827953983,2.291926145553589,0.018190450966358185
1999-12-13,BUTALEJA,0.007968564990511982,0.086384117603302,0.0
1999-12-13,KWEEN,0.6002623560801775,2.291926145553589,0.0
1999-12-13,KAPCHORWA,0.2278201655916769,1.1218591928482056,0.0
1999-12-13,MANAFWA,0.009645879131802863,0.10527785122394562,0.0
1999-12-13,BUDUDA,0.007534149206043456,0.22134754061698914,0.0
1999-12-13,MBALE,0.007914765603646153,0.11976345628499985,0.0
1999-12-13,MBALE,0.0,0.0,0.0
1999-12-14,SIRONKO,0.03978376783377333,0.28426942229270935,0.0
1999-12-14,BULAMBULI,0.36113977144037496,1.9702850580215454,0.0
1999-12-14,BUKWO,0.22174153643779307,0.5478207468986511,0.0
1999-12-14,BUTALEJA,0.002771705721783862,0.027256369590759277,0.0
1999-12-14,KWEEN,0.7167402614823056,1.8268991708755493,0.0
1999-12-14,KAPCHORWA,1.0909687305840154,2.0205180644989014,0.17701591551303864
1999-12-14,MANAFWA,0.0015859161448206023,0.08560583740472794,0.0
1999-12-14,BUDUDA,0.0029756548992463986,0.09749925136566162,0.0
1999-12-14,MBALE,7.286100849906368E-4,0.016716651618480682,0.0
1999-12-14,MBALE,0.0,0.0,0.0
1999-12-15,SIRONKO,0.06301299797959768,0.4371752142906189,0.0
1999-12-15,BULAMBULI,0.13515425129929662,0.6369535326957703,0.0
1999-12-15,BUKWO,0.26489635039108206,0.8367608785629272,0.0
1999-12-15,BUTALEJA,0.0027774113309458393,0.027256369590759277,0.0
1999-12-15,KWEEN,0.08736769514289124,0.8303878903388977,0.0
1999-12-15,KAPCHORWA,0.11676227533110121,0.6369535326957703,0.0
1999-12-15,MANAFWA,0.005752879948640346,0.04989155754446983,0.0
1999-12-15,BUDUDA,0.015372692970959107,0.4371752142906189,0.0
1999-12-15,MBALE,0.0034403726183740704,0.04654490575194359,0.0
1999-12-15,MBALE,0.0,0.0,0.0
1999-12-16,SIRONKO,1.794254782433484,7.145726203918457,0.0
1999-12-16,BULAMBULI,1.2285771208031546,7.145726203918457,0.0
1999-12-16,BUKWO,0.7079458071460879,6.1848297119140625,0.0
1999-12-16,BUTALEJA,0.11771130415392371,0.9424658417701721,0.0
1999-12-16,KWEEN,0.39218981369775824,7.145726203918457,0.0
1999-12-16,KAPCHORWA,0.6772898827663856,4.766203880310059,0.0
1999-12-16,MANAFWA,0.23160847537105325,1.111845850944519,0.0
1999-12-16,BUDUDA,0.9701324122032786,7.145726203918457,0.0
1999-12-16,MBALE,0.2581744137033555,2.1388349533081055,0.0
1999-12-16,MBALE,0.00519589019238151,0.2920185625553131,0.0
1999-12-17,SIRONKO,1.9258062632542887,3.716386318206787,0.0
1999-12-17,BULAMBULI,0.4991657048648183,3.314103841781616,0.0
1999-12-17,BUKWO,0.17755209077357365,2.8958115577697754,0.0
1999-12-17,BUTALEJA,0.07732919586648473,2.29947829246521,0.0
1999-12-17,KWEEN,0.06368195622729729,2.2023985385894775,0.0
1999-12-17,KAPCHORWA,0.11258942864172816,1.0460479259490967,0.0
1999-12-17,MANAFWA,0.1260502273888887,0.5871981978416443,0.0
1999-12-17,BUDUDA,0.528011735334533,2.673339605331421,0.0
1999-12-17,MBALE,0.19215846764583763,3.716386318206787,0.0
1999-12-17,MBALE,0.004645833111338626,0.2611043453216553,0.0
1999-12-18,SIRONKO,2.804334733355,5.302210807800293,0.0
1999-12-18,BULAMBULI,4.7878912724645915,7.667550086975098,0.49060219526290894
1999-12-18,BUKWO,3.7896183885971655,7.148035049438477,0.0
1999-12-18,BUTALEJA,0.30922864330824434,0.8751143217086792,0.0
1999-12-18,KWEEN,4.416520469074664,10.913229942321777,0.0
1999-12-18,KAPCHORWA,5.8293147453818435,8.320133209228516,3.0550622940063477
1999-12-18,MANAFWA,0.30224962412498385,1.1933428049087524,0.0
1999-12-18,BUDUDA,0.6967205914216853,2.7750751972198486,0.0
1999-12-18,MBALE,0.43077499392493257,3.7798056602478027,0.0
1999-12-18,MBALE,0.008652814377222115,0.48630404472351074,0.0
1999-12-19,SIRONKO,4.928045538111944,11.917549133300781,0.0
1999-12-19,BULAMBULI,5.218788697913049,13.981122016906738,0.7027649283409119
1999-12-19,BUKWO,7.295810196293324,11.519782066345215,0.0
1999-12-19,BUTALEJA,2.0919736253964256,19.84174346923828,0.0
1999-12-19,KWEEN,4.927431438228241,11.68286418914795,0.09629320353269577
1999-12-19,KAPCHORWA,6.902921888272986,13.92151927947998,2.233013153076172
1999-12-19,MANAFWA,0.6679839211253541,3.420914888381958,0.0
1999-12-19,BUDUDA,1.2096613664251528,4.684834003448486,0.0
1999-12-19,MBALE,0.8862175383218813,4.351100921630859,0.0
1999-12-19,MBALE,0.017811844444648527,1.0010583400726318,0.0
1999-12-20,SIRONKO,7.328521811545368,14.046470642089844,0.0
1999-12-20,BULAMBULI,7.305355824353983,15.628206253051758,3.4280905723571777
1999-12-20,BUKWO,6.525509777649839,11.341156005859375,0.0
1999-12-20,BUTALEJA,0.05593949720887394,0.5932015776634216,0.0
1999-12-20,KWEEN,6.5065245607529985,11.881393432617188,2.8047759532928467
1999-12-20,KAPCHORWA,9.067405882703458,15.628206253051758,4.417906761169434
1999-12-20,MANAFWA,0.20520927164506708,1.1302590370178223,0.0
1999-12-20,BUDUDA,1.5759040043578962,5.8018388748168945,0.0
1999-12-20,MBALE,0.5021673179603173,6.196091651916504,0.0
1999-12-20,MBALE,0.016770843009017784,0.9425521492958069,0.0
1999-12-21,SIRONKO,0.6174561372401324,4.609861850738525,0.0
1999-12-21,BULAMBULI,3.6177866297179793,13.980300903320312,0.0
1999-12-21,BUKWO,1.0418372285875972,4.1861677169799805,0.0
1999-12-21,BUTALEJA,1.2804076724157019,3.5118460655212402,0.41995182633399963
1999-12-21,KWEEN,0.7047678983054906,13.935898780822754,0.0
1999-12-21,KAPCHORWA,7.934856764270153,13.980300903320312,0.0
1999-12-21,MANAFWA,0.7834547575854943,2.6978609561920166,0.23490339517593384
1999-12-21,BUDUDA,0.8437662770672089,1.5257704257965088,0.0
1999-12-21,MBALE,1.6867206258835183,6.106869220733643,0.0
1999-12-21,MBALE,0.9050775383894948,2.7851040363311768,0.6954529881477356
1999-12-22,SIRONKO,0.1827217794800343,1.8964191675186157,0.0
1999-12-22,BULAMBULI,0.42613899729675986,2.590775489807129,0.0
1999-12-22,BUKWO,0.8939627358108103,3.6573941707611084,0.0
1999-12-22,BUTALEJA,0.4103818873829242,4.528432846069336,0.036575812846422195
1999-12-22,KWEEN,0.19513369891707055,2.8943164348602295,0.0
1999-12-22,KAPCHORWA,1.54682266110307,2.590775489807129,0.0
1999-12-22,MANAFWA,1.5886002024750527,3.9583232402801514,0.5809879302978516
1999-12-22,BUDUDA,0.8422610654336646,2.635413408279419,0.0
1999-12-22,MBALE,1.7761668429761128,4.693043231964111,0.0
1999-12-22,MBALE,0.453956530315402,1.8902167081832886,0.25405797362327576
1999-12-23,SIRONKO,0.5784705692210278,6.003636360168457,0.0
1999-12-23,BULAMBULI,0.8659911414059844,3.740143060684204,0.0
1999-12-23,BUKWO,1.4942590431144422,5.631977081298828,0.0
1999-12-23,BUTALEJA,2.3779771781850596,5.214747428894043,0.7551231980323792
1999-12-23,KWEEN,0.378805927531952,5.387873649597168,0.0
1999-12-23,KAPCHORWA,1.8081684250306929,4.052299976348877,0.0
1999-12-23,MANAFWA,2.2444535501852165,6.7162885665893555,0.8329901099205017
1999-12-23,BUDUDA,2.113455055828759,5.40047025680542,0.0
1999-12-23,MBALE,3.4952460088912867,6.7162885665893555,0.0
1999-12-23,MBALE,1.6458378799242634,5.643770217895508,1.2120349407196045
1999-12-24,SIRONKO,0.38131473769284985,2.9782073497772217,0.0
1999-12-24,BULAMBULI,0.5474482405060085,2.9782073497772217,0.0
1999-12-24,BUKWO,0.3144267631096364,2.0727124214172363,0.0
1999-12-24,BUTALEJA,0.25645053600129736,1.8060537576675415,0.0
1999-12-24,KWEEN,0.07979268766507361,1.8258836269378662,0.0
1999-12-24,KAPCHORWA,0.3418904142879701,2.3464159965515137,0.0
1999-12-24,MANAFWA,3.1825176876609267,8.677605628967285,0.6961703896522522
1999-12-24,BUDUDA,1.1546497889839948,4.287639141082764,0.0
1999-12-24,MBALE,2.236526845121511,6.868619918823242,0.0
1999-12-24,MBALE,1.2010743180073986,2.681379795074463,0.9671230912208557
1999-12-25,SIRONKO,0.14829524166348995,1.557685136795044,0.0
1999-12-25,BULAMBULI,0.24150712209455266,2.1577744483947754,0.0
1999-12-25,BUKWO,0.44769063580450064,2.1577744483947754,0.0
1999-12-25,BUTALEJA,0.2513520928150039,1.0378721952438354,0.0
1999-12-25,KWEEN,0.1665398728106713,2.2558200359344482,0.0
1999-12-25,KAPCHORWA,1.1502039607873076,2.8188271522521973,0.0
1999-12-25,MANAFWA,0.671118519803637,2.2520668506622314,0.0
1999-12-25,BUDUDA,1.2226042027797481,2.2520668506622314,0.0
1999-12-25,MBALE,0.982568572516951,2.6165621280670166,0.0
1999-12-25,MBALE,0.4262270832344905,1.9837214946746826,0.1847507804632187
1999-12-26,SIRONKO,2.21318024103814,5.5702691078186035,0.0
1999-12-26,BULAMBULI,0.23875046221593801,3.3989017009735107,0.0
1999-12-26,BUKWO,2.0292658289520795,5.694670677185059,0.27069228887557983
1999-12-26,BUTALEJA,3.4504549701333027,10.877302169799805,0.0
1999-12-26,KWEEN,0.7860903183043467,5.694670677185059,0.0
1999-12-26,KAPCHORWA,0.5206744314677055,0.7148716449737549,0.09094396233558655
1999-12-26,MANAFWA,3.3272220767515415,7.832020282745361,0.12888364493846893
1999-12-26,BUDUDA,4.288673596534819,6.859377384185791,0.0
1999-12-26,MBALE,3.6963799719130135,7.1559929847717285,0.1594492346048355
1999-12-26,MBALE,2.6385651463159268,3.6405532360076904,1.0881832838058472
1999-12-27,SIRONKO,2.684850211234686,8.243736267089844,0.0
1999-12-27,BULAMBULI,0.5901757836041045,3.7930922508239746,0.0
1999-12-27,BUKWO,3.155231631947827,10.324932098388672,0.0013350809458643198
1999-12-27,BUTALEJA,7.2903000851967485,22.929506301879883,0.38095855712890625
1999-12-27,KWEEN,2.8570735043219466,9.963065147399902,0.24686254560947418
1999-12-27,KAPCHORWA,0.7641042342694786,1.5948699712753296,0.07531154900789261
1999-12-27,MANAFWA,7.017290112637738,14.571542739868164,0.45732954144477844
1999-12-27,BUDUDA,4.08511825223931,6.799657344818115,0.0
1999-12-27,MBALE,2.7318714910871025,8.243736267089844,0.38095855712890625
1999-12-27,MBALE,3.8608788621024765,5.2468180656433105,1.568374514579773
1999-12-28,SIRONKO,2.3971137822328394,7.614774703979492,0.0
1999-12-28,BULAMBULI,0.23440749150390394,3.4369521141052246,0.0
1999-12-28,BUKWO,2.3183462421438272,6.926536560058594,0.2640202045440674
1999-12-28,BUTALEJA,8.455240339161463,16.955305099487305,2.847461223602295
1999-12-28,KWEEN,1.0744592255253422,6.748931884765625,0.0
1999-12-28,KAPCHORWA,0.603613673662084,0.8847485780715942,0.10363409668207169
1999-12-28,MANAFWA,13.380579721158888,20.43998908996582,2.6409361362457275
1999-12-28,BUDUDA,5.097366312073864,12.747727394104004,0.0
1999-12-28,MBALE,11.27243657215631,18.81148910522461,2.499601364135742
1999-12-28,MBALE,8.40331766047277,9.380816459655762,3.141902446746826
1999-12-29,SIRONKO,0.9715682128716888,3.069829225540161,0.0
1999-12-29,BULAMBULI,0.07518602539214918,1.7324079275131226,0.0
1999-12-29,BUKWO,0.21809614842081018,1.649665355682373,0.0
1999-12-29,BUTALEJA,1.5663403918451104,5.519853591918945,0.0
1999-12-29,KWEEN,0.2586760149683401,1.649665355682373,0.0
1999-12-29,KAPCHORWA,0.155969922835677,0.29213735461235046,0.026140369474887848
1999-12-29,MANAFWA,3.4187775823494637,10.81845760345459,0.10116098821163177
1999-12-29,BUDUDA,2.2567131144445587,3.6314682960510254,0.0
1999-12-29,MBALE,1.5126959999146223,3.069829225540161,0.48126232624053955
1999-12-29,MBALE,1.2137129363128651,1.2986083030700684,0.6441868543624878
1999-12-30,SIRONKO,1.828738834637708,8.46772575378418,0.0
1999-12-30,BULAMBULI,0.030535878497019366,1.4062188863754272,0.0
1999-12-30,BUKWO,0.13495216754356257,0.7969218492507935,0.0
1999-12-30,BUTALEJA,9.761647738720633,19.432615280151367,0.44254884123802185
1999-12-30,KWEEN,0.05003903282262779,0.7969218492507935,0.0
1999-12-30,KAPCHORWA,0.0169963424993582,0.058561407029628754,0.0
1999-12-30,MANAFWA,8.00638490382815,18.018783569335938,0.43109631538391113
1999-12-30,BUDUDA,3.5864488314027767,14.459476470947266,0.0
1999-12-30,MBALE,8.203762021599418,18.018783569335938,0.44254884123802185
1999-12-30,MBALE,7.102258719535501,10.954442977905273,2.479434013366699
1999-12-31,SIRONKO,1.5174876574509992,4.254926681518555,0.0
1999-12-31,BULAMBULI,0.08935002389783984,2.8803837299346924,0.0
1999-12-31,BUKWO,0.5828030623193508,3.695906400680542,0.0
1999-12-31,BUTALEJA,0.9423645844683753,8.473441123962402,0.0
1999-12-31,KWEEN,0.0837411752375942,3.695906400680542,0.0
1999-12-31,KAPCHORWA,0.09523863128377077,0.47773537039756775,0.0
1999-12-31,MANAFWA,4.938494272165308,11.75337028503418,0.3022618591785431
1999-12-31,BUDUDA,3.1741477014252233,7.915166854858398,0.0
1999-12-31,MBALE,6.298279555468993,12.388578414916992,1.9854609966278076
1999-12-31,MBALE,4.826917385961588,5.290275573730469,2.590708017349243
2000-01-01,SIRONKO,0.0,0.0,0.0
2000-01-01,BULAMBULI,6.394236613688891E-6,0.03073035553097725,0.0
2000-01-01,BUKWO,0.03548114873676056,0.21551954746246338,0.0
2000-01-01,BUTALEJA,0.35977683464721627,5.014012336730957,0.0
2000-01-01,KWEEN,0.010380606716657576,0.21551954746246338,0.0
2000-01-01,KAPCHORWA,0.021931559082986662,0.1443980187177658,0.0
2000-01-01,MANAFWA,0.0,0.0,0.0
2000-01-01,BUDUDA,0.0,0.0,0.0
2000-01-01,MBALE,0.0,0.0,0.0
2000-01-01,MBALE,0.0,0.0,0.0
2000-01-02,SIRONKO,0.0,0.0,0.0
2000-01-02,BULAMBULI,6.394236613688891E-6,0.03073035553097725,0.0
2000-01-02,BUKWO,0.03548114873676056,0.21551954746246338,0.0
2000-01-02,BUTALEJA,0.0,0.0,0.0
2000-01-02,KWEEN,0.010380606716657576,0.21551954746246338,0.0
2000-01-02,KAPCHORWA,0.021931559082986662,0.1443980187177658,0.0
2000-01-02,MANAFWA,0.0,0.0,0.0
2000-01-02,BUDUDA,0.0,0.0,0.0
2000-01-02,MBALE,0.0,0.0,0.0
2000-01-02,MBALE,0.0,0.0,0.0
2000-01-03,SIRONKO,0.0,0.0,0.0
2000-01-03,BULAMBULI,6.394236613688891E-6,0.03073035553097725,0.0
2000-01-03,BUKWO,0.03548114873676056,0.21551954746246338,0.0
2000-01-03,BUTALEJA,0.5658592522511594,8.96706485748291,0.0
2000-01-03,KWEEN,0.029417280396637137,0.92435622215271,0.0
2000-01-03,KAPCHORWA,0.06336072645171043,0.39130669832229614,0.0
2000-01-03,MANAFWA,0.0,0.0,0.0
2000-01-03,BUDUDA,0.0,0.0,0.0
2000-01-03,MBALE,0.0,0.0,0.0
2000-01-03,MBALE,0.0,0.0,0.0
2000-01-04,SIRONKO,0.0,0.0,0.0
2000-01-04,BULAMBULI,6.394236613688891E-6,0.03073035553097725,0.0
2000-01-04,BUKWO,0.0830420930120432,0.44794800877571106,0.0
2000-01-04,BUTALEJA,0.0,0.0,0.0
2000-01-04,KWEEN,0.03158483273680874,0.44794800877571106,0.0
2000-01-04,KAPCHORWA,0.04164915740448224,0.39130666851997375,0.0
2000-01-04,MANAFWA,0.0,0.0,0.0
2000-01-04,BUDUDA,0.0,0.0,0.0
2000-01-04,MBALE,0.0,0.0,0.0
2000-01-04,MBALE,0.0,0.0,0.0
2000-01-05,SIRONKO,0.0,0.0,0.0
2000-01-05,BULAMBULI,6.394236613688891E-6,0.03073035553097725,0.0
2000-01-05,BUKWO,0.03548114873676056,0.21551954746246338,0.0
2000-01-05,BUTALEJA,7.67563294740896E-6,0.06772453337907791,0.0
2000-01-05,KWEEN,0.010380606716657576,0.21551954746246338,0.0
2000-01-05,KAPCHORWA,0.021931559082986662,0.1443980187177658,0.0
2000-01-05,MANAFWA,0.0,0.0,0.0
2000-01-05,BUDUDA,0.0,0.0,0.0
2000-01-05,MBALE,0.0,0.0,0.0
2000-01-05,MBALE,0.0,0.0,0.0
2000-01-06,SIRONKO,0.0,0.0,0.0
2000-01-06,BULAMBULI,0.0,0.0,0.0
2000-01-06,BUKWO,0.0,0.0,0.0
2000-01-06,BUTALEJA,0.0,0.0,0.0
2000-01-06,KWEEN,0.0,0.0,0.0
2000-01-06,KAPCHORWA,0.0,0.0,0.0
2000-01-06,MANAFWA,0.0,0.0,0.0
2000-01-06,BUDUDA,0.0,0.0,0.0
2000-01-06,MBALE,0.0,0.0,0.0
2000-01-06,MBALE,0.0,0.0,0.0
2000-01-07,SIRONKO,0.0,0.0,0.0
2000-01-07,BULAMBULI,0.0,0.0,0.0
2000-01-07,BUKWO,0.0,0.0,0.0
2000-01-07,BUTALEJA,0.0,0.0,0.0
2000-01-07,KWEEN,1.3674026989463608E-5,9.241440566256642E-4,0.0
2000-01-07,KAPCHORWA,8.689401134139401E-5,9.241440566256642E-4,0.0
2000-01-07,MANAFWA,0.0,0.0,0.0
2000-01-07,BUDUDA,0.0,0.0,0.0
2000-01-07,MBALE,0.0,0.0,0.0
2000-01-07,MBALE,0.0,0.0,0.0
2000-01-08,SIRONKO,0.0,0.0,0.0
2000-01-08,BULAMBULI,0.0,0.0,0.0
2000-01-08,BUKWO,0.0,0.0,0.0
2000-01-08,BUTALEJA,1.645018958814413,5.152002334594727,0.0
2000-01-08,KWEEN,0.0,0.0,0.0
2000-01-08,KAPCHORWA,0.0,0.0,0.0
2000-01-08,MANAFWA,0.0,0.0,0.0
2000-01-08,BUDUDA,0.0,0.0,0.0
2000-01-08,MBALE,0.1436778978861482,3.0332164764404297,0.0
2000-01-08,MBALE,0.0,0.0,0.0
2000-01-09,SIRONKO,0.0,0.0,0.0
2000-01-09,BULAMBULI,0.0,0.0,0.0
2000-01-09,BUKWO,0.0,0.0,0.0
2000-01-09,BUTALEJA,15.795392212363117,35.45024108886719,0.0
2000-01-09,KWEEN,0.001068960378248871,0.07224451005458832,0.0
2000-01-09,KAPCHORWA,0.00914778519450253,0.07224451005458832,0.0
2000-01-09,MANAFWA,0.0,0.0,0.0
2000-01-09,BUDUDA,0.0,0.0,0.0
2000-01-09,MBALE,0.008326981626309399,0.17559155821800232,0.0
2000-01-09,MBALE,0.0,0.0,0.0
2000-01-10,SIRONKO,0.0,0.0,0.0
2000-01-10,BULAMBULI,0.0,0.0,0.0
2000-01-10,BUKWO,0.0,0.0,0.0
2000-01-10,BUTALEJA,3.401250942164056,8.166177749633789,0.0
2000-01-10,KWEEN,7.437660921154077E-4,0.05026661232113838,0.0
2000-01-10,KAPCHORWA,0.006195636853281922,0.05026661232113838,0.0
2000-01-10,MANAFWA,0.0,0.0,0.0
2000-01-10,BUDUDA,0.0,0.0,0.0
2000-01-10,MBALE,0.10838388721586345,2.277653694152832,0.0
2000-01-10,MBALE,0.0,0.0,0.0
2000-01-11,SIRONKO,0.19138456964241285,0.8338803052902222,0.0
2000-01-11,BULAMBULI,0.2450577983763748,1.1773444414138794,0.0
2000-01-11,BUKWO,1.386922541635053,4.491520404815674,0.17783090472221375
2000-01-11,BUTALEJA,0.0,0.0,0.0
2000-01-11,KWEEN,0.7679872217163239,4.491520404815674,0.0
2000-01-11,KAPCHORWA,0.8075676758723447,4.097141265869141,0.0750100389122963
2000-01-11,MANAFWA,0.006395295911043224,0.08066269755363464,0.0
2000-01-11,BUDUDA,0.06356690599553627,0.8338803052902222,0.0
2000-01-11,MBALE,0.015889175804382625,0.26250267028808594,0.0
2000-01-11,MBALE,0.03322171614028895,0.26250267028808594,0.0
2000-01-12,SIRONKO,0.008853719300173769,0.048348765820264816,0.0
2000-01-12,BULAMBULI,0.025993954697141154,0.36358967423439026,0.0
2000-01-12,BUKWO,0.3752466122591744,0.9641360640525818,0.0
2000-01-12,BUTALEJA,0.0,0.0,0.0
2000-01-12,KWEEN,0.17811966792956227,0.8654206991195679,0.0
2000-01-12,KAPCHORWA,0.22781054741588452,0.8654206991195679,0.0
2000-01-12,MANAFWA,2.3653580301500907E-4,0.007706906646490097,0.0
2000-01-12,BUDUDA,0.003564265346986441,0.048348765820264816,0.0
2000-01-12,MBALE,1.1138152627528358E-4,0.0021004213485866785,0.0
2000-01-12,MBALE,2.3949809410032965E-4,0.0021004213485866785,0.0
2000-01-13,SIRONKO,3.401494282958319E-4,0.009393364191055298,0.0
2000-01-13,BULAMBULI,0.018929912949027423,0.36358967423439026,0.0
2000-01-13,BUKWO,0.3752466122591744,0.9641360640525818,0.0
2000-01-13,BUTALEJA,0.0,0.0,0.0
2000-01-13,KWEEN,0.17197814138461454,0.7872568368911743,0.0
2000-01-13,KAPCHORWA,0.14268125408979188,0.7872568368911743,0.0
2000-01-13,MANAFWA,0.0,0.0,0.0
2000-01-13,BUDUDA,0.0,0.0,0.0
2000-01-13,MBALE,0.0,0.0,0.0
2000-01-13,MBALE,0.0,0.0,0.0
2000-01-14,SIRONKO,0.0027700731783129044,0.012687139213085175,0.0
2000-01-14,BULAMBULI,0.018931133612419066,0.36358967423439026,0.0
2000-01-14,BUKWO,0.37722803124132975,0.9641360640525818,0.0
2000-01-14,BUTALEJA,0.0,0.0,0.0
2000-01-14,KWEEN,0.1720925856846639,0.7872568368911743,0.0
2000-01-14,KAPCHORWA,0.14268125408979188,0.7872568368911743,0.0
2000-01-14,MANAFWA,0.0011710830401587989,0.01720857247710228,0.0
2000-01-14,BUDUDA,0.0034956866728600637,0.014978806488215923,0.0
2000-01-14,MBALE,1.809153800759236E-4,0.012687139213085175,0.0
2000-01-14,MBALE,0.0,0.0,0.0
2000-01-15,SIRONKO,0.008522233562329149,0.05932026356458664,0.0
2000-01-15,BULAMBULI,0.054775962454482095,0.4286216199398041,0.0
2000-01-15,BUKWO,0.3968364341048377,0.9641360640525818,0.0
2000-01-15,BUTALEJA,0.0,0.0,0.0
2000-01-15,KWEEN,0.20951271049622466,0.7872568368911743,0.0
2000-01-15,KAPCHORWA,0.19140915078410659,0.7872568368911743,0.0
2000-01-15,MANAFWA,3.983189476642137E-4,0.01297819148749113,0.0
2000-01-15,BUDUDA,0.003546578054364279,0.030172187834978104,0.0
2000-01-15,MBALE,0.0040610910565326225,0.06306266039609909,0.0
2000-01-15,MBALE,0.03543203420647601,0.06306266039609909,0.0
2000-01-16,SIRONKO,0.0,0.0,0.0
2000-01-16,BULAMBULI,1.8661997536916514E-4,0.01629900000989437,0.0
2000-01-16,BUKWO,7.252674408566956E-4,0.018221454694867134,0.0
2000-01-16,BUTALEJA,0.0,0.0,0.0
2000-01-16,KWEEN,0.0010754894227347962,0.020274054259061813,0.0
2000-01-16,KAPCHORWA,0.0011514315499794058,0.020274054259061813,0.0
2000-01-16,MANAFWA,0.007474596951330034,0.6664080023765564,0.0
2000-01-16,BUDUDA,0.0,0.0,0.0
2000-01-16,MBALE,9.352820146252064E-4,0.3395153880119324,0.0
2000-01-16,MBALE,0.0,0.0,0.0
2000-01-17,SIRONKO,0.0,0.0,0.0
2000-01-17,BULAMBULI,0.0,0.0,0.0
2000-01-17,BUKWO,0.0,0.0,0.0
2000-01-17,BUTALEJA,0.0,0.0,0.0
2000-01-17,KWEEN,0.0,0.0,0.0
2000-01-17,KAPCHORWA,0.0,0.0,0.0
2000-01-17,MANAFWA,0.0,0.0,0.0
2000-01-17,BUDUDA,0.0,0.0,0.0
2000-01-17,MBALE,0.0,0.0,0.0
2000-01-17,MBALE,0.0,0.0,0.0
2000-01-18,SIRONKO,0.0,0.0,0.0
2000-01-18,BULAMBULI,4.1012675001230156E-5,0.010297346860170364,0.0
2000-01-18,BUKWO,0.005636077909028123,0.0927102193236351,0.0
2000-01-18,BUTALEJA,0.03361503605448845,0.8794543147087097,0.0
2000-01-18,KWEEN,0.028957333720283914,0.2865268588066101,0.0
2000-01-18,KAPCHORWA,0.03555541024425964,0.2865268588066101,0.0
2000-01-18,MANAFWA,0.009649515798249313,1.175079107284546,0.0
2000-01-18,BUDUDA,0.0,0.0,0.0
2000-01-18,MBALE,5.786250266484766E-4,0.21004584431648254,0.0
2000-01-18,MBALE,0.0,0.0,0.0
2000-01-19,SIRONKO,0.0,0.0,0.0
2000-01-19,BULAMBULI,3.3865134900463263E-4,0.030566241592168808,0.0
2000-01-19,BUKWO,0.09721126635493352,0.45612627267837524,0.0
2000-01-19,BUTALEJA,0.06710592354656564,1.6350595951080322,0.0
2000-01-19,KWEEN,0.026941528951337473,0.35414552688598633,0.0
2000-01-19,KAPCHORWA,0.052588857024520576,0.3165123462677002,0.0
2000-01-19,MANAFWA,0.01048691557640554,0.8502649664878845,0.0
2000-01-19,BUDUDA,0.0,0.0,0.0
2000-01-19,MBALE,0.0014814332107750277,0.5377729535102844,0.0
2000-01-19,MBALE,0.0,0.0,0.0
2000-01-20,SIRONKO,0.0,0.0,0.0
2000-01-20,BULAMBULI,6.252112459320548E-4,0.1325644701719284,0.0
2000-01-20,BUKWO,0.21784101997148966,0.932052731513977,0.0
2000-01-20,BUTALEJA,0.0024581869597342003,0.05248071253299713,0.0
2000-01-20,KWEEN,0.10755990675646163,1.4512746334075928,0.0
2000-01-20,KAPCHORWA,0.2302247826857994,1.4512746334075928,0.0
2000-01-20,MANAFWA,0.004728575191645241,0.6028487086296082,0.0
2000-01-20,BUDUDA,0.0,0.0,0.0
2000-01-20,MBALE,2.295635312521901E-4,0.08333352953195572,0.0
2000-01-20,MBALE,0.0,0.0,0.0
2000-01-21,SIRONKO,2.7896326344019373,4.360352993011475,2.0774667263031006
2000-01-21,BULAMBULI,5.714310083000723,18.36590576171875,0.0
2000-01-21,BUKWO,3.5460608973101584,14.63237476348877,0.0
2000-01-21,BUTALEJA,1.9594626754555555,7.176170349121094,0.0
2000-01-21,KWEEN,1.2111737575050574,18.27821159362793,0.0
2000-01-21,KAPCHORWA,11.106907413659062,22.620512008666992,0.0
2000-01-21,MANAFWA,3.54411505851303,8.92665958404541,0.3361818194389343
2000-01-21,BUDUDA,2.7734897630103563,6.456598281860352,1.4077247381210327
2000-01-21,MBALE,5.920117127102805,12.727666854858398,0.16124577820301056
2000-01-21,MBALE,10.952298380796949,12.727666854858398,2.9975311756134033
2000-01-22,SIRONKO,0.4304718068081805,1.2564551830291748,0.13591350615024567
2000-01-22,BULAMBULI,1.6983412871830503,7.032668590545654,0.0
2000-01-22,BUKWO,0.2719535364682431,2.1750223636627197,0.0
2000-01-22,BUTALEJA,2.516065619618507,7.361332416534424,0.0
2000-01-22,KWEEN,0.19684945074186755,7.032668590545654,0.0
2000-01-22,KAPCHORWA,0.8417475752181004,4.604294300079346,0.0
2000-01-22,MANAFWA,5.653228939535919,10.88430118560791,1.1372461318969727
2000-01-22,BUDUDA,1.4950727351269044,5.885868549346924,0.14711067080497742
2000-01-22,MBALE,5.2542766594139385,8.49890422821045,0.023338204249739647
2000-01-22,MBALE,5.139497027681654,6.5510406494140625,0.48167651891708374
2000-01-23,SIRONKO,1.7434503222055,3.432582378387451,0.8683269023895264
2000-01-23,BULAMBULI,0.7883112962283855,3.448446750640869,0.0
2000-01-23,BUKWO,0.9886595109719712,3.3481216430664062,0.0
2000-01-23,BUTALEJA,0.20649254036217632,1.551221489906311,0.0
2000-01-23,KWEEN,0.30662317297786856,3.448446750640869,0.0
2000-01-23,KAPCHORWA,0.7995081634889148,3.448446750640869,0.0
2000-01-23,MANAFWA,1.2130036418010397,3.562408447265625,0.11595362424850464
2000-01-23,BUDUDA,1.4065073707022333,3.432582378387451,0.4552115499973297
2000-01-23,MBALE,1.7778106080659535,5.068050861358643,0.021053345873951912
2000-01-23,MBALE,2.688578070144112,5.068050861358643,0.7847834825515747
2000-01-24,SIRONKO,1.2477595748734422,2.9761619567871094,0.025407664477825165
2000-01-24,BULAMBULI,1.0122136999735956,4.846794605255127,0.0
2000-01-24,BUKWO,1.2535581522371524,4.846794605255127,0.0
2000-01-24,BUTALEJA,0.18439221232569405,1.7849674224853516,0.0
2000-01-24,KWEEN,0.40609737656535827,4.846794605255127,0.0
2000-01-24,KAPCHORWA,1.1483505255098796,4.846794605255127,0.0
2000-01-24,MANAFWA,1.7271638356154406,3.2586467266082764,0.6097655296325684
2000-01-24,BUDUDA,1.6457910547239345,3.3887834548950195,0.6097655296325684
2000-01-24,MBALE,1.8053899230221373,3.833099126815796,0.0
2000-01-24,MBALE,1.4185299193751102,3.3969507217407227,0.17537350952625275
2000-01-25,SIRONKO,3.127699624737146,6.548311710357666,0.6042513251304626
2000-01-25,BULAMBULI,1.9810836246012373,6.973970413208008,0.0
2000-01-25,BUKWO,1.5705341816515836,7.960888385772705,0.0
2000-01-25,BUTALEJA,5.059971717276141E-6,0.011620121076703072,0.0
2000-01-25,KWEEN,0.5310067075010513,7.400908470153809,0.0
2000-01-25,KAPCHORWA,1.3930565272293975,6.973970413208008,0.0
2000-01-25,MANAFWA,5.094951850980715,11.64022159576416,1.3116410970687866
2000-01-25,BUDUDA,3.250990107727474,6.548311710357666,1.4773519039154053
2000-01-25,MBALE,1.41614609559923,5.332125663757324,0.0
2000-01-25,MBALE,1.3670244090237182,2.231250286102295,0.5130731463432312
2000-01-26,SIRONKO,0.0014025680813680398,0.08398929238319397,0.0
2000-01-26,BULAMBULI,0.019080946177513183,0.3594585955142975,0.0
2000-01-26,BUKWO,0.5968538308991164,3.15873646736145,0.0
2000-01-26,BUTALEJA,0.0,0.0,0.0
2000-01-26,KWEEN,0.3512261401829993,3.15873646736145,0.0
2000-01-26,KAPCHORWA,0.3390117380585365,2.2180655002593994,0.0
2000-01-26,MANAFWA,2.1734134664973375E-5,9.683968382887542E-4,0.0
2000-01-26,BUDUDA,0.008497475154945592,0.08398929238319397,0.0
2000-01-26,MBALE,0.0020462471153672866,0.03412729129195213,0.0
2000-01-26,MBALE,6.072273507709407E-4,0.03412729129195213,0.0
2000-01-27,SIRONKO,7.966627943390809E-6,0.0073807635344564915,0.0
2000-01-27,BULAMBULI,0.0076847067130286495,0.22301703691482544,0.0
2000-01-27,BUKWO,0.025241806538015877,0.22301703691482544,0.0
2000-01-27,BUTALEJA,0.0,0.0,0.0
2000-01-27,KWEEN,0.011550582703200073,0.22301703691482544,0.0
2000-01-27,KAPCHORWA,0.01859734984979854,0.22301703691482544,0.0
2000-01-27,MANAFWA,6.427822849113003E-6,2.8640124946832657E-4,0.0
2000-01-27,BUDUDA,0.0011324893859079254,0.0073807635344564915,0.0
2000-01-27,MBALE,4.170887235587962E-4,0.0071649206802248955,0.0
2000-01-27,MBALE,1.2748552956978675E-4,0.0071649206802248955,0.0
2000-01-28,SIRONKO,0.0,0.0,0.0
2000-01-28,BULAMBULI,2.5750019970643168E-6,0.0042793164029717445,0.0
2000-01-28,BUKWO,0.011960450494192112,0.119423508644104,0.0
2000-01-28,BUTALEJA,0.0,0.0,0.0
2000-01-28,KWEEN,0.0016701010632229933,0.03963443264365196,0.0
2000-01-28,KAPCHORWA,4.2645107061521924E-4,0.0042793164029717445,0.0
2000-01-28,MANAFWA,0.0,0.0,0.0
2000-01-28,BUDUDA,0.0,0.0,0.0
2000-01-28,MBALE,0.0,0.0,0.0
2000-01-28,MBALE,0.0,0.0,0.0
2000-01-29,SIRONKO,0.0,0.0,0.0
2000-01-29,BULAMBULI,2.5750019970643168E-6,0.0042793164029717445,0.0
2000-01-29,BUKWO,0.011960450494192112,0.119423508644104,0.0
2000-01-29,BUTALEJA,0.0,0.0,0.0
2000-01-29,KWEEN,0.0016701010632229933,0.03963443264365196,0.0
2000-01-29,KAPCHORWA,4.2645107061521924E-4,0.0042793164029717445,0.0
2000-01-29,MANAFWA,0.0,0.0,0.0
2000-01-29,BUDUDA,0.0,0.0,0.0
2000-01-29,MBALE,0.0,0.0,0.0
2000-01-29,MBALE,0.0,0.0,0.0
2000-01-30,SIRONKO,0.0,0.0,0.0
2000-01-30,BULAMBULI,2.5750019970643168E-6,0.0042793164029717445,0.0
2000-01-30,BUKWO,0.011960450494192112,0.119423508644104,0.0
2000-01-30,BUTALEJA,0.0,0.0,0.0
2000-01-30,KWEEN,0.0016701010632229933,0.03963443264365196,0.0
2000-01-30,KAPCHORWA,4.2645107061521924E-4,0.0042793164029717445,0.0
2000-01-30,MANAFWA,0.0,0.0,0.0
2000-01-30,BUDUDA,0.0,0.0,0.0
2000-01-30,MBALE,0.0,0.0,0.0
2000-01-30,MBALE,0.0,0.0,0.0
2000-01-31,SIRONKO,1.1875458422516993E-4,0.007049102336168289,0.0
2000-01-31,BULAMBULI,0.007342149425517323,0.20791231095790863,0.0
2000-01-31,BUKWO,0.025310256828958978,0.20791231095790863,0.0
2000-01-31,BUTALEJA,0.0,0.0,0.0
2000-01-31,KWEEN,0.011438522792733743,0.20791231095790863,0.0
2000-01-31,KAPCHORWA,0.016742040584613347,0.20791231095790863,0.0
2000-01-31,MANAFWA,4.131773199400088E-6,1.8409732729196548E-4,0.0
2000-01-31,BUDUDA,8.599537052191084E-4,0.007565136067569256,0.0
2000-01-31,MBALE,0.0,0.0,0.0
2000-01-31,MBALE,0.0,0.0,0.0
2000-02-01,SIRONKO,4.0755123599235015E-4,0.049647390842437744,0.0
2000-02-01,BULAMBULI,1.3616427455733057E-4,0.04945099726319313,0.0
2000-02-01,BUKWO,0.02561335474451733,0.1252414584159851,0.0
2000-02-01,BUTALEJA,0.0,0.0,0.0
2000-02-01,KWEEN,0.010936504700242225,0.18355092406272888,0.0
2000-02-01,KAPCHORWA,0.0541749780377025,0.28424882888793945,0.0
2000-02-01,MANAFWA,0.019189132855997562,0.32642295956611633,0.0
2000-02-01,BUDUDA,0.0867884395359062,0.32642295956611633,0.0
2000-02-01,MBALE,0.009477993597217509,0.32642295956611633,0.0
2000-02-01,MBALE,0.0,0.0,0.0
2000-02-02,SIRONKO,0.0,0.0,0.0
2000-02-02,BULAMBULI,1.2210353288412796E-5,0.02746126800775528,0.0
2000-02-02,BUKWO,0.02561335474451733,0.1252414584159851,0.0
2000-02-02,BUTALEJA,0.0,0.0,0.0
2000-02-02,KWEEN,0.007844092479818272,0.1252414584159851,0.0
2000-02-02,KAPCHORWA,0.00827794581351152,0.041632406413555145,0.0
2000-02-02,MANAFWA,0.0,0.0,0.0
2000-02-02,BUDUDA,0.0,0.0,0.0
2000-02-02,MBALE,0.0,0.0,0.0
2000-02-02,MBALE,0.0,0.0,0.0
2000-02-03,SIRONKO,0.0010185980194518966,0.05461139231920242,0.0
2000-02-03,BULAMBULI,0.004985468746665223,0.7139930129051208,0.0
2000-02-03,BUKWO,0.0710252874282047,1.347699522972107,0.0
2000-02-03,BUTALEJA,10.747987164528652,36.42100524902344,0.0
2000-02-03,KWEEN,0.30319297252565747,1.99638831615448,0.0
2000-02-03,KAPCHORWA,0.5245669648893536,1.99638831615448,0.0
2000-02-03,MANAFWA,0.07481354023668915,0.8772723078727722,0.0
2000-02-03,BUDUDA,0.16654024679289048,0.6767722368240356,0.0
2000-02-03,MBALE,0.021274560988966372,0.8772723078727722,0.0
2000-02-03,MBALE,0.003406549326545209,0.023158570751547813,0.0
2000-02-04,SIRONKO,0.0063365974906454455,0.33596980571746826,0.0
2000-02-04,BULAMBULI,0.012411973155622657,0.26768016815185547,0.0
2000-02-04,BUKWO,0.303391249277057,0.9412592053413391,0.0
2000-02-04,BUTALEJA,4.061855336829768,14.792523384094238,0.0
2000-02-04,KWEEN,0.03701688375335079,0.9412592053413391,0.0
2000-02-04,KAPCHORWA,0.03368681793136065,0.26768016815185547,0.0
2000-02-04,MANAFWA,0.3966825574928529,7.286618232727051,0.0
2000-02-04,BUDUDA,0.6024464026432015,1.6617228984832764,0.0
2000-02-04,MBALE,0.324317836115855,7.286618232727051,0.0
2000-02-04,MBALE,0.5529102779002972,2.2898037433624268,0.0
2000-02-05,SIRONKO,8.051072013806293E-4,0.11564204841852188,0.0
2000-02-05,BULAMBULI,0.008825503203915439,0.4324239492416382,0.0
2000-02-05,BUKWO,0.32423864553615933,2.5832159519195557,0.0
2000-02-05,BUTALEJA,0.0,0.0,0.0
2000-02-05,KWEEN,0.10441750122634823,2.5832159519195557,0.0
2000-02-05,KAPCHORWA,0.03509803051134609,0.4324239492416382,0.0
2000-02-05,MANAFWA,0.06960924057054656,0.37871935963630676,0.0
2000-02-05,BUDUDA,0.13249032053434834,0.37871935963630676,0.0
2000-02-05,MBALE,6.784068592979405E-4,0.02457759529352188,0.0
2000-02-05,MBALE,0.0,0.0,0.0
2000-02-06,SIRONKO,2.612935782403355E-6,0.002420780947431922,0.0
2000-02-06,BULAMBULI,8.837809106275338E-6,7.71875842474401E-4,0.0
2000-02-06,BUKWO,0.02422701901060525,0.25289249420166016,0.0
2000-02-06,BUTALEJA,0.0,0.0,0.0
2000-02-06,KWEEN,0.0053516332195274255,0.25289249420166016,0.0
2000-02-06,KAPCHORWA,6.813499194514802E-5,0.0015136493602767587,0.0
2000-02-06,MANAFWA,0.0037958911172323493,0.07106587290763855,0.0
2000-02-06,BUDUDA,0.0016017476378145184,0.07106587290763855,0.0
2000-02-06,MBALE,0.0,0.0,0.0
2000-02-06,MBALE,0.0,0.0,0.0
2000-02-07,SIRONKO,4.06318698548103E-6,0.003764380933716893,0.0
2000-02-07,BULAMBULI,0.0,0.0,0.0
2000-02-07,BUKWO,0.0,0.0,0.0
2000-02-07,BUTALEJA,0.06800042210203903,1.5581307411193848,0.0
2000-02-07,KWEEN,0.0,0.0,0.0
2000-02-07,KAPCHORWA,0.0,0.0,0.0
2000-02-07,MANAFWA,0.014756801904247625,0.13140390813350677,0.0
2000-02-07,BUDUDA,0.024299162860099553,0.13140390813350677,0.0
2000-02-07,MBALE,0.0,0.0,0.0
2000-02-07,MBALE,0.0,0.0,0.0
2000-02-08,SIRONKO,3.2034915000020933E-5,0.02967907302081585,0.0
2000-02-08,BULAMBULI,0.09730987628759925,1.515229344367981,0.0
2000-02-08,BUKWO,0.05157177814612854,0.3617953062057495,0.0
2000-02-08,BUTALEJA,1.7066420364291213,20.575193405151367,0.0
2000-02-08,KWEEN,0.02079315681887438,0.3617953062057495,0.0
2000-02-08,KAPCHORWA,0.002110009904329123,0.17384712398052216,0.0
2000-02-08,MANAFWA,0.28051913632369857,2.205002546310425,0.0
2000-02-08,BUDUDA,0.11538713423454969,0.49890315532684326,0.0
2000-02-08,MBALE,0.008511210116340987,0.49890315532684326,0.0
2000-02-08,MBALE,0.0,0.0,0.0
2000-02-09,SIRONKO,4.9844669007858754E-5,0.04617910087108612,0.0
2000-02-09,BULAMBULI,2.1109822560153497,13.7023344039917,0.0
2000-02-09,BUKWO,0.09542705911647463,0.6381730437278748,0.0
2000-02-09,BUTALEJA,3.9320493345381,10.529152870178223,0.0
2000-02-09,KWEEN,0.03332192671906648,0.6381730437278748,0.0
2000-02-09,KAPCHORWA,0.002080116192790035,0.2662811577320099,0.0
2000-02-09,MANAFWA,1.7305010661758515,8.200060844421387,0.0
2000-02-09,BUDUDA,0.23363588176244734,1.1678581237792969,0.0
2000-02-09,MBALE,0.011285118575658268,0.9235894083976746,0.0
2000-02-09,MBALE,0.0,0.0,0.0
2000-02-10,SIRONKO,7.883612824802653E-5,0.07303853332996368,0.0
2000-02-10,BULAMBULI,0.1903626449303913,2.036165237426758,0.0
2000-02-10,BUKWO,0.05114476620915355,0.3039981722831726,0.0
2000-02-10,BUTALEJA,0.49651595834157564,6.703332424163818,0.0
2000-02-10,KWEEN,0.01803720633298355,0.3039981722831726,0.0
2000-02-10,KAPCHORWA,0.0014812149180697676,0.1525161862373352,0.0
2000-02-10,MANAFWA,1.806270178845314,9.036336898803711,0.0
2000-02-10,BUDUDA,0.34180293338127926,1.1764768362045288,0.0
2000-02-10,MBALE,0.01630583355860511,1.1764768362045288,0.0
2000-02-10,MBALE,0.0,0.0,0.0
2000-02-11,SIRONKO,2.4016002581492803E-4,0.22249870002269745,0.0
2000-02-11,BULAMBULI,5.877634500761013E-4,0.02483157441020012,0.0
2000-02-11,BUKWO,0.28604724909637613,0.7854690551757812,0.0
2000-02-11,BUTALEJA,0.0,0.0,0.0
2000-02-11,KWEEN,0.05179000379632448,0.657174289226532,0.0
2000-02-11,KAPCHORWA,0.0050905827327918695,0.28518572449684143,0.0
2000-02-11,MANAFWA,0.20079479747394238,1.6430743932724,0.0
2000-02-11,BUDUDA,0.5142262289307479,1.6430743932724,0.0
2000-02-11,MBALE,0.02325523765622145,1.3680132627487183,0.0
2000-02-11,MBALE,0.0,0.0,0.0
2000-02-12,SIRONKO,7.096543567936041E-5,0.06574665009975433,0.0
2000-02-12,BULAMBULI,0.0,0.0,0.0
2000-02-12,BUKWO,0.05829192475077483,0.499453067779541,0.0
2000-02-12,BUTALEJA,0.0,0.0,0.0
2000-02-12,KWEEN,0.042187053645580064,0.499453067779541,0.0
2000-02-12,KAPCHORWA,0.005033852901638906,0.28518572449684143,0.0
2000-02-12,MANAFWA,0.03709441119299055,0.8821768164634705,0.0
2000-02-12,BUDUDA,0.20893601625484365,0.8821768164634705,0.0
2000-02-12,MBALE,0.01343343366669992,0.8821768164634705,0.0
2000-02-12,MBALE,0.0,0.0,0.0
2000-02-13,SIRONKO,0.0,0.0,0.0
2000-02-13,BULAMBULI,0.0,0.0,0.0
2000-02-13,BUKWO,0.05829192475077483,0.499453067779541,0.0
2000-02-13,BUTALEJA,0.0,0.0,0.0
2000-02-13,KWEEN,0.042187053645580064,0.499453067779541,0.0
2000-02-13,KAPCHORWA,0.005033852901638906,0.28518572449684143,0.0
2000-02-13,MANAFWA,0.0,0.0,0.0
2000-02-13,BUDUDA,0.0,0.0,0.0
2000-02-13,MBALE,0.0,0.0,0.0
2000-02-13,MBALE,0.0,0.0,0.0
2000-02-14,SIRONKO,1.5361267558775568E-5,0.014231602661311626,0.0
2000-02-14,BULAMBULI,1.0495777153896579E-4,0.0044342102482914925,0.0
2000-02-14,BUKWO,0.08360198672002726,0.499453067779541,0.0
2000-02-14,BUTALEJA,0.0,0.0,0.0
2000-02-14,KWEEN,0.042946003869552093,0.499453067779541,0.0
2000-02-14,KAPCHORWA,0.005043983229846327,0.28518572449684143,0.0
2000-02-14,MANAFWA,0.0012805166904693514,0.01061126310378313,0.0
2000-02-14,BUDUDA,0.0040363138461721165,0.018132004886865616,0.0
2000-02-14,MBALE,0.0,0.0,0.0
2000-02-14,MBALE,0.0,0.0,0.0
2000-02-15,SIRONKO,1.092883018188393E-4,0.1012512594461441,0.0
2000-02-15,BULAMBULI,0.005491106438543428,0.4042474329471588,0.0
2000-02-15,BUKWO,0.13134912283889622,0.7009859681129456,0.0
2000-02-15,BUTALEJA,0.0,0.0,0.0
2000-02-15,KWEEN,0.06755965409803157,0.7009859681129456,0.0
2000-02-15,KAPCHORWA,0.030577444798131046,0.45219406485557556,0.0
2000-02-15,MANAFWA,0.11857080376595158,1.7290087938308716,0.0
2000-02-15,BUDUDA,0.27765596049478114,1.7290087938308716,0.0
2000-02-15,MBALE,0.01273027511129233,1.0910013914108276,0.0
2000-02-15,MBALE,0.0,0.0,0.0
2000-02-16,SIRONKO,0.0,0.0,0.0
2000-02-16,BULAMBULI,2.019546354406765E-4,0.004150187596678734,0.0
2000-02-16,BUKWO,0.0,0.0,0.0
2000-02-16,BUTALEJA,0.0,0.0,0.0
2000-02-16,KWEEN,0.0,0.0,0.0
2000-02-16,KAPCHORWA,2.3977139610665203E-5,0.004150187596678734,0.0
2000-02-16,MANAFWA,9.887385301533005E-4,0.007953843101859093,0.0
2000-02-16,BUDUDA,3.7323654356823184E-5,0.007489767856895924,0.0
2000-02-16,MBALE,0.0,0.0,0.0
2000-02-16,MBALE,0.0,0.0,0.0
2000-02-17,SIRONKO,0.0012141005320664704,0.17652489244937897,0.0
2000-02-17,BULAMBULI,0.006008156425084032,0.20358124375343323,0.0
2000-02-17,BUKWO,0.07455167515502041,0.35017821192741394,0.0
2000-02-17,BUTALEJA,0.0,0.0,0.0
2000-02-17,KWEEN,0.014921489101273626,0.35017821192741394,0.0
2000-02-17,KAPCHORWA,0.012527569523810018,0.20358124375343323,0.0
2000-02-17,MANAFWA,0.03640361897519144,0.22950951755046844,0.0
2000-02-17,BUDUDA,0.09337082442597947,0.24070607125759125,0.0
2000-02-17,MBALE,0.00880005908401723,0.1664620041847229,0.0
2000-02-17,MBALE,0.0,0.0,0.0
2000-02-18,SIRONKO,7.74275303372329E-4,0.10696951299905777,0.0
2000-02-18,BULAMBULI,0.0028194864374272155,0.053732454776763916,0.0
2000-02-18,BUKWO,0.055855304683597375,0.16774943470954895,0.0
2000-02-18,BUTALEJA,0.0,0.0,0.0
2000-02-18,KWEEN,0.0053862344307812424,0.1636059582233429,0.0
2000-02-18,KAPCHORWA,0.0025666041619774142,0.053732454776763916,0.0
2000-02-18,MANAFWA,0.026074700992465987,0.13219377398490906,0.0
2000-02-18,BUDUDA,0.07295117897111945,0.42689329385757446,0.0
2000-02-18,MBALE,0.022540605751005156,0.42689329385757446,0.0
2000-02-18,MBALE,0.0,0.0,0.0
2000-02-19,SIRONKO,0.0023519481849062357,0.29999956488609314,0.0
2000-02-19,BULAMBULI,0.020788890548228897,0.6751046180725098,0.0
2000-02-19,BUKWO,0.6826162471614942,2.448607921600342,0.0
2000-02-19,BUTALEJA,0.0,0.0,0.0
2000-02-19,KWEEN,0.18318595169350416,2.448607921600342,0.0
2000-02-19,KAPCHORWA,0.061332165007012766,1.3411750793457031,0.0
2000-02-19,MANAFWA,0.08734394490841162,0.4366459250450134,0.0
2000-02-19,BUDUDA,0.16804763717860277,0.5658604502677917,0.0
2000-02-19,MBALE,0.01674375347680804,0.3165610134601593,0.0
2000-02-19,MBALE,0.0,0.0,0.0
2000-02-20,SIRONKO,0.0010606587845510076,0.1581430435180664,0.0
2000-02-20,BULAMBULI,0.0029321809221671243,0.07645708322525024,0.0
2000-02-20,BUKWO,0.04890683266093682,0.17782920598983765,0.0
2000-02-20,BUTALEJA,0.0,0.0,0.0
2000-02-20,KWEEN,0.007239343705181993,0.1652786284685135,0.0
2000-02-20,KAPCHORWA,0.00476247969039144,0.07645708322525024,0.0
2000-02-20,MANAFWA,0.03745518598310928,0.3516765832901001,0.0
2000-02-20,BUDUDA,0.11753224477197724,0.3516765832901001,0.0
2000-02-20,MBALE,0.013447679011314884,0.2535593509674072,0.0
2000-02-20,MBALE,0.0,0.0,0.0
2000-02-21,SIRONKO,0.0,0.0,0.0
2000-02-21,BULAMBULI,0.0,0.0,0.0
2000-02-21,BUKWO,0.0,0.0,0.0
2000-02-21,BUTALEJA,0.0,0.0,0.0
2000-02-21,KWEEN,0.0,0.0,0.0
2000-02-21,KAPCHORWA,0.0,0.0,0.0
2000-02-21,MANAFWA,0.0,0.0,0.0
2000-02-21,BUDUDA,0.0,0.0,0.0
2000-02-21,MBALE,0.0,0.0,0.0
2000-02-21,MBALE,0.0,0.0,0.0
2000-02-22,SIRONKO,0.0,0.0,0.0
2000-02-22,BULAMBULI,0.0,0.0,0.0
2000-02-22,BUKWO,0.0,0.0,0.0
2000-02-22,BUTALEJA,0.0,0.0,0.0
2000-02-22,KWEEN,0.0,0.0,0.0
2000-02-22,KAPCHORWA,0.0,0.0,0.0
2000-02-22,MANAFWA,0.0,0.0,0.0
2000-02-22,BUDUDA,0.0,0.0,0.0
2000-02-22,MBALE,0.0,0.0,0.0
2000-02-22,MBALE,0.0,0.0,0.0
2000-02-23,SIRONKO,0.0,0.0,0.0
2000-02-23,BULAMBULI,0.0,0.0,0.0
2000-02-23,BUKWO,0.0,0.0,0.0
2000-02-23,BUTALEJA,0.0,0.0,0.0
2000-02-23,KWEEN,0.0,0.0,0.0
2000-02-23,KAPCHORWA,0.0,0.0,0.0
2000-02-23,MANAFWA,0.0,0.0,0.0
2000-02-23,BUDUDA,0.0,0.0,0.0
2000-02-23,MBALE,0.0,0.0,0.0
2000-02-23,MBALE,0.0,0.0,0.0
2000-02-24,SIRONKO,0.0,0.0,0.0
2000-02-24,BULAMBULI,0.0,0.0,0.0
2000-02-24,BUKWO,0.0,0.0,0.0
2000-02-24,BUTALEJA,0.0,0.0,0.0
2000-02-24,KWEEN,0.0,0.0,0.0
2000-02-24,KAPCHORWA,0.0,0.0,0.0
2000-02-24,MANAFWA,0.0,0.0,0.0
2000-02-24,BUDUDA,0.0,0.0,0.0
2000-02-24,MBALE,0.0,0.0,0.0
2000-02-24,MBALE,0.0,0.0,0.0
2000-02-25,SIRONKO,0.0,0.0,0.0
2000-02-25,BULAMBULI,0.0,0.0,0.0
2000-02-25,BUKWO,0.0,0.0,0.0
2000-02-25,BUTALEJA,0.0,0.0,0.0
2000-02-25,KWEEN,0.0,0.0,0.0
2000-02-25,KAPCHORWA,0.0,0.0,0.0
2000-02-25,MANAFWA,0.0,0.0,0.0
2000-02-25,BUDUDA,0.0,0.0,0.0
2000-02-25,MBALE,0.0,0.0,0.0
2000-02-25,MBALE,0.0,0.0,0.0
2000-02-26,SIRONKO,0.0,0.0,0.0
2000-02-26,BULAMBULI,0.0,0.0,0.0
2000-02-26,BUKWO,0.0,0.0,0.0
2000-02-26,BUTALEJA,0.0014407769076040266,0.2660275995731354,0.0
2000-02-26,KWEEN,0.0,0.0,0.0
2000-02-26,KAPCHORWA,0.0,0.0,0.0
2000-02-26,MANAFWA,0.0,0.0,0.0
2000-02-26,BUDUDA,0.0,0.0,0.0
2000-02-26,MBALE,0.0,0.0,0.0
2000-02-26,MBALE,0.0,0.0,0.0
2000-02-27,SIRONKO,0.0,0.0,0.0
2000-02-27,BULAMBULI,0.0,0.0,0.0
2000-02-27,BUKWO,0.0,0.0,0.0
2000-02-27,BUTALEJA,0.4747995328093409,7.3270745277404785,0.0
2000-02-27,KWEEN,0.0,0.0,0.0
2000-02-27,KAPCHORWA,0.0,0.0,0.0
2000-02-27,MANAFWA,0.0,0.0,0.0
2000-02-27,BUDUDA,0.0,0.0,0.0
2000-02-27,MBALE,0.0,0.0,0.0
2000-02-27,MBALE,0.0,0.0,0.0
2000-02-28,SIRONKO,0.0,0.0,0.0
2000-02-28,BULAMBULI,0.0,0.0,0.0
2000-02-28,BUKWO,0.0,0.0,0.0
2000-02-28,BUTALEJA,3.8409940192396546,13.818129539489746,0.0
2000-02-28,KWEEN,0.0,0.0,0.0
2000-02-28,KAPCHORWA,0.0,0.0,0.0
2000-02-28,MANAFWA,0.04629801286617306,3.8691532611846924,0.0
2000-02-28,BUDUDA,0.0,0.0,0.0
2000-02-28,MBALE,0.0,0.0,0.0
2000-02-28,MBALE,0.0,0.0,0.0
2000-02-29,SIRONKO,0.0,0.0,0.0
2000-02-29,BULAMBULI,0.0,0.0,0.0
2000-02-29,BUKWO,0.0,0.0,0.0
2000-02-29,BUTALEJA,0.03784951699470404,2.9125750064849854,0.0
2000-02-29,KWEEN,0.0,0.0,0.0
2000-02-29,KAPCHORWA,0.0,0.0,0.0
2000-02-29,MANAFWA,0.011214616628324783,0.26562973856925964,0.0
2000-02-29,BUDUDA,0.0,0.0,0.0
2000-02-29,MBALE,0.0,0.0,0.0
2000-02-29,MBALE,0.0,0.0,0.0
2000-03-01,SIRONKO,0.059611122828976515,0.9496047496795654,0.0
2000-03-01,BULAMBULI,0.0,0.0,0.0
2000-03-01,BUKWO,0.0,0.0,0.0
2000-03-01,BUTALEJA,0.005579168671266106,0.06210112199187279,0.0
2000-03-01,KWEEN,0.0,0.0,0.0
2000-03-01,KAPCHORWA,0.0,0.0,0.0
2000-03-01,MANAFWA,0.1261141855440672,0.9737215638160706,0.0
2000-03-01,BUDUDA,0.3827474782806291,0.9737215638160706,0.0
2000-03-01,MBALE,0.19340945030389328,0.7087653875350952,0.0
2000-03-01,MBALE,0.4257676215624054,0.5966322422027588,0.0
2000-03-02,SIRONKO,0.0015023943393880233,0.1026335135102272,0.0
2000-03-02,BULAMBULI,0.0,0.0,0.0
2000-03-02,BUKWO,0.0,0.0,0.0
2000-03-02,BUTALEJA,0.0,0.0,0.0
2000-03-02,KWEEN,0.0,0.0,0.0
2000-03-02,KAPCHORWA,0.0,0.0,0.0
2000-03-02,MANAFWA,0.11265805699895239,0.6488019227981567,0.0
2000-03-02,BUDUDA,0.058339973522486946,0.18447913229465485,0.0
2000-03-02,MBALE,0.00963676278442563,0.13931523263454437,0.0
2000-03-02,MBALE,0.0,0.0,0.0
2000-03-03,SIRONKO,2.979550852963116E-4,0.04776863381266594,0.0
2000-03-03,BULAMBULI,0.0,0.0,0.0
2000-03-03,BUKWO,0.0,0.0,0.0
2000-03-03,BUTALEJA,0.0,0.0,0.0
2000-03-03,KWEEN,0.0,0.0,0.0
2000-03-03,KAPCHORWA,0.0,0.0,0.0
2000-03-03,MANAFWA,0.001009030234658683,0.023641228675842285,0.0
2000-03-03,BUDUDA,0.008788509831916123,0.04776863381266594,0.0
2000-03-03,MBALE,0.0,0.0,0.0
2000-03-03,MBALE,0.0,0.0,0.0
2000-03-04,SIRONKO,0.0841982005441049,0.6865501403808594,0.0
2000-03-04,BULAMBULI,0.0,0.0,0.0
2000-03-04,BUKWO,0.0,0.0,0.0
2000-03-04,BUTALEJA,0.22254748240505337,0.651293933391571,0.008079609833657742
2000-03-04,KWEEN,0.0,0.0,0.0
2000-03-04,KAPCHORWA,0.0,0.0,0.0
2000-03-04,MANAFWA,1.3315178217572432,4.942498683929443,0.0
2000-03-04,BUDUDA,0.42834096560682466,2.195399522781372,0.0
2000-03-04,MBALE,0.45181236246071865,2.271576166152954,0.0
2000-03-04,MBALE,0.35635755373602246,1.1321673393249512,0.0
2000-03-05,SIRONKO,0.16865401129341592,1.5170401334762573,0.0
2000-03-05,BULAMBULI,0.0,0.0,0.0
2000-03-05,BUKWO,0.0,0.0,0.0
2000-03-05,BUTALEJA,2.610503050039205,4.8586859703063965,0.33266666531562805
2000-03-05,KWEEN,0.0,0.0,0.0
2000-03-05,KAPCHORWA,0.0,0.0,0.0
2000-03-05,MANAFWA,1.417717480834771,3.6947319507598877,0.0
2000-03-05,BUDUDA,0.41439022130455216,1.645379900932312,0.0
2000-03-05,MBALE,2.321710000742442,4.21253776550293,0.0
2000-03-05,MBALE,2.3891336496091142,4.21253776550293,0.0
2000-03-06,SIRONKO,1.147849873643469,3.952606201171875,0.2793986201286316
2000-03-06,BULAMBULI,0.21524785992310325,1.7437421083450317,0.0
2000-03-06,BUKWO,0.10395711039420247,1.5365970134735107,0.0
2000-03-06,BUTALEJA,9.102207999725689,18.36846923828125,3.2414298057556152
2000-03-06,KWEEN,0.028448267055416507,0.9346057176589966,0.0
2000-03-06,KAPCHORWA,0.12749417295215143,0.33303627371788025,0.0
2000-03-06,MANAFWA,3.872519412185338,14.323168754577637,0.2225305289030075
2000-03-06,BUDUDA,1.4932734052786347,8.745903968811035,0.31126704812049866
2000-03-06,MBALE,7.112164127731037,15.479232788085938,0.41891106963157654
2000-03-06,MBALE,4.377023287042076,5.148929119110107,3.1854004859924316
2000-03-07,SIRONKO,2.4060844142920472,4.150032997131348,1.268073320388794
2000-03-07,BULAMBULI,1.0809806866329341,4.150032997131348,0.0
2000-03-07,BUKWO,0.4278200559121106,1.6278572082519531,0.0
2000-03-07,BUTALEJA,9.227109724155683,14.006625175476074,3.8486812114715576
2000-03-07,KWEEN,0.12150859833330002,2.1584582328796387,0.0
2000-03-07,KAPCHORWA,0.4839853139817911,2.049635171890259,0.0
2000-03-07,MANAFWA,9.579594012649386,19.01319694519043,2.7654335498809814
2000-03-07,BUDUDA,3.916706041964589,5.63364839553833,2.00083065032959
2000-03-07,MBALE,6.82580978274613,12.695511817932129,1.9228765964508057
2000-03-07,MBALE,7.697743492581042,8.492438316345215,4.5315656661987305
2000-03-08,SIRONKO,13.015723758637028,18.863666534423828,9.777372360229492
2000-03-08,BULAMBULI,8.743160601209812,16.547048568725586,0.7376107573509216
2000-03-08,BUKWO,2.8403469524345617,9.723952293395996,0.0
2000-03-08,BUTALEJA,2.8893969505917756,7.522698402404785,0.6893584728240967
2000-03-08,KWEEN,1.2714733526067055,12.307807922363281,0.0
2000-03-08,KAPCHORWA,5.272715852679449,12.514893531799316,0.7376107573509216
2000-03-08,MANAFWA,7.947459360523006,20.08536720275879,2.598179340362549
2000-03-08,BUDUDA,14.703749248278049,20.08536720275879,9.773098945617676
2000-03-08,MBALE,11.601351659651652,21.807388305664062,1.9823477268218994
2000-03-08,MBALE,14.028486747972101,21.807388305664062,7.9588775634765625
2000-03-09,SIRONKO,2.0289357141547053,5.0315399169921875,0.8725683689117432
2000-03-09,BULAMBULI,3.199413977830366,8.573025703430176,0.7922032475471497
2000-03-09,BUKWO,0.7089789556603457,2.388439178466797,0.0
2000-03-09,BUTALEJA,7.61172188775585,20.758018493652344,0.7972425222396851
2000-03-09,KWEEN,0.9646395144293728,4.527257442474365,0.0
2000-03-09,KAPCHORWA,5.20492622964536,8.65066909790039,0.7922032475471497
2000-03-09,MANAFWA,2.663807193571959,3.794050455093384,1.5846431255340576
2000-03-09,BUDUDA,2.2675575485884933,3.757394552230835,0.8725683689117432
2000-03-09,MBALE,2.527185197290883,4.162903308868408,0.7840285301208496
2000-03-09,MBALE,2.3151996953013363,4.162903308868408,1.0260448455810547
2000-03-10,SIRONKO,0.8436295112014414,3.855074882507324,0.025502700358629227
2000-03-10,BULAMBULI,0.8766661259562228,2.72450852394104,0.0
2000-03-10,BUKWO,0.8500995055400331,2.9873945713043213,0.0
2000-03-10,BUTALEJA,0.09168478878980141,0.20172983407974243,0.0
2000-03-10,KWEEN,0.4342413642237672,2.778733491897583,0.0
2000-03-10,KAPCHORWA,1.8554850443314665,3.9019033908843994,0.1971457153558731
2000-03-10,MANAFWA,1.909706082590417,5.719414710998535,0.3148782551288605
2000-03-10,BUDUDA,3.149056459451549,5.719414710998535,0.9830300211906433
2000-03-10,MBALE,0.45841285619301936,1.3462458848953247,0.038740433752536774
2000-03-10,MBALE,0.4187407686070722,0.6956942081451416,0.1978408843278885
2000-03-11,SIRONKO,0.48564329260689976,1.8184962272644043,0.0
2000-03-11,BULAMBULI,0.3767429708387021,4.997801303863525,0.0
2000-03-11,BUKWO,0.0,0.0,0.0
2000-03-11,BUTALEJA,1.102816928964382,1.8459992408752441,0.27072447538375854
2000-03-11,KWEEN,0.0,0.0,0.0
2000-03-11,KAPCHORWA,0.5828839563584955,4.997801303863525,0.0
2000-03-11,MANAFWA,1.8169024710464508,5.523128509521484,0.0
2000-03-11,BUDUDA,0.18070585162993308,0.8062463402748108,0.0
2000-03-11,MBALE,1.1210906334740727,2.5567500591278076,0.02213645540177822
2000-03-11,MBALE,2.12836281585024,2.2053050994873047,1.2373342514038086
2000-03-12,SIRONKO,1.4423644468287922,5.743948936462402,0.0
2000-03-12,BULAMBULI,2.739710247812882,8.623464584350586,0.0
2000-03-12,BUKWO,0.0,0.0,0.0
2000-03-12,BUTALEJA,12.51720755899359,17.689382553100586,5.352761268615723
2000-03-12,KWEEN,0.09798521656922113,4.05757999420166,0.0
2000-03-12,KAPCHORWA,0.815949012463421,3.3658666610717773,0.0
2000-03-12,MANAFWA,2.2751352168822256,8.065850257873535,0.0
2000-03-12,BUDUDA,0.8525430753384206,4.223996639251709,0.0
2000-03-12,MBALE,5.234226907151091,8.065850257873535,0.11226345598697662
2000-03-12,MBALE,5.423488492324311,5.798573970794678,2.8593363761901855
2000-03-13,SIRONKO,0.2390431991873769,2.692937135696411,0.0
2000-03-13,BULAMBULI,0.010157687055243881,0.414840966463089,0.0
2000-03-13,BUKWO,0.0,0.0,0.0
2000-03-13,BUTALEJA,0.04614625598558405,0.782036304473877,0.0
2000-03-13,KWEEN,0.0,0.0,0.0
2000-03-13,KAPCHORWA,0.0,0.0,0.0
2000-03-13,MANAFWA,0.883552943297689,3.755695104598999,0.0
2000-03-13,BUDUDA,1.519116620419765,5.999996185302734,0.0
2000-03-13,MBALE,2.49787953551982,9.540908813476562,0.0
2000-03-13,MBALE,2.3526278846002344,4.050229549407959,0.3479040861129761
2000-03-14,SIRONKO,0.09856828986304585,0.6084655523300171,0.0
2000-03-14,BULAMBULI,0.016358053900137844,0.22710826992988586,0.0
2000-03-14,BUKWO,0.0,0.0,0.0
2000-03-14,BUTALEJA,0.022555720280768406,0.5042473077774048,0.0
2000-03-14,KWEEN,0.0,0.0,0.0
2000-03-14,KAPCHORWA,0.005740549348051687,0.04199833795428276,0.0
2000-03-14,MANAFWA,0.2702194101466151,0.9715671539306641,0.0
2000-03-14,BUDUDA,0.24323437001116666,0.6084655523300171,0.0
2000-03-14,MBALE,0.20322468482970002,0.6084655523300171,0.0
2000-03-14,MBALE,0.17945602838128777,0.1997242271900177,0.0
2000-03-15,SIRONKO,0.6579731997747643,2.7659802436828613,0.0
2000-03-15,BULAMBULI,0.43246172219853196,2.6223788261413574,0.0
2000-03-15,BUKWO,0.0,0.0,0.0
2000-03-15,BUTALEJA,10.968891856423532,23.562896728515625,1.59678316116333
2000-03-15,KWEEN,0.1853115956335863,2.2529635429382324,0.0
2000-03-15,KAPCHORWA,0.40736396854684137,1.7783411741256714,0.0
2000-03-15,MANAFWA,0.6614144996673997,2.1702051162719727,0.0
2000-03-15,BUDUDA,0.589399889305232,1.2977259159088135,0.0
2000-03-15,MBALE,1.5517337230522121,5.1502838134765625,0.10040462017059326
2000-03-15,MBALE,2.414413960665766,2.495866298675537,1.3936927318572998
2000-03-16,SIRONKO,5.338625446604455,16.263050079345703,0.6928399205207825
2000-03-16,BULAMBULI,10.21601287804309,20.79069709777832,1.5645033121109009
2000-03-16,BUKWO,0.9763066487387302,6.145689487457275,0.0
2000-03-16,BUTALEJA,9.959892173805116,25.067445755004883,0.8325619101524353
2000-03-16,KWEEN,4.2307005510503135,12.314705848693848,0.0
2000-03-16,KAPCHORWA,7.837711423467559,18.902416229248047,0.9661025404930115
2000-03-16,MANAFWA,4.390278784506354,14.415990829467773,0.8579221963882446
2000-03-16,BUDUDA,4.254843274684653,7.248394012451172,2.4933061599731445
2000-03-16,MBALE,1.9545519643069795,8.544297218322754,0.6928399205207825
2000-03-16,MBALE,1.398431211048351,1.999268889427185,0.9074335694313049
2000-03-17,SIRONKO,2.819863530995169,7.136802673339844,0.3827068507671356
2000-03-17,BULAMBULI,2.4307748847929855,9.329566955566406,0.08102765679359436
2000-03-17,BUKWO,3.71121038563264,6.872280597686768,0.0
2000-03-17,BUTALEJA,12.29622643091617,19.314708709716797,7.00644588470459
2000-03-17,KWEEN,2.584416797780809,12.097786903381348,0.0
2000-03-17,KAPCHORWA,7.029490691022428,15.965906143188477,1.402237892150879
2000-03-17,MANAFWA,14.441591277573721,23.43113899230957,3.1659014225006104
2000-03-17,BUDUDA,5.611209442547764,14.923542022705078,3.1659014225006104
2000-03-17,MBALE,11.85758696500205,19.47332000732422,1.3862329721450806
2000-03-17,MBALE,8.968577817729434,9.808156967163086,2.9523634910583496
2000-03-18,SIRONKO,7.995234023487346,20.877578735351562,1.767829418182373
2000-03-18,BULAMBULI,2.7752307833723475,10.11095905303955,0.0
2000-03-18,BUKWO,2.7576938926486427,9.740074157714844,0.0
2000-03-18,BUTALEJA,1.052477731156364,3.61195707321167,0.012605050578713417
2000-03-18,KWEEN,1.2448746339254149,9.740074157714844,0.0
2000-03-18,KAPCHORWA,2.7516769445784055,10.11095905303955,0.0
2000-03-18,MANAFWA,2.5838843601497135,9.273272514343262,0.6305182576179504
2000-03-18,BUDUDA,8.906056627898693,13.911264419555664,5.122360706329346
2000-03-18,MBALE,10.669332086043983,26.907079696655273,1.1190800666809082
2000-03-18,MBALE,16.460901324203345,26.907079696655273,8.284475326538086
2000-03-19,SIRONKO,8.068514756890377,16.489437103271484,1.7328485250473022
2000-03-19,BULAMBULI,5.9616054090320905,15.305429458618164,0.0
2000-03-19,BUKWO,1.6217126990054207,10.433525085449219,0.0
2000-03-19,BUTALEJA,1.7805029626330828,6.578066825866699,0.15751171112060547
2000-03-19,KWEEN,1.8244365612238373,8.463920593261719,0.0
2000-03-19,KAPCHORWA,6.395611896901934,14.755846977233887,1.3248759508132935
2000-03-19,MANAFWA,7.283992080644707,20.094139099121094,0.5060533881187439
2000-03-19,BUDUDA,12.094580974159102,20.094139099121094,3.7529735565185547
2000-03-19,MBALE,2.6393267871425707,20.094139099121094,0.15751171112060547
2000-03-19,MBALE,1.259860819163682,2.193049907684326,0.5349743366241455
2000-03-20,SIRONKO,3.7517900322080653,17.88848304748535,0.0
2000-03-20,BULAMBULI,0.87099183014392,17.88848304748535,0.0
2000-03-20,BUKWO,0.3348971415403911,4.728616237640381,0.0
2000-03-20,BUTALEJA,0.0,0.0,0.0
2000-03-20,KWEEN,0.2455700218930241,5.998606204986572,0.0
2000-03-20,KAPCHORWA,0.12416179545444257,3.5866942405700684,0.0
2000-03-20,MANAFWA,0.9604903291937061,5.271700859069824,0.0
2000-03-20,BUDUDA,5.6900726340732355,17.88848304748535,0.6418851017951965
2000-03-20,MBALE,0.32636858947550407,3.9248714447021484,0.0
2000-03-20,MBALE,0.1816866267721831,0.25908362865448,0.0
2000-03-21,SIRONKO,0.0,0.0,0.0
2000-03-21,BULAMBULI,0.0,0.0,0.0
2000-03-21,BUKWO,0.0,0.0,0.0
2000-03-21,BUTALEJA,0.0,0.0,0.0
2000-03-21,KWEEN,0.0,0.0,0.0
2000-03-21,KAPCHORWA,0.0,0.0,0.0
2000-03-21,MANAFWA,0.0,0.0,0.0
2000-03-21,BUDUDA,0.0,0.0,0.0
2000-03-21,MBALE,0.0,0.0,0.0
2000-03-21,MBALE,0.0,0.0,0.0
2000-03-22,SIRONKO,0.0,0.0,0.0
2000-03-22,BULAMBULI,0.0,0.0,0.0
2000-03-22,BUKWO,0.0,0.0,0.0
2000-03-22,BUTALEJA,1.1418251078937947E-4,0.03785156086087227,0.0
2000-03-22,KWEEN,0.0,0.0,0.0
2000-03-22,KAPCHORWA,0.0,0.0,0.0
2000-03-22,MANAFWA,0.0,0.0,0.0
2000-03-22,BUDUDA,0.0,0.0,0.0
2000-03-22,MBALE,0.0,0.0,0.0
2000-03-22,MBALE,0.0,0.0,0.0
2000-03-23,SIRONKO,0.0,0.0,0.0
2000-03-23,BULAMBULI,0.0,0.0,0.0
2000-03-23,BUKWO,0.0,0.0,0.0
2000-03-23,BUTALEJA,0.013551814731267,0.09862031787633896,0.0
2000-03-23,KWEEN,0.0,0.0,0.0
2000-03-23,KAPCHORWA,0.0,0.0,0.0
2000-03-23,MANAFWA,0.0,0.0,0.0
2000-03-23,BUDUDA,0.0,0.0,0.0
2000-03-23,MBALE,0.0,0.0,0.0
2000-03-23,MBALE,0.0,0.0,0.0
2000-03-24,SIRONKO,0.0,0.0,0.0
2000-03-24,BULAMBULI,0.0,0.0,0.0
2000-03-24,BUKWO,0.0,0.0,0.0
2000-03-24,BUTALEJA,0.11551837827145572,0.7229101061820984,0.0
2000-03-24,KWEEN,0.0,0.0,0.0
2000-03-24,KAPCHORWA,0.0,0.0,0.0
2000-03-24,MANAFWA,0.14269919646918172,0.904910147190094,0.0
2000-03-24,BUDUDA,0.0,0.0,0.0
2000-03-24,MBALE,1.7323198617731452E-4,0.06288469582796097,0.0
2000-03-24,MBALE,0.0,0.0,0.0
2000-03-25,SIRONKO,0.0,0.0,0.0
2000-03-25,BULAMBULI,0.0,0.0,0.0
2000-03-25,BUKWO,0.0,0.0,0.0
2000-03-25,BUTALEJA,2.3134038924525924,7.328328609466553,0.0
2000-03-25,KWEEN,0.0,0.0,0.0
2000-03-25,KAPCHORWA,0.0,0.0,0.0
2000-03-25,MANAFWA,0.6720407361568815,4.7986836433410645,0.0
2000-03-25,BUDUDA,0.0,0.0,0.0
2000-03-25,MBALE,6.778440155009093E-4,0.24606318771839142,0.0
2000-03-25,MBALE,0.0,0.0,0.0
2000-03-26,SIRONKO,1.9224537488262772,3.474730968475342,0.7427018284797668
2000-03-26,BULAMBULI,2.872693219951538,5.403690338134766,0.7672743797302246
2000-03-26,BUKWO,0.7283398338969951,2.7873246669769287,0.0
2000-03-26,BUTALEJA,3.2508080781345576,9.772265434265137,1.2469679117202759
2000-03-26,KWEEN,1.4757438591764236,4.768304347991943,0.0
2000-03-26,KAPCHORWA,2.681342708217992,4.470987319946289,1.932797908782959
2000-03-26,MANAFWA,4.6731363496813305,9.474811553955078,0.6883308291435242
2000-03-26,BUDUDA,1.70836257517072,4.5046706199646,0.6883308291435242
2000-03-26,MBALE,2.349799201002343,3.7588486671447754,1.1574985980987549
2000-03-26,MBALE,2.3296738370275176,2.4281158447265625,1.488903522491455
2000-03-27,SIRONKO,0.6203799394410462,1.6496886014938354,0.0
2000-03-27,BULAMBULI,0.4264399921048711,2.1450371742248535,0.0
2000-03-27,BUKWO,0.2140221148269641,2.1450371742248535,0.0
2000-03-27,BUTALEJA,0.0,0.0,0.0
2000-03-27,KWEEN,0.14394845200534254,2.1450371742248535,0.0
2000-03-27,KAPCHORWA,0.25882987493384274,2.1450371742248535,0.0
2000-03-27,MANAFWA,0.04490327180656596,0.22853119671344757,0.0
2000-03-27,BUDUDA,0.3289651165240669,1.6496886014938354,0.0
2000-03-27,MBALE,0.07266519728788019,1.5272190570831299,0.0
2000-03-27,MBALE,0.0,0.0,0.0
2000-03-28,SIRONKO,0.8539799025720124,5.722356796264648,0.0
2000-03-28,BULAMBULI,0.2949200049894101,5.722356796264648,0.0
2000-03-28,BUKWO,0.317545284675743,1.6946748495101929,0.0
2000-03-28,BUTALEJA,0.12521681527988193,1.1366963386535645,0.0
2000-03-28,KWEEN,0.10035045651609502,1.6946748495101929,0.0
2000-03-28,KAPCHORWA,0.10569446248751285,1.252268671989441,0.0
2000-03-28,MANAFWA,0.8985080974938113,3.373979091644287,0.0
2000-03-28,BUDUDA,2.144959359586245,5.722356796264648,0.8511378765106201
2000-03-28,MBALE,0.5421000570511683,3.373979091644287,0.0
2000-03-28,MBALE,0.28878837382409345,0.7525802254676819,0.0
2000-03-29,SIRONKO,3.3716801729558936,4.820964813232422,1.2303279638290405
2000-03-29,BULAMBULI,1.3287898804219394,3.903913974761963,0.0
2000-03-29,BUKWO,0.4858946953673862,2.160618782043457,0.0
2000-03-29,BUTALEJA,1.6932685200564541,5.892683506011963,0.0
2000-03-29,KWEEN,0.2829235279407804,2.160618782043457,0.0
2000-03-29,KAPCHORWA,1.1348440383364298,3.528392791748047,0.0
2000-03-29,MANAFWA,0.5738597972414349,3.734912872314453,0.0849614217877388
2000-03-29,BUDUDA,2.44165025621752,3.734912872314453,0.9813423156738281
2000-03-29,MBALE,2.5426673482141124,5.335446834564209,0.20365583896636963
2000-03-29,MBALE,4.758157394775332,5.335446834564209,2.703488349914551
2000-03-30,SIRONKO,2.0153518157884562,3.319737434387207,0.1832684725522995
2000-03-30,BULAMBULI,2.300385409590902,5.273035049438477,0.37086808681488037
2000-03-30,BUKWO,0.2499017630636699,1.2643308639526367,0.0
2000-03-30,BUTALEJA,2.531481941075895,7.592001438140869,0.05762195587158203
2000-03-30,KWEEN,0.6262164766341412,2.835906982421875,0.0
2000-03-30,KAPCHORWA,3.2922304996882956,5.273035049438477,0.6492244005203247
2000-03-30,MANAFWA,0.9466859979512925,1.999212622642517,0.0
2000-03-30,BUDUDA,1.5614441641821664,2.7767763137817383,0.8972057700157166
2000-03-30,MBALE,0.9571478420685895,2.611693859100342,0.06421878933906555
2000-03-30,MBALE,0.4845780660995774,0.935536801815033,0.13293933868408203
2000-03-31,SIRONKO,5.145966859025072,9.984375,2.013270854949951
2000-03-31,BULAMBULI,5.753692997738128,12.182840347290039,1.5321694612503052
2000-03-31,BUKWO,0.83837095320241,4.586567401885986,0.0
2000-03-31,BUTALEJA,3.5142561595642463,6.823697090148926,0.05035967007279396
2000-03-31,KWEEN,4.7427748989723115,12.182840347290039,0.0
2000-03-31,KAPCHORWA,5.861348963799865,10.22252368927002,1.5321694612503052
2000-03-31,MANAFWA,1.8840574805434998,6.4071526527404785,0.19770266115665436
2000-03-31,BUDUDA,4.45566658314626,7.555577278137207,2.013270854949951
2000-03-31,MBALE,4.674027680948663,8.071547508239746,0.3916377127170563
2000-03-31,MBALE,5.587907271411658,7.357114791870117,2.9689137935638428
2000-04-01,SIRONKO,3.328600237669925,6.092697620391846,1.4454456567764282
2000-04-01,BULAMBULI,0.9320325913740998,3.973708391189575,0.0
2000-04-01,BUKWO,0.5982882344814427,2.8767220973968506,0.0
2000-04-01,BUTALEJA,17.0517248774656,29.32538604736328,2.5723936557769775
2000-04-01,KWEEN,0.24844223218673156,2.9896349906921387,0.0
2000-04-01,KAPCHORWA,0.43913075618300207,2.718034029006958,0.0
2000-04-01,MANAFWA,5.07907843492316,10.471551895141602,1.5140230655670166
2000-04-01,BUDUDA,5.725924968280398,11.476019859313965,2.9896349906921387
2000-04-01,MBALE,10.833072735982867,16.104934692382812,3.5146405696868896
2000-04-01,MBALE,10.933932577983796,13.071998596191406,6.205878734588623
2000-04-02,SIRONKO,1.1700525224379643,1.569710612297058,0.8088251948356628
2000-04-02,BULAMBULI,0.46826197991643953,1.4904630184173584,0.0
2000-04-02,BUKWO,0.4545287985964042,1.0815240144729614,0.0
2000-04-02,BUTALEJA,0.6081348074533645,1.7071055173873901,0.0
2000-04-02,KWEEN,0.11899615424819088,1.094026803970337,0.0
2000-04-02,KAPCHORWA,0.34599857264593165,1.0297915935516357,0.10326603055000305
2000-04-02,MANAFWA,0.7337287286373679,1.0493463277816772,0.2963988184928894
2000-04-02,BUDUDA,1.0845452874909978,1.4904630184173584,0.8872703313827515
2000-04-02,MBALE,1.2358615563459396,2.087169885635376,0.2963988184928894
2000-04-02,MBALE,1.7998275423104413,2.087169885635376,1.3550814390182495
2000-04-03,SIRONKO,2.423182006028129,5.406641006469727,0.8571218252182007
2000-04-03,BULAMBULI,6.911759016782251,13.197166442871094,1.4327392578125
2000-04-03,BUKWO,0.619622310624007,1.5219364166259766,0.04110376164317131
2000-04-03,BUTALEJA,1.9422396649367109,9.465620994567871,0.24877086281776428
2000-04-03,KWEEN,3.1940518196250034,8.854466438293457,0.4275661110877991
2000-04-03,KAPCHORWA,5.307285838271425,11.265819549560547,1.4327392578125
2000-04-03,MANAFWA,0.5358032640809266,1.4551562070846558,0.1264074742794037
2000-04-03,BUDUDA,1.1258297267592348,1.7382503747940063,0.5321443676948547
2000-04-03,MBALE,1.075822341307983,3.2369539737701416,0.13218267261981964
2000-04-03,MBALE,1.6104808549183551,2.1563446521759033,1.0431956052780151
2000-04-04,SIRONKO,5.690420033207757,12.049520492553711,3.858992338180542
2000-04-04,BULAMBULI,5.501459755152449,12.049520492553711,1.3754955530166626
2000-04-04,BUKWO,5.192671418111392,6.994453430175781,2.2476742267608643
2000-04-04,BUTALEJA,5.490662945440882,13.551915168762207,1.2517569065093994
2000-04-04,KWEEN,4.3794911146961555,6.418550491333008,2.3243319988250732
2000-04-04,KAPCHORWA,6.083501231110634,9.798446655273438,3.657975673675537
2000-04-04,MANAFWA,8.977228707943164,14.6237154006958,4.30912446975708
2000-04-04,BUDUDA,5.547442983009889,7.863386154174805,3.92987060546875
2000-04-04,MBALE,5.809895291275552,11.390113830566406,3.147137403488159
2000-04-04,MBALE,5.333668654470167,6.807543754577637,3.853084087371826
2000-04-05,SIRONKO,7.750916799122065,14.319607734680176,4.459449768066406
2000-04-05,BULAMBULI,9.850003239891551,15.992789268493652,5.523859024047852
2000-04-05,BUKWO,7.888594332879181,12.161376953125,3.8421201705932617
2000-04-05,BUTALEJA,12.03997335896531,32.389591217041016,0.9433687329292297
2000-04-05,KWEEN,4.690037059748678,11.353426933288574,1.468569040298462
2000-04-05,KAPCHORWA,9.083655048402624,15.092131614685059,5.399008750915527
2000-04-05,MANAFWA,9.443142934133387,13.287529945373535,4.52321720123291
2000-04-05,BUDUDA,9.754495476715576,12.170559883117676,6.278218746185303
2000-04-05,MBALE,4.541809393451012,9.813605308532715,0.9433687329292297
2000-04-05,MBALE,3.8325732867584636,7.499145030975342,1.298028588294983
2000-04-06,SIRONKO,2.5900214089102946,4.291693210601807,0.7755578756332397
2000-04-06,BULAMBULI,1.7429213438930977,4.291693210601807,0.12475362420082092
2000-04-06,BUKWO,2.971924697692495,4.237308025360107,0.594306468963623
2000-04-06,BUTALEJA,0.05304633907333592,0.30715981125831604,0.0
2000-04-06,KWEEN,1.085951702615102,4.028390884399414,0.06106219440698624
2000-04-06,KAPCHORWA,1.2916777791818628,3.81463623046875,0.45327118039131165
2000-04-06,MANAFWA,0.9652020379466482,1.775039553642273,0.4521772265434265
2000-04-06,BUDUDA,2.018804252084025,3.964858055114746,0.9785714745521545
2000-04-06,MBALE,0.8550312860526036,2.8541061878204346,0.06686506420373917
2000-04-06,MBALE,0.7530624291455477,1.2790766954421997,0.2523050308227539
2000-04-07,SIRONKO,1.7684880844961899,3.2791695594787598,0.6258965730667114
2000-04-07,BULAMBULI,1.5066788186715652,3.1666693687438965,0.5873109102249146
2000-04-07,BUKWO,1.4343959526607046,3.220278024673462,0.8616654872894287
2000-04-07,BUTALEJA,19.28545884187298,29.673049926757812,6.811158180236816
2000-04-07,KWEEN,1.879451384009314,5.610971927642822,0.9412456154823303
2000-04-07,KAPCHORWA,1.3112979140586234,2.4831907749176025,0.89289790391922
2000-04-07,MANAFWA,4.794835934318328,12.992189407348633,0.8282656073570251
2000-04-07,BUDUDA,2.1328766869234164,5.302266597747803,0.8688512444496155
2000-04-07,MBALE,6.462259029523561,13.360260009765625,1.564426064491272
2000-04-07,MBALE,5.282820691947177,5.528751850128174,3.569260597229004
2000-04-08,SIRONKO,15.623068731914499,20.544740676879883,10.577247619628906
2000-04-08,BULAMBULI,20.247286328404876,24.10630989074707,12.851425170898438
2000-04-08,BUKWO,20.07685701892669,26.62841033935547,10.87182903289795
2000-04-08,BUTALEJA,2.0552191651591065,10.626855850219727,0.021511811763048172
2000-04-08,KWEEN,19.428267797035975,26.62841033935547,13.39712142944336
2000-04-08,KAPCHORWA,19.661953766377792,23.144620895385742,17.198402404785156
2000-04-08,MANAFWA,8.138805811198893,13.422170639038086,4.1420135498046875
2000-04-08,BUDUDA,12.898808141045162,19.683155059814453,7.704649925231934
2000-04-08,MBALE,7.467848614648125,15.11132526397705,2.260319709777832
2000-04-08,MBALE,8.435597658235187,12.827878952026367,4.038631439208984
2000-04-09,SIRONKO,3.9091583816287123,5.736783027648926,2.279048204421997
2000-04-09,BULAMBULI,7.393156201042221,15.824145317077637,2.710777521133423
2000-04-09,BUKWO,1.390776369098979,4.693772315979004,0.27700942754745483
2000-04-09,BUTALEJA,5.315433127080846,13.533385276794434,1.281054973602295
2000-04-09,KWEEN,6.79691235277362,15.824145317077637,1.8752208948135376
2000-04-09,KAPCHORWA,6.600966620163741,10.005958557128906,4.004506587982178
2000-04-09,MANAFWA,8.7909705504115,14.225303649902344,3.068979263305664
2000-04-09,BUDUDA,4.739594159016177,8.752477645874023,2.368957281112671
2000-04-09,MBALE,4.092432113921711,6.831457138061523,1.589164137840271
2000-04-09,MBALE,4.0751048953479465,6.255551815032959,2.0585832595825195
2000-04-10,SIRONKO,10.822149188990634,16.88120460510254,7.543905258178711
2000-04-10,BULAMBULI,5.251726913820866,10.40775203704834,1.7760462760925293
2000-04-10,BUKWO,3.7004348227802333,9.388575553894043,1.1669747829437256
2000-04-10,BUTALEJA,11.484446001904166,16.413972854614258,8.106785774230957
2000-04-10,KWEEN,2.39347316283722,9.680734634399414,0.2718973159790039
2000-04-10,KAPCHORWA,4.279397524490578,8.521400451660156,2.5760080814361572
2000-04-10,MANAFWA,14.412259706519393,18.910852432250977,8.458301544189453
2000-04-10,BUDUDA,15.78620902349914,20.369808197021484,9.680734634399414
2000-04-10,MBALE,16.214061300955326,22.626169204711914,8.806264877319336
2000-04-10,MBALE,20.05713209995366,22.232547760009766,15.301119804382324
2000-04-11,SIRONKO,2.5401823020001886,3.596034526824951,1.5955606698989868
2000-04-11,BULAMBULI,2.3200790000195153,3.675589084625244,1.1211398839950562
2000-04-11,BUKWO,3.858439566838452,6.711943626403809,1.1352993249893188
2000-04-11,BUTALEJA,2.449204645271174,5.183795928955078,0.5915388464927673
2000-04-11,KWEEN,1.8411944427965081,4.824250221252441,0.3198820948600769
2000-04-11,KAPCHORWA,2.615530005721128,3.9633936882019043,1.2613290548324585
2000-04-11,MANAFWA,2.712416874116366,3.7911183834075928,1.5139235258102417
2000-04-11,BUDUDA,2.17132585423483,3.465137004852295,1.5139235258102417
2000-04-11,MBALE,3.0597897552623294,5.367349147796631,2.046008348464966
2000-04-11,MBALE,4.254032649442802,5.367349147796631,2.633124828338623
2000-04-12,SIRONKO,0.3471442015454982,0.7857070565223694,0.1446172147989273
2000-04-12,BULAMBULI,0.45340821213122356,2.2289927005767822,0.0
2000-04-12,BUKWO,0.5582972222568859,1.742956280708313,0.0
2000-04-12,BUTALEJA,1.8166547635715615,19.35445785522461,0.0
2000-04-12,KWEEN,0.17408179382980285,1.4043149948120117,0.0
2000-04-12,KAPCHORWA,1.3251967952785517,2.3854124546051025,0.22862321138381958
2000-04-12,MANAFWA,0.7118629783073396,2.442159414291382,0.0
2000-04-12,BUDUDA,0.2953191593257549,0.7191193699836731,0.13856282830238342
2000-04-12,MBALE,0.20915092441693015,0.6568405628204346,0.0
2000-04-12,MBALE,0.49048529536144986,0.5874502062797546,0.3700072169303894
2000-04-13,SIRONKO,1.6578719062095317,2.9018988609313965,0.7591421604156494
2000-04-13,BULAMBULI,1.9256478536366655,3.5430760383605957,0.2738906145095825
2000-04-13,BUKWO,0.7769853408994205,2.6488397121429443,0.0
2000-04-13,BUTALEJA,0.45254008476303464,1.5459940433502197,0.10861919075250626
2000-04-13,KWEEN,0.6525915396579054,3.408997058868408,0.011734243482351303
2000-04-13,KAPCHORWA,0.8519931793045541,2.905587673187256,0.044936444610357285
2000-04-13,MANAFWA,1.7267848838540953,4.3496623039245605,0.10774914175271988
2000-04-13,BUDUDA,1.6964679115868229,2.4062535762786865,1.070282220840454
2000-04-13,MBALE,0.9934203608474608,2.2840609550476074,0.25022396445274353
2000-04-13,MBALE,1.163008443784994,2.2840609550476074,0.28113895654678345
2000-04-14,SIRONKO,4.71251178572565,6.644016742706299,3.5011470317840576
2000-04-14,BULAMBULI,3.6051197084368556,6.040836334228516,1.799368143081665
2000-04-14,BUKWO,1.702090898265791,3.9943552017211914,0.49854418635368347
2000-04-14,BUTALEJA,10.356416445288211,22.850637435913086,4.39623498916626
2000-04-14,KWEEN,2.441196532180996,6.040836334228516,0.45952606201171875
2000-04-14,KAPCHORWA,3.1154526823323394,4.767756938934326,1.789252519607544
2000-04-14,MANAFWA,11.697232525794014,19.006750106811523,6.441688060760498
2000-04-14,BUDUDA,6.872080302414095,9.233198165893555,4.8204779624938965
2000-04-14,MBALE,6.5376078924691745,12.128070831298828,4.010940074920654
2000-04-14,MBALE,7.911814890303257,10.027909278869629,4.939741134643555
2000-04-15,SIRONKO,5.499938871644383,11.506545066833496,2.70892596244812
2000-04-15,BULAMBULI,12.264108973036954,18.284597396850586,4.889503002166748
2000-04-15,BUKWO,10.736247109923877,15.311441421508789,7.467116832733154
2000-04-15,BUTALEJA,2.6933945037408265,4.93733549118042,0.0
2000-04-15,KWEEN,9.768391634410571,18.284597396850586,4.77263069152832
2000-04-15,KAPCHORWA,11.909619286915468,16.270263671875,7.293771743774414
2000-04-15,MANAFWA,2.8687591601311873,6.710689067840576,1.3855420351028442
2000-04-15,BUDUDA,2.7422509934161425,5.3427414894104,1.8871463537216187
2000-04-15,MBALE,3.1464276030369644,5.972467422485352,1.5802924633026123
2000-04-15,MBALE,4.623330391430208,5.972467422485352,2.9034688472747803
2000-04-16,SIRONKO,5.3049395236031645,8.40552043914795,3.008650779724121
2000-04-16,BULAMBULI,3.9552183293352945,8.673511505126953,0.011179901659488678
2000-04-16,BUKWO,2.699016087394389,6.345111846923828,0.5490999817848206
2000-04-16,BUTALEJA,2.412411212534309,9.60560131072998,0.53203284740448
2000-04-16,KWEEN,2.0902062381466533,8.673511505126953,0.0
2000-04-16,KAPCHORWA,3.6604226477712176,6.456076145172119,0.8471501469612122
2000-04-16,MANAFWA,6.035010097125101,8.881237983703613,3.5273966789245605
2000-04-16,BUDUDA,7.2766571756753455,8.777111053466797,5.5423994064331055
2000-04-16,MBALE,4.4159723954441965,8.777111053466797,1.4292888641357422
2000-04-16,MBALE,4.396245542671648,7.302615642547607,2.511732339859009
2000-04-17,SIRONKO,7.153387015211355,15.146668434143066,0.5567063093185425
2000-04-17,BULAMBULI,11.26345022537184,19.85333251953125,0.6845272183418274
2000-04-17,BUKWO,3.1082113445567305,7.288159370422363,0.26665276288986206
2000-04-17,BUTALEJA,0.46800900477986584,2.456800699234009,0.06163801997900009
2000-04-17,KWEEN,5.881390823679826,10.507426261901855,0.7161386013031006
2000-04-17,KAPCHORWA,11.067005323076621,17.19330596923828,3.5857837200164795
2000-04-17,MANAFWA,0.12619269900139854,0.6764515042304993,0.0
2000-04-17,BUDUDA,0.5932054847805872,2.2448651790618896,0.14513683319091797
2000-04-17,MBALE,1.856039450399105,12.311942100524902,0.002999628661200404
2000-04-17,MBALE,3.4755647706316064,5.237642288208008,3.0611791610717773
2000-04-18,SIRONKO,0.9411469894163941,2.487295389175415,0.0
2000-04-18,BULAMBULI,1.536325341070218,3.5577573776245117,0.0
2000-04-18,BUKWO,2.1695011393292165,4.157052993774414,0.1097506508231163
2000-04-18,BUTALEJA,1.5349038448983694,3.2862131595611572,0.1255529224872589
2000-04-18,KWEEN,0.8460316991815132,4.157052993774414,0.0
2000-04-18,KAPCHORWA,2.322224770560414,3.5577573776245117,0.7186554670333862
2000-04-18,MANAFWA,0.4505326654542539,1.4696662425994873,0.0
2000-04-18,BUDUDA,1.0128465161710827,1.7401140928268433,0.39268216490745544
2000-04-18,MBALE,0.9461715024300337,2.8743984699249268,0.0
2000-04-18,MBALE,1.2264001556580026,2.0553178787231445,0.0
2000-04-19,SIRONKO,1.5299468140719281,3.2905874252319336,0.0
2000-04-19,BULAMBULI,1.3789883605884454,4.397226810455322,0.0
2000-04-19,BUKWO,0.5508117963822372,4.397226810455322,0.0
2000-04-19,BUTALEJA,0.08263716749956222,2.2621214389801025,0.0
2000-04-19,KWEEN,0.7090245427238341,4.397226810455322,0.0
2000-04-19,KAPCHORWA,2.0191777091023457,4.397226810455322,0.0
2000-04-19,MANAFWA,0.20306434549317592,1.4647973775863647,0.0
2000-04-19,BUDUDA,1.244143694872237,3.2905874252319336,0.0828881785273552
2000-04-19,MBALE,0.07170086837489438,0.9280189275741577,0.0
2000-04-19,MBALE,0.0,0.0,0.0
2000-04-20,SIRONKO,2.646927684141853,6.078332901000977,0.7679192423820496
2000-04-20,BULAMBULI,0.5918460838399477,2.7853188514709473,0.0
2000-04-20,BUKWO,0.17127914162557586,1.5125267505645752,0.0
2000-04-20,BUTALEJA,0.7905809006595642,3.7118194103240967,0.0
2000-04-20,KWEEN,0.20445490132118413,2.6155660152435303,0.0
2000-04-20,KAPCHORWA,0.16349505481129487,2.2334706783294678,0.0
2000-04-20,MANAFWA,0.2662381170965056,0.7139179110527039,0.0
2000-04-20,BUDUDA,0.9264500431160211,2.6155660152435303,0.3137396275997162
2000-04-20,MBALE,1.7955174405749164,6.078332901000977,0.0
2000-04-20,MBALE,3.368726388481057,3.9445319175720215,2.7150285243988037
2000-04-21,SIRONKO,1.3385136850687094,3.3675312995910645,0.6204434037208557
2000-04-21,BULAMBULI,0.6269026491067825,3.3675312995910645,0.0
2000-04-21,BUKWO,0.18843530600238412,1.9091631174087524,0.0
2000-04-21,BUTALEJA,1.4876303195386202,5.425503730773926,0.0
2000-04-21,KWEEN,0.14025565338604484,3.3675312995910645,0.0
2000-04-21,KAPCHORWA,0.40276716053547235,2.0331358909606934,0.004968359600752592
2000-04-21,MANAFWA,1.3272044617181076,4.180472373962402,0.1319197118282318
2000-04-21,BUDUDA,1.6133356547331106,3.3675312995910645,0.4280746877193451
2000-04-21,MBALE,0.7743620125677909,2.5171759128570557,0.1319197118282318
2000-04-21,MBALE,1.1425454556124683,1.607486367225647,0.9640282988548279
2000-04-22,SIRONKO,20.21263529445668,27.441869735717773,12.121935844421387
2000-04-22,BULAMBULI,18.401986955172465,22.629579544067383,12.121935844421387
2000-04-22,BUKWO,13.728851442295474,17.859716415405273,9.062504768371582
2000-04-22,BUTALEJA,4.967275983238704,14.973228454589844,1.6379762887954712
2000-04-22,KWEEN,13.851501555102594,22.040359497070312,8.632675170898438
2000-04-22,KAPCHORWA,16.755773352811996,19.53170394897461,14.686932563781738
2000-04-22,MANAFWA,11.541747766403176,25.60544776916504,0.44750142097473145
2000-04-22,BUDUDA,18.461643281115215,24.803768157958984,10.497299194335938
2000-04-22,MBALE,17.954908504282148,35.23246383666992,2.038691282272339
2000-04-22,MBALE,22.211275556528836,35.23246383666992,11.830995559692383
2000-04-23,SIRONKO,6.031625869199214,14.023533821105957,2.827953815460205
2000-04-23,BULAMBULI,7.534060094901167,14.023533821105957,4.811411380767822
2000-04-23,BUKWO,6.7152867353359955,14.099322319030762,2.8686845302581787
2000-04-23,BUTALEJA,2.4651541962708436,7.057764053344727,0.3625066578388214
2000-04-23,KWEEN,5.972204670083893,14.099322319030762,3.5322320461273193
2000-04-23,KAPCHORWA,7.304127492181383,11.743192672729492,5.139371871948242
2000-04-23,MANAFWA,3.7727284677570605,8.122750282287598,0.5175312161445618
2000-04-23,BUDUDA,6.099248037718159,14.023533821105957,1.960982322692871
2000-04-23,MBALE,2.0490870276796036,4.623799800872803,0.5175312161445618
2000-04-23,MBALE,2.480975855186878,2.669199228286743,2.0866565704345703
2000-04-24,SIRONKO,6.99262515310003,14.632047653198242,4.032016277313232
2000-04-24,BULAMBULI,8.648594972741659,14.632047653198242,4.91640567779541
2000-04-24,BUKWO,4.10614712922161,11.260485649108887,1.3045845031738281
2000-04-24,BUTALEJA,10.936911570497006,23.534494400024414,0.5451923608779907
2000-04-24,KWEEN,6.228555650722856,11.978208541870117,2.5255987644195557
2000-04-24,KAPCHORWA,8.799705700175396,11.978208541870117,4.91640567779541
2000-04-24,MANAFWA,1.9946385969425806,4.44182014465332,0.5066016316413879
2000-04-24,BUDUDA,4.435149537132595,6.493683815002441,1.9057073593139648
2000-04-24,MBALE,3.450430065377265,7.33977746963501,1.1023670434951782
2000-04-24,MBALE,3.1613119837897607,3.506556272506714,2.576601505279541
2000-04-25,SIRONKO,3.139837433443745,7.7215895652771,1.2438361644744873
2000-04-25,BULAMBULI,3.515303000958937,7.7215895652771,1.2991706132888794
2000-04-25,BUKWO,2.1753086835280953,8.044268608093262,0.5902417302131653
2000-04-25,BUTALEJA,11.443935961071489,21.768678665161133,4.784109115600586
2000-04-25,KWEEN,4.799117478318382,8.292012214660645,1.0946024656295776
2000-04-25,KAPCHORWA,3.1227557014375456,4.271631240844727,1.6762142181396484
2000-04-25,MANAFWA,9.316312295191468,18.692110061645508,3.3846118450164795
2000-04-25,BUDUDA,5.107243105512716,7.7215895652771,2.503347158432007
2000-04-25,MBALE,5.861830393052027,11.897716522216797,1.9008413553237915
2000-04-25,MBALE,6.532129831458866,7.450142860412598,3.4329793453216553
2000-04-26,SIRONKO,18.328582888636106,29.0975399017334,10.12704086303711
2000-04-26,BULAMBULI,23.2627545186417,30.9071044921875,12.714128494262695
2000-04-26,BUKWO,25.190009055448915,36.895843505859375,9.495499610900879
2000-04-26,BUTALEJA,8.728505397030254,19.87352752685547,2.753469228744507
2000-04-26,KWEEN,27.777451081931794,36.895843505859375,21.31691551208496
2000-04-26,KAPCHORWA,22.553052085766684,30.824485778808594,14.61042308807373
2000-04-26,MANAFWA,34.92846837132547,43.44704818725586,26.67555046081543
2000-04-26,BUDUDA,28.22615218280609,35.88960266113281,21.907602310180664
2000-04-26,MBALE,22.497771662597952,34.39663314819336,10.740909576416016
2000-04-26,MBALE,24.78998221628735,30.887910842895508,15.692560195922852
2000-04-27,SIRONKO,25.585147616318736,35.50162124633789,16.959075927734375
2000-04-27,BULAMBULI,15.603810315077979,31.382883071899414,6.218745231628418
2000-04-27,BUKWO,5.1802344901559385,19.622779846191406,0.7486979961395264
2000-04-27,BUTALEJA,18.075033389045345,28.732336044311523,0.9341320395469666
2000-04-27,KWEEN,7.747090185702218,22.105253219604492,2.264944553375244
2000-04-27,KAPCHORWA,14.678991829776129,25.608205795288086,7.449441909790039
2000-04-27,MANAFWA,24.203177887254633,41.695770263671875,6.762502193450928
2000-04-27,BUDUDA,29.22261852504917,41.695770263671875,18.53287696838379
2000-04-27,MBALE,29.488847429934967,52.0764274597168,9.527610778808594
2000-04-27,MBALE,35.47056662907913,52.0764274597168,18.521596908569336
2000-04-28,SIRONKO,1.9767303728416235,5.105480670928955,0.8782893419265747
2000-04-28,BULAMBULI,3.7210644335900502,15.333109855651855,0.046081945300102234
2000-04-28,BUKWO,4.202961932885173,9.22176742553711,1.9219945669174194
2000-04-28,BUTALEJA,2.1991626510151905,7.707990646362305,0.6191463470458984
2000-04-28,KWEEN,8.366223357669783,15.461177825927734,3.435025453567505
2000-04-28,KAPCHORWA,3.798833470551683,9.410506248474121,2.3372678756713867
2000-04-28,MANAFWA,4.375063052340699,6.45441198348999,1.9100732803344727
2000-04-28,BUDUDA,3.1995593447695265,5.906506538391113,1.9100732803344727
2000-04-28,MBALE,4.284575822350025,7.707990646362305,0.7214516401290894
2000-04-28,MBALE,2.8510680017208996,3.7707252502441406,0.9603992104530334
2000-04-29,SIRONKO,7.080366118838559,19.84058380126953,2.6854026317596436
2000-04-29,BULAMBULI,2.623383320999161,19.84058380126953,0.0
2000-04-29,BUKWO,1.9621471296695223,5.846100807189941,0.0
2000-04-29,BUTALEJA,8.949248331641241,12.321990966796875,4.209834575653076
2000-04-29,KWEEN,0.8826174546871979,6.3633527755737305,0.0
2000-04-29,KAPCHORWA,2.0518698969305467,4.952209949493408,0.0
2000-04-29,MANAFWA,13.216168270135885,21.221426010131836,7.779714107513428
2000-04-29,BUDUDA,16.757702259862718,21.221426010131836,6.3633527755737305
2000-04-29,MBALE,9.270532090594498,17.730289459228516,4.728028774261475
2000-04-29,MBALE,9.194591524551942,9.822065353393555,6.712284564971924
2000-04-30,SIRONKO,18.916690859255795,24.365747451782227,12.995558738708496
2000-04-30,BULAMBULI,21.679594381372304,28.76202964782715,12.405439376831055
2000-04-30,BUKWO,7.187149184034476,16.821386337280273,1.3043922185897827
2000-04-30,BUTALEJA,27.37689711216554,44.61016082763672,16.177490234375
2000-04-30,KWEEN,9.986217128243394,20.044464111328125,2.280564069747925
2000-04-30,KAPCHORWA,16.96670480852066,27.643468856811523,11.919254302978516
2000-04-30,MANAFWA,10.021992498501344,20.244892120361328,2.227827787399292
2000-04-30,BUDUDA,16.339787401243253,20.38019371032715,13.40708065032959
2000-04-30,MBALE,18.766245914376455,27.84446907043457,6.25784969329834
2000-04-30,MBALE,27.080077578575445,27.84446907043457,21.767030715942383
2000-05-01,SIRONKO,24.474674358034502,34.05934143066406,17.534162521362305
2000-05-01,BULAMBULI,32.37225222622446,39.69209671020508,17.796573638916016
2000-05-01,BUKWO,18.748840235444337,33.533836364746094,10.5564546585083
2000-05-01,BUTALEJA,20.67658692781556,24.706436157226562,16.59610939025879
2000-05-01,KWEEN,32.866524212228974,41.75475311279297,17.796573638916016
2000-05-01,KAPCHORWA,35.823735198857285,41.75475311279297,22.387258529663086
2000-05-01,MANAFWA,21.43215778509171,27.76988983154297,14.52731990814209
2000-05-01,BUDUDA,20.442430962500207,25.601926803588867,14.52731990814209
2000-05-01,MBALE,24.034061892039578,35.227294921875,17.625774383544922
2000-05-01,MBALE,28.9643731757079,35.227294921875,17.967397689819336
2000-05-02,SIRONKO,7.0386593955216075,12.067584991455078,3.1961669921875
2000-05-02,BULAMBULI,5.787292917965233,13.988283157348633,1.6397165060043335
2000-05-02,BUKWO,3.809985972433593,13.988283157348633,1.4919463396072388
2000-05-02,BUTALEJA,3.0643532499332764,7.765196323394775,0.3552444279193878
2000-05-02,KWEEN,5.409285274277162,13.988283157348633,1.7590364217758179
2000-05-02,KAPCHORWA,5.388186324783826,13.988283157348633,1.6397165060043335
2000-05-02,MANAFWA,9.558905519750999,16.266267776489258,5.195319652557373
2000-05-02,BUDUDA,12.300489305785726,16.266267776489258,7.208426475524902
2000-05-02,MBALE,8.131574470080189,12.368596076965332,4.616791725158691
2000-05-02,MBALE,9.339812544098175,11.170153617858887,5.994886875152588
2000-05-03,SIRONKO,8.952703092302974,20.14095687866211,3.062190055847168
2000-05-03,BULAMBULI,8.630181727747509,20.14095687866211,2.4137818813323975
2000-05-03,BUKWO,17.182738575401775,19.63899040222168,13.56620979309082
2000-05-03,BUTALEJA,4.361508741073611,9.46718692779541,1.4377294778823853
2000-05-03,KWEEN,9.744047798938903,20.14095687866211,2.8421638011932373
2000-05-03,KAPCHORWA,10.18575070311665,18.864091873168945,5.0023369789123535
2000-05-03,MANAFWA,6.7903029680091604,13.721965789794922,3.241678237915039
2000-05-03,BUDUDA,11.921668915571786,20.14095687866211,5.517256736755371
2000-05-03,MBALE,5.0293004572366655,9.361311912536621,1.8726756572723389
2000-05-03,MBALE,5.369781364539929,7.949620246887207,2.571939468383789
2000-05-04,SIRONKO,5.319150706525862,11.05212116241455,2.124645471572876
2000-05-04,BULAMBULI,6.761352127584641,12.313371658325195,3.2582244873046875
2000-05-04,BUKWO,7.610046715829386,22.024038314819336,0.49102044105529785
2000-05-04,BUTALEJA,0.7415177107684295,2.3973586559295654,0.1176811009645462
2000-05-04,KWEEN,4.758972757869258,17.635181427001953,0.0888097882270813
2000-05-04,KAPCHORWA,8.56525094895774,14.556657791137695,4.048669815063477
2000-05-04,MANAFWA,4.142679985174746,7.086492538452148,2.3729896545410156
2000-05-04,BUDUDA,5.624612989045022,11.05212116241455,2.51041316986084
2000-05-04,MBALE,2.456155570487155,4.975221157073975,0.5343399047851562
2000-05-04,MBALE,2.4664889301033215,3.5912392139434814,1.1373306512832642
2000-05-05,SIRONKO,8.22398076927392,10.45561408996582,1.362748384475708
2000-05-05,BULAMBULI,6.506666211439141,10.216483116149902,1.362748384475708
2000-05-05,BUKWO,8.090713852396858,19.077957153320312,1.6662052869796753
2000-05-05,BUTALEJA,2.118989988737593,6.648509502410889,0.6700023412704468
2000-05-05,KWEEN,4.068332996866211,8.182878494262695,1.362748384475708
2000-05-05,KAPCHORWA,5.846819004810086,9.580364227294922,2.8318490982055664
2000-05-05,MANAFWA,7.335400059677131,10.52570915222168,2.357961416244507
2000-05-05,BUDUDA,8.456524943791061,10.52570915222168,1.362748384475708
2000-05-05,MBALE,8.165567293719416,11.787856101989746,2.357961416244507
2000-05-05,MBALE,9.378791048368752,11.654864311218262,5.806396007537842
2000-05-06,SIRONKO,5.828710747103327,10.792742729187012,1.995064377784729
2000-05-06,BULAMBULI,5.591186007420565,12.005505561828613,1.0337443351745605
2000-05-06,BUKWO,5.416014666821027,11.173745155334473,2.0258474349975586
2000-05-06,BUTALEJA,1.046726862670627,5.152144432067871,0.05391936004161835
2000-05-06,KWEEN,3.3538500002285816,11.173745155334473,0.5235818028450012
2000-05-06,KAPCHORWA,6.6815060306062835,11.403599739074707,2.7462360858917236
2000-05-06,MANAFWA,5.568053841872139,8.813796997070312,1.0538930892944336
2000-05-06,BUDUDA,4.685427735996996,10.33547592163086,2.380443572998047
2000-05-06,MBALE,2.0330144844044815,6.078697681427002,0.6992773413658142
2000-05-06,MBALE,1.9424266823261267,2.9975521564483643,0.8724794983863831
2000-05-07,SIRONKO,15.407018983237716,25.663999557495117,8.660685539245605
2000-05-07,BULAMBULI,20.01804887966075,32.598388671875,8.49604606628418
2000-05-07,BUKWO,2.8062803591746683,8.49604606628418,0.25910133123397827
2000-05-07,BUTALEJA,12.919043042679478,20.686737060546875,7.805887222290039
2000-05-07,KWEEN,11.18120943701848,29.168025970458984,0.5426639914512634
2000-05-07,KAPCHORWA,18.940925617763753,31.34217643737793,8.49604606628418
2000-05-07,MANAFWA,13.465508252888894,24.119768142700195,8.148065567016602
2000-05-07,BUDUDA,12.47289286211632,19.20154571533203,7.5806803703308105
2000-05-07,MBALE,16.30481020748401,29.981605529785156,7.805887222290039
2000-05-07,MBALE,21.793991560411342,29.981605529785156,11.62690258026123
2000-05-08,SIRONKO,8.627968279362777,15.380376815795898,4.088781356811523
2000-05-08,BULAMBULI,8.270108925510534,22.267234802246094,1.9475090503692627
2000-05-08,BUKWO,8.027551206928514,15.662111282348633,0.4263741374015808
2000-05-08,BUTALEJA,0.9711544219042845,5.797496318817139,0.0
2000-05-08,KWEEN,7.130096038087184,20.385969161987305,1.9475090503692627
2000-05-08,KAPCHORWA,12.077003778173463,21.18437385559082,3.628021240234375
2000-05-08,MANAFWA,3.7586307872938627,9.753962516784668,0.4642433822154999
2000-05-08,BUDUDA,8.169289198926258,10.962453842163086,5.147271633148193
2000-05-08,MBALE,7.984967822515448,15.07622241973877,1.0079214572906494
2000-05-08,MBALE,11.378930462679362,15.07622241973877,6.649283409118652
2000-05-09,SIRONKO,16.43912632496108,30.456209182739258,13.695542335510254
2000-05-09,BULAMBULI,20.257491942104192,31.031496047973633,10.93621826171875
2000-05-09,BUKWO,28.693975698510766,42.21477508544922,9.6346435546875
2000-05-09,BUTALEJA,8.297770787321321,17.018455505371094,3.775433301925659
2000-05-09,KWEEN,30.673829888470706,43.91278839111328,13.585735321044922
2000-05-09,KAPCHORWA,21.004212555180093,33.331764221191406,10.93621826171875
2000-05-09,MANAFWA,11.142566021715663,23.52643585205078,6.3464460372924805
2000-05-09,BUDUDA,16.938759469065005,30.456209182739258,7.93347692489624
2000-05-09,MBALE,13.167793030753955,18.370155334472656,7.39155912399292
2000-05-09,MBALE,18.010221718729927,18.370155334472656,13.803430557250977
2000-05-10,SIRONKO,11.354250046026971,20.011825561523438,3.031425714492798
2000-05-10,BULAMBULI,10.576508118094406,22.248138427734375,0.9622249603271484
2000-05-10,BUKWO,17.7025041735915,29.838836669921875,6.323530673980713
2000-05-10,BUTALEJA,1.5864649301067966,10.123259544372559,0.02083601802587509
2000-05-10,KWEEN,9.41465076985322,31.681156158447266,0.5715970993041992
2000-05-10,KAPCHORWA,15.28736368758366,22.162132263183594,4.493599891662598
2000-05-10,MANAFWA,11.766614718224872,21.161239624023438,6.153268337249756
2000-05-10,BUDUDA,16.559324833666967,21.161239624023438,11.09714412689209
2000-05-10,MBALE,8.318095494083027,21.161239624023438,3.310580015182495
2000-05-10,MBALE,8.99317879027648,10.06413745880127,6.101107597351074
2000-05-11,SIRONKO,4.648054562643568,9.317116737365723,0.9963659644126892
2000-05-11,BULAMBULI,6.870198123197085,11.826749801635742,0.9963659644126892
2000-05-11,BUKWO,18.063172567857606,31.801467895507812,5.798223495483398
2000-05-11,BUTALEJA,6.652255524981318,23.453184127807617,2.3291051387786865
2000-05-11,KWEEN,13.550558336723194,31.801467895507812,2.6970019340515137
2000-05-11,KAPCHORWA,10.04139173732269,15.118619918823242,5.684884071350098
2000-05-11,MANAFWA,7.14234713286038,15.034293174743652,3.441636323928833
2000-05-11,BUDUDA,3.284821828657762,4.620424270629883,0.9963659644126892
2000-05-11,MBALE,4.875598985759474,8.160163879394531,2.9071242809295654
2000-05-11,MBALE,6.631045218818606,6.893532752990723,4.9734578132629395
2000-05-12,SIRONKO,12.66403524378489,22.98891258239746,6.217584133148193
2000-05-12,BULAMBULI,21.720922630230902,28.613983154296875,12.24836540222168
2000-05-12,BUKWO,16.83518161141799,34.43619155883789,9.272278785705566
2000-05-12,BUTALEJA,3.424034305061787,7.803279399871826,0.0
2000-05-12,KWEEN,18.46028888637252,34.43619155883789,5.523524284362793
2000-05-12,KAPCHORWA,24.95247885849482,29.73945426940918,18.319721221923828
2000-05-12,MANAFWA,8.318129911736056,13.101051330566406,3.101594924926758
2000-05-12,BUDUDA,10.31480463151517,14.455119132995605,4.760255813598633
2000-05-12,MBALE,5.935591829074263,9.729268074035645,3.6938400268554688
2000-05-12,MBALE,7.670307593060754,7.9021196365356445,5.486388206481934
2000-05-13,SIRONKO,13.099269856294352,18.54290008544922,6.92634391784668
2000-05-13,BULAMBULI,9.908419141545767,18.54290008544922,4.176153659820557
2000-05-13,BUKWO,10.355396232329092,17.464637756347656,7.664823532104492
2000-05-13,BUTALEJA,2.1087578809505656,4.261266708374023,0.053873464465141296
2000-05-13,KWEEN,13.541200012978267,24.393606185913086,5.298145294189453
2000-05-13,KAPCHORWA,8.909261491754457,16.940336227416992,5.298145294189453
2000-05-13,MANAFWA,2.984943246242606,7.9244256019592285,1.2686958312988281
2000-05-13,BUDUDA,7.740949335359648,14.124954223632812,2.420433282852173
2000-05-13,MBALE,4.053743863081754,13.11090087890625,1.2092543840408325
2000-05-13,MBALE,5.9671910324791,7.67623233795166,3.2756898403167725
2000-05-14,SIRONKO,11.35278344094236,19.01385498046875,5.049489974975586
2000-05-14,BULAMBULI,10.224008637027822,23.53627586364746,2.128446578979492
2000-05-14,BUKWO,7.3694832675169,12.027318954467773,4.2534613609313965
2000-05-14,BUTALEJA,6.843849769219176,12.22980785369873,1.5815855264663696
2000-05-14,KWEEN,5.888254136417413,18.62710189819336,0.6237556338310242
2000-05-14,KAPCHORWA,14.830139475849734,23.53627586364746,4.3158040046691895
2000-05-14,MANAFWA,16.54157696736235,29.801559448242188,7.954194068908691
2000-05-14,BUDUDA,18.203020188659963,24.87864112854004,8.398656845092773
2000-05-14,MBALE,13.52267767937295,26.50608253479004,2.4650118350982666
2000-05-14,MBALE,13.229156504415275,24.71258544921875,4.640122413635254
2000-05-15,SIRONKO,4.575514525972747,8.15778923034668,2.1395745277404785
2000-05-15,BULAMBULI,3.839496631970912,9.18260383605957,0.03802350535988808
2000-05-15,BUKWO,1.8528820424308587,5.0308356285095215,0.4163365066051483
2000-05-15,BUTALEJA,1.6554673985366775,5.7004899978637695,0.0
2000-05-15,KWEEN,2.2104146469083847,7.608654022216797,0.0
2000-05-15,KAPCHORWA,5.963250870789497,9.18260383605957,1.492966890335083
2000-05-15,MANAFWA,1.4412161765023894,2.603013277053833,0.4225744307041168
2000-05-15,BUDUDA,2.4672567088927635,3.7655181884765625,1.6311347484588623
2000-05-15,MBALE,1.9396980807233142,4.71743106842041,0.7775577306747437
2000-05-15,MBALE,2.4911522569120845,3.2006783485412598,1.4096806049346924
2000-05-16,SIRONKO,2.739198967490488,13.070597648620605,0.0
2000-05-16,BULAMBULI,12.523000705089983,35.67237854003906,0.0
2000-05-16,BUKWO,1.880884457711319,6.9399285316467285,0.0
2000-05-16,BUTALEJA,16.171538834456847,36.30836486816406,4.276053428649902
2000-05-16,KWEEN,13.789542514505365,40.955204010009766,0.0
2000-05-16,KAPCHORWA,11.121239466797842,40.955204010009766,0.9765046238899231
2000-05-16,MANAFWA,15.397968540834759,26.067201614379883,9.366389274597168
2000-05-16,BUDUDA,12.709428995478717,19.562891006469727,2.356855630874634
2000-05-16,MBALE,9.953411838921621,20.928455352783203,0.0
2000-05-16,MBALE,10.675049563268411,20.928455352783203,1.5834460258483887
2000-05-17,SIRONKO,0.9792265334088568,5.534101963043213,0.0
2000-05-17,BULAMBULI,0.8329586125994503,5.0244598388671875,0.0
2000-05-17,BUKWO,0.2956562995479453,1.8107866048812866,0.0
2000-05-17,BUTALEJA,0.4431161912107787,6.200838565826416,0.0
2000-05-17,KWEEN,0.49282001518163526,4.17293643951416,0.0
2000-05-17,KAPCHORWA,1.9866691346129954,5.591261386871338,0.0
2000-05-17,MANAFWA,6.161137629494278,9.982139587402344,1.0944082736968994
2000-05-17,BUDUDA,4.252772216426714,9.982139587402344,0.7645521759986877
2000-05-17,MBALE,3.5202561548662326,7.7778825759887695,0.0
2000-05-17,MBALE,6.4612737377990594,7.22883939743042,1.1641619205474854
2000-05-18,SIRONKO,0.6821804944774188,3.3142755031585693,0.0
2000-05-18,BULAMBULI,0.5905849844618909,2.04866886138916,0.0
2000-05-18,BUKWO,0.32859799334292183,1.734847068786621,0.0
2000-05-18,BUTALEJA,4.93471968678088,12.632594108581543,0.012621903792023659
2000-05-18,KWEEN,0.1194286610119867,1.734847068786621,0.0
2000-05-18,KAPCHORWA,0.4760213824353093,1.8167617321014404,0.0
2000-05-18,MANAFWA,4.08487104558748,8.548885345458984,1.0580105781555176
2000-05-18,BUDUDA,3.3323277090797774,8.548885345458984,0.5569909811019897
2000-05-18,MBALE,2.074349978999203,4.605080604553223,0.0
2000-05-18,MBALE,1.8796881331003765,4.605080604553223,0.17419978976249695
2000-05-19,SIRONKO,0.15480354089116968,1.216836929321289,0.0
2000-05-19,BULAMBULI,0.12887851714533982,0.7369445562362671,0.0
2000-05-19,BUKWO,0.11915479376148722,0.7369445562362671,0.0
2000-05-19,BUTALEJA,0.06696801717933565,0.46015268564224243,0.0
2000-05-19,KWEEN,0.04451264019353191,0.7369445562362671,0.0
2000-05-19,KAPCHORWA,0.0789748289186549,0.7369445562362671,0.0
2000-05-19,MANAFWA,0.6099378575441967,2.1454830169677734,0.0
2000-05-19,BUDUDA,1.0806415534460765,2.1454830169677734,0.17136728763580322
2000-05-19,MBALE,0.5463881031362129,1.500699520111084,0.0
2000-05-19,MBALE,0.7016023714977117,1.3895914554595947,0.10400675982236862
2000-05-20,SIRONKO,0.5511744967278648,1.9248148202896118,0.0
2000-05-20,BULAMBULI,0.5830088175288531,2.368403196334839,0.0
2000-05-20,BUKWO,0.22443914923198985,1.5634243488311768,0.0
2000-05-20,BUTALEJA,3.0871300045317414,11.145389556884766,0.17177803814411163
2000-05-20,KWEEN,0.10978395448193938,1.5634243488311768,0.0
2000-05-20,KAPCHORWA,0.4528699549220986,2.106872797012329,0.0
2000-05-20,MANAFWA,2.144196113464336,3.960355043411255,0.5531870126724243
2000-05-20,BUDUDA,1.530755758721376,3.960355043411255,0.3952385485172272
2000-05-20,MBALE,0.7989393096808126,2.1558327674865723,0.0
2000-05-20,MBALE,0.6921210777935174,1.5248026847839355,0.08193057030439377
2000-05-21,SIRONKO,1.0375630045624762,3.200951337814331,0.08139064162969589
2000-05-21,BULAMBULI,0.20087892375831984,1.0276659727096558,0.0
2000-05-21,BUKWO,0.2787451229499502,1.3160550594329834,0.0
2000-05-21,BUTALEJA,1.0271220000337782,3.2020227909088135,0.11217568814754486
2000-05-21,KWEEN,0.07970318173963223,1.3160550594329834,0.0
2000-05-21,KAPCHORWA,0.09187698857741651,1.0276659727096558,0.0
2000-05-21,MANAFWA,3.3322750834445056,5.056219577789307,0.8132140040397644
2000-05-21,BUDUDA,2.10516085126538,4.213840961456299,0.7815455794334412
2000-05-21,MBALE,3.171141015673045,5.061319351196289,0.21977190673351288
2000-05-21,MBALE,2.9590283658159664,4.806301593780518,1.82996666431427
2000-05-22,SIRONKO,0.5215668105795284,1.404976725578308,0.11404639482498169
2000-05-22,BULAMBULI,0.20056694871716169,0.7576815485954285,0.0
2000-05-22,BUKWO,0.24154804074018146,1.0713386535644531,0.0
2000-05-22,BUTALEJA,3.14880964342769E-5,0.07231176644563675,0.0
2000-05-22,KWEEN,0.0637776685586053,1.0713386535644531,0.0
2000-05-22,KAPCHORWA,0.08213581063122982,0.7576815485954285,0.0
2000-05-22,MANAFWA,0.902739477026936,1.5260181427001953,0.3063041865825653
2000-05-22,BUDUDA,1.0812055661553002,1.5260181427001953,0.5927650332450867
2000-05-22,MBALE,0.25935132734690225,1.404976725578308,0.0
2000-05-22,MBALE,0.05532678550852988,0.1321178525686264,0.0
2000-05-23,SIRONKO,1.1214596184531913,3.098938226699829,0.09873619675636292
2000-05-23,BULAMBULI,0.3925640767627703,2.706110715866089,0.0
2000-05-23,BUKWO,0.06990639990603205,0.5386804342269897,0.0
2000-05-23,BUTALEJA,0.06150188851290319,1.6434006690979004,0.0
2000-05-23,KWEEN,0.06762394502728987,0.5386804342269897,0.0
2000-05-23,KAPCHORWA,0.23886258259298598,1.2525126934051514,0.0
2000-05-23,MANAFWA,1.7042238002358454,4.419009685516357,0.5093094110488892
2000-05-23,BUDUDA,2.448033814964996,4.419009685516357,0.35138335824012756
2000-05-23,MBALE,0.9892156367336544,3.098938226699829,0.0
2000-05-23,MBALE,1.0674554906150617,1.3123369216918945,0.5896731019020081
2000-05-24,SIRONKO,0.8805746135203587,2.951016664505005,0.0
2000-05-24,BULAMBULI,1.2087841205039969,4.479112148284912,0.0
2000-05-24,BUKWO,0.2267008385034752,0.8545723557472229,0.0
2000-05-24,BUTALEJA,0.1184546764444582,1.7542649507522583,0.0
2000-05-24,KWEEN,0.7191748123441767,3.169645309448242,0.0
2000-05-24,KAPCHORWA,0.9752534352528959,4.479112148284912,0.0
2000-05-24,MANAFWA,0.5953880003285914,2.3436739444732666,0.0
2000-05-24,BUDUDA,1.530047032279669,2.6399152278900146,0.5204485058784485
2000-05-24,MBALE,2.018119634591665,4.348643779754639,0.0
2000-05-24,MBALE,4.026031409413683,4.348643779754639,3.6422336101531982
2000-05-25,SIRONKO,3.5975465530634763,6.897886276245117,0.9987587332725525
2000-05-25,BULAMBULI,5.211331263733601,11.610865592956543,0.7161966562271118
2000-05-25,BUKWO,3.0881378415653384,9.734017372131348,0.7837596535682678
2000-05-25,BUTALEJA,2.851881218149391,4.6773881912231445,1.5595977306365967
2000-05-25,KWEEN,6.457194316771124,13.544458389282227,1.3015345335006714
2000-05-25,KAPCHORWA,9.67823104287524,13.659923553466797,3.6783816814422607
2000-05-25,MANAFWA,1.397704182848876,3.8597609996795654,0.07608074694871902
2000-05-25,BUDUDA,2.4329303657776475,5.169406414031982,0.585851788520813
2000-05-25,MBALE,4.07052990943014,6.879040718078613,1.1076780557632446
2000-05-25,MBALE,4.059016725964846,6.632064342498779,2.434279680252075
2000-05-26,SIRONKO,1.5487901127632187,4.527712345123291,0.6198729872703552
2000-05-26,BULAMBULI,2.8463229121916243,7.390179634094238,0.0
2000-05-26,BUKWO,0.7260132749042155,7.390179634094238,0.0
2000-05-26,BUTALEJA,0.48650006773828686,1.8256984949111938,0.0
2000-05-26,KWEEN,4.8055471510998515,13.037862777709961,0.4734332263469696
2000-05-26,KAPCHORWA,3.963075125257372,7.390179634094238,0.5900048613548279
2000-05-26,MANAFWA,1.4664740368823301,4.560776233673096,0.1756715327501297
2000-05-26,BUDUDA,3.3502212457614333,4.788207530975342,1.4875574111938477
2000-05-26,MBALE,1.4801288359981652,3.2772269248962402,0.4122505486011505
2000-05-26,MBALE,1.5956513099992662,1.8315105438232422,0.8138018846511841
2000-05-27,SIRONKO,1.4256370632340343,3.0838534832000732,0.7499541640281677
2000-05-27,BULAMBULI,1.6243905186733585,7.580659866333008,0.0
2000-05-27,BUKWO,0.20599234846191936,1.458587884902954,0.0
2000-05-27,BUTALEJA,0.2093792079108018,2.8819215297698975,0.0
2000-05-27,KWEEN,0.1007943248087664,1.458587884902954,0.0
2000-05-27,KAPCHORWA,0.4826166428612081,1.458587884902954,0.0
2000-05-27,MANAFWA,3.3560464010419278,9.789931297302246,0.6304824352264404
2000-05-27,BUDUDA,2.9296667212568472,3.9831109046936035,0.7546186447143555
2000-05-27,MBALE,2.0252495536806796,9.789931297302246,0.5584027171134949
2000-05-27,MBALE,1.2931453898923677,1.5987285375595093,0.9826990365982056
2000-05-28,SIRONKO,2.401105242188744,8.319644927978516,0.6009848117828369
2000-05-28,BULAMBULI,0.804681953610823,7.851849555969238,0.0
2000-05-28,BUKWO,4.5440906847202385,11.391633033752441,0.0
2000-05-28,BUTALEJA,6.533595003868927,18.230154037475586,0.43330010771751404
2000-05-28,KWEEN,1.6059410039544484,9.239789962768555,0.0
2000-05-28,KAPCHORWA,1.5765576553799148,5.006758689880371,0.0
2000-05-28,MANAFWA,11.39506769083999,22.819961547851562,5.8828349113464355
2000-05-28,BUDUDA,7.173483631959771,10.615243911743164,3.9469571113586426
2000-05-28,MBALE,4.309784710037112,9.000920295715332,0.18817418813705444
2000-05-28,MBALE,2.0366496969643197,2.447857618331909,0.47355085611343384
2000-05-29,SIRONKO,3.603560431622565,6.501360893249512,1.1631325483322144
2000-05-29,BULAMBULI,2.320426496237586,8.09241771697998,0.0
2000-05-29,BUKWO,3.3667175653865726,11.247625350952148,0.0
2000-05-29,BUTALEJA,2.4185851547950894,5.7856292724609375,0.7737221121788025
2000-05-29,KWEEN,1.4571059213634752,8.536848068237305,0.0
2000-05-29,KAPCHORWA,3.099371641929633,6.571471214294434,0.5154864192008972
2000-05-29,MANAFWA,10.997117614015593,21.664081573486328,2.565558671951294
2000-05-29,BUDUDA,6.848552960444459,10.51198959350586,3.018474817276001
2000-05-29,MBALE,3.1598117669031227,9.012361526489258,1.1631325483322144
2000-05-29,MBALE,2.439243859805743,3.003692626953125,1.337043285369873
2000-05-30,SIRONKO,21.857857862526792,38.71061325073242,4.634665012359619
2000-05-30,BULAMBULI,32.04501818847958,49.192256927490234,9.123867988586426
2000-05-30,BUKWO,15.207531529209222,28.76233673095703,1.071170687675476
2000-05-30,BUTALEJA,11.244699313954424,24.37238121032715,3.956308603286743
2000-05-30,KWEEN,24.996020347523732,41.11892318725586,9.123867988586426
2000-05-30,KAPCHORWA,32.1436591855475,41.11892318725586,9.123867988586426
2000-05-30,MANAFWA,10.868997902714886,17.259408950805664,3.752429962158203
2000-05-30,BUDUDA,11.413791327417757,17.259408950805664,4.063265323638916
2000-05-30,MBALE,11.712851279019446,36.14097595214844,3.752429962158203
2000-05-30,MBALE,17.697921515600846,29.97488784790039,6.766808986663818
2000-05-31,SIRONKO,18.526011608819566,40.47536087036133,7.654223918914795
2000-05-31,BULAMBULI,6.251674112698525,20.667856216430664,0.0
2000-05-31,BUKWO,1.5568709195377066,14.95052433013916,0.0
2000-05-31,BUTALEJA,18.669764880989867,37.89013671875,7.187735557556152
2000-05-31,KWEEN,1.7235440953613814,16.03907585144043,0.0
2000-05-31,KAPCHORWA,4.301789578285606,14.95052433013916,0.16163881123065948
2000-05-31,MANAFWA,29.785136388278687,49.08655548095703,16.719608306884766
2000-05-31,BUDUDA,38.074822300478445,53.65391159057617,16.03907585144043
2000-05-31,MBALE,35.127981423534145,53.65391159057617,13.528937339782715
2000-05-31,MBALE,35.89600770005672,37.55432891845703,23.806360244750977
2000-06-01,SIRONKO,0.054972112866668185,0.28028976917266846,0.0
2000-06-01,BULAMBULI,0.22197432640615028,0.5039429664611816,0.0
2000-06-01,BUKWO,0.01048482698968488,0.10388901084661484,0.0
2000-06-01,BUTALEJA,0.12444947971084609,0.5725679993629456,0.0
2000-06-01,KWEEN,0.14104212835284402,0.4879707992076874,0.0
2000-06-01,KAPCHORWA,0.07147287027349275,0.24608522653579712,0.0
2000-06-01,MANAFWA,1.9126082949229164,5.947449207305908,0.0
2000-06-01,BUDUDA,0.05811754906385392,0.942977786064148,0.0
2000-06-01,MBALE,0.5438879492249753,3.57285475730896,0.0
2000-06-01,MBALE,0.1299342103369371,0.14934200048446655,0.008967737667262554
2000-06-02,SIRONKO,1.084959311552018,1.8741835355758667,0.41023480892181396
2000-06-02,BULAMBULI,0.7062974936015733,1.834607720375061,0.0
2000-06-02,BUKWO,0.6647577277913146,1.8773229122161865,0.0
2000-06-02,BUTALEJA,1.4020419724494906,6.218325138092041,0.0
2000-06-02,KWEEN,0.2783609161200847,1.834607720375061,0.0
2000-06-02,KAPCHORWA,0.46377519039759707,1.834607720375061,0.08310413360595703
2000-06-02,MANAFWA,4.1163608233123545,6.388582706451416,1.648049235343933
2000-06-02,BUDUDA,2.0075312942834684,4.090388298034668,0.6774650812149048
2000-06-02,MBALE,1.7576598028936556,3.622072696685791,0.0
2000-06-02,MBALE,1.1059976436673302,2.5445396900177,0.029381845146417618
2000-06-03,SIRONKO,0.46786205886354054,1.3753796815872192,0.1496802717447281
2000-06-03,BULAMBULI,0.8409834836448036,2.0671162605285645,0.24525034427642822
2000-06-03,BUKWO,0.5099173213525785,1.5342471599578857,0.10953515768051147
2000-06-03,BUTALEJA,0.33578202981662725,1.2714277505874634,0.0
2000-06-03,KWEEN,0.6375392666470253,1.7850371599197388,0.00933432299643755
2000-06-03,KAPCHORWA,0.7605075306106527,1.2487053871154785,0.3976241648197174
2000-06-03,MANAFWA,1.2937751229750731,3.1059935092926025,0.3775595426559448
2000-06-03,BUDUDA,0.7128285622996529,1.7243173122406006,0.2958344519138336
2000-06-03,MBALE,0.6425479555480587,1.4989320039749146,0.0
2000-06-03,MBALE,0.8883289755414775,1.4989320039749146,0.04449719935655594
2000-06-04,SIRONKO,1.25639318369629,2.958063840866089,0.02031943015754223
2000-06-04,BULAMBULI,0.7959159149748725,2.958063840866089,0.0
2000-06-04,BUKWO,0.4379853118433881,4.19221830368042,0.0
2000-06-04,BUTALEJA,2.23427468028966,6.536574840545654,0.05459446832537651
2000-06-04,KWEEN,0.626833294586237,4.19221830368042,0.1802428960800171
2000-06-04,KAPCHORWA,0.5351530948229406,1.540215015411377,0.22300311923027039
2000-06-04,MANAFWA,6.597140183847352,11.89598274230957,2.1417860984802246
2000-06-04,BUDUDA,2.746415426231659,6.209444046020508,1.291432499885559
2000-06-04,MBALE,2.4963879324587577,6.731848239898682,0.0
2000-06-04,MBALE,1.7049366305787463,1.9004985094070435,0.17281463742256165
2000-06-05,SIRONKO,0.8473075678136694,1.9019707441329956,0.23113353550434113
2000-06-05,BULAMBULI,1.0926406401122282,2.814589023590088,0.0
2000-06-05,BUKWO,0.952323986684977,2.7478625774383545,0.0
2000-06-05,BUTALEJA,4.357972343111713,11.47630786895752,0.0
2000-06-05,KWEEN,0.5828563758787458,2.449525833129883,0.0
2000-06-05,KAPCHORWA,1.9386444017989117,2.920279026031494,0.51790851354599
2000-06-05,MANAFWA,2.51067858753532,5.008035182952881,1.5883409976959229
2000-06-05,BUDUDA,2.2668377759286313,5.008035182952881,1.0056400299072266
2000-06-05,MBALE,1.2696327691707892,5.008035182952881,0.0
2000-06-05,MBALE,0.7456042580397746,1.9735254049301147,0.00943780317902565
2000-06-06,SIRONKO,3.0101413468819707,10.005666732788086,0.6793048977851868
2000-06-06,BULAMBULI,3.2191892632103634,8.970932006835938,0.0
2000-06-06,BUKWO,1.5006356193460577,6.236212253570557,0.0
2000-06-06,BUTALEJA,0.5291245946946951,2.4385457038879395,0.0
2000-06-06,KWEEN,2.159621896265054,7.343346118927002,0.0
2000-06-06,KAPCHORWA,4.705455956997054,8.942855834960938,0.5401961803436279
2000-06-06,MANAFWA,12.305869373873218,20.12421989440918,3.3226850032806396
2000-06-06,BUDUDA,8.542669157835315,17.36479377746582,3.0667357444763184
2000-06-06,MBALE,6.308476190263471,15.17825698852539,1.0862414836883545
2000-06-06,MBALE,5.478930831870105,10.379411697387695,1.5546740293502808
2000-06-07,SIRONKO,2.6929644910497146,8.590285301208496,0.5581950545310974
2000-06-07,BULAMBULI,8.728282095657638,19.52536392211914,1.2959556579589844
2000-06-07,BUKWO,3.2901602196757995,8.32237434387207,0.4102385342121124
2000-06-07,BUTALEJA,0.40155499325126465,1.7762110233306885,0.0
2000-06-07,KWEEN,3.9139780313394903,16.17676544189453,0.14192600548267365
2000-06-07,KAPCHORWA,4.291649734098611,10.905985832214355,1.2959556579589844
2000-06-07,MANAFWA,4.010299854484186,6.912604808807373,1.6179659366607666
2000-06-07,BUDUDA,6.177669799477653,8.590285301208496,2.8614773750305176
2000-06-07,MBALE,1.9273507333544555,6.912604808807373,0.5036731958389282
2000-06-07,MBALE,2.998208367003361,3.205122470855713,1.2247263193130493
2000-06-08,SIRONKO,1.6375886518833795,7.602933406829834,0.16067756712436676
2000-06-08,BULAMBULI,1.8764224668608103,6.429083824157715,0.0
2000-06-08,BUKWO,0.17372689521319712,1.762434720993042,0.0
2000-06-08,BUTALEJA,10.378081122331604,20.457029342651367,0.38147208094596863
2000-06-08,KWEEN,0.3165973340044503,2.8062095642089844,0.0
2000-06-08,KAPCHORWA,0.9401702516436902,2.402374267578125,0.0
2000-06-08,MANAFWA,16.189981288500167,26.67396354675293,9.273619651794434
2000-06-08,BUDUDA,8.756963038468129,12.424736976623535,2.8062095642089844
2000-06-08,MBALE,8.187463498338412,20.02397346496582,0.12101719528436661
2000-06-08,MBALE,3.819339707046212,4.317271709442139,0.24640187621116638
2000-06-09,SIRONKO,4.879557974269473,18.796842575073242,0.0
2000-06-09,BULAMBULI,2.8378289679189996,15.899934768676758,0.0
2000-06-09,BUKWO,11.447545019365403,18.873952865600586,2.599982500076294
2000-06-09,BUTALEJA,1.2491111505604449,6.568341255187988,0.0
2000-06-09,KWEEN,2.6139642503739164,15.585091590881348,0.0
2000-06-09,KAPCHORWA,2.7151251092832998,12.591920852661133,0.11829816550016403
2000-06-09,MANAFWA,10.057230387996977,24.172924041748047,5.08771276473999
2000-06-09,BUDUDA,17.1955063426068,24.172924041748047,7.687971591949463
2000-06-09,MBALE,5.0315188103407396,14.544452667236328,0.11496632546186447
2000-06-09,MBALE,2.7315559107670393,5.693139553070068,0.624255895614624
2000-06-10,SIRONKO,0.8645413591635072,4.111128807067871,0.12289626151323318
2000-06-10,BULAMBULI,0.8594786781236293,4.111128807067871,0.0
2000-06-10,BUKWO,5.40435295953072,10.399480819702148,2.2330868244171143
2000-06-10,BUTALEJA,1.9082349900626392,4.274103164672852,0.0
2000-06-10,KWEEN,2.9500135253681767,10.399480819702148,0.0
2000-06-10,KAPCHORWA,0.8404903723737388,3.137787103652954,0.0
2000-06-10,MANAFWA,1.6218203475136441,4.747031211853027,0.1970592737197876
2000-06-10,BUDUDA,3.153678049478101,4.747031211853027,0.8501073718070984
2000-06-10,MBALE,0.7954824114126862,2.8897545337677,0.12289626151323318
2000-06-10,MBALE,0.5414975792986872,0.5902459025382996,0.2116207480430603
2000-06-11,SIRONKO,2.127116308975686,8.301653861999512,0.04648612439632416
2000-06-11,BULAMBULI,2.757548253451183,13.25561237335205,0.0
2000-06-11,BUKWO,13.283589153621456,17.29532814025879,5.636576175689697
2000-06-11,BUTALEJA,0.0,0.0,0.0
2000-06-11,KWEEN,4.682998188055948,13.867795944213867,0.0
2000-06-11,KAPCHORWA,2.546227301140499,11.722599029541016,0.04833430051803589
2000-06-11,MANAFWA,1.3305884169218731,4.353265285491943,0.00471663661301136
2000-06-11,BUDUDA,3.301504532536415,8.301653861999512,0.6205050349235535
2000-06-11,MBALE,0.4368272083290469,4.353265285491943,0.0
2000-06-11,MBALE,0.0,0.0,0.0
2000-06-12,SIRONKO,1.5825566438059373,5.799476146697998,0.0
2000-06-12,BULAMBULI,6.674725140106116,21.69158935546875,0.0
2000-06-12,BUKWO,14.301957404491478,24.87070655822754,2.9338974952697754
2000-06-12,BUTALEJA,0.5542321357941772,10.307744026184082,0.0
2000-06-12,KWEEN,19.819471209597,24.87070655822754,4.408548831939697
2000-06-12,KAPCHORWA,13.567576691581781,23.92941665649414,2.5524473190307617
2000-06-12,MANAFWA,2.0917468113334348,6.8800811767578125,0.2917318344116211
2000-06-12,BUDUDA,2.5016492075357473,6.8800811767578125,0.6072911620140076
2000-06-12,MBALE,1.0918016484506412,6.8800811767578125,0.0
2000-06-12,MBALE,0.0,0.0,0.0
2000-06-13,SIRONKO,0.847050260600638,3.6739537715911865,0.0
2000-06-13,BULAMBULI,1.94224149185568,4.978512763977051,0.0
2000-06-13,BUKWO,0.6383749931533124,3.24601674079895,0.0
2000-06-13,BUTALEJA,0.013626336679465048,1.1102290153503418,0.0
2000-06-13,KWEEN,1.1512777216800274,4.723499298095703,0.0
2000-06-13,KAPCHORWA,3.4943736203728024,4.978512763977051,1.3996866941452026
2000-06-13,MANAFWA,0.7653055711163675,2.55428147315979,0.0
2000-06-13,BUDUDA,1.355591591255262,2.55428147315979,0.33994123339653015
2000-06-13,MBALE,0.10243304289646543,2.55428147315979,0.0
2000-06-13,MBALE,0.0,0.0,0.0
2000-06-14,SIRONKO,0.692105380335195,3.2071542739868164,0.24685969948768616
2000-06-14,BULAMBULI,0.8756244643776018,4.193939685821533,0.0
2000-06-14,BUKWO,0.40224632460292553,2.2432377338409424,0.0
2000-06-14,BUTALEJA,0.18461818816496778,1.2448616027832031,0.0
2000-06-14,KWEEN,0.36559230140741544,1.9384562969207764,0.0
2000-06-14,KAPCHORWA,0.902675180813761,1.8895037174224854,0.06150475889444351
2000-06-14,MANAFWA,1.1149660895257243,3.7898061275482178,0.0
2000-06-14,BUDUDA,1.0390604294728596,2.476989269256592,0.5592648983001709
2000-06-14,MBALE,0.5401465644563384,3.0926883220672607,0.0
2000-06-14,MBALE,0.0,0.0,0.0
2000-06-15,SIRONKO,2.8384969387158994,6.611414432525635,0.4128500819206238
2000-06-15,BULAMBULI,2.3916037618309463,8.806337356567383,0.0
2000-06-15,BUKWO,1.663312524840951,4.870530605316162,0.041926078498363495
2000-06-15,BUTALEJA,1.257855122954004,10.050278663635254,0.0
2000-06-15,KWEEN,1.0414997304594875,5.046326637268066,0.0
2000-06-15,KAPCHORWA,2.614937212054226,8.806337356567383,0.48427674174308777
2000-06-15,MANAFWA,2.903421293170927,7.001951217651367,0.7117916345596313
2000-06-15,BUDUDA,3.4372177795452,5.624521255493164,0.7801740169525146
2000-06-15,MBALE,1.7349486579621272,6.453528881072998,0.0
2000-06-15,MBALE,0.03248237146881333,4.060959339141846,0.0
2000-06-16,SIRONKO,0.5940608807317349,1.5077341794967651,0.0
2000-06-16,BULAMBULI,0.4591624820146751,1.5331110954284668,0.0
2000-06-16,BUKWO,0.525760681633076,1.7585450410842896,0.0
2000-06-16,BUTALEJA,0.3852270446499035,1.7930935621261597,0.0
2000-06-16,KWEEN,0.16279729141887156,1.7585450410842896,0.0
2000-06-16,KAPCHORWA,0.4110143071393727,1.5331110954284668,0.0
2000-06-16,MANAFWA,2.4948131443550317,4.200638294219971,0.1264462023973465
2000-06-16,BUDUDA,1.0192803169242184,3.750232696533203,0.11746788769960403
2000-06-16,MBALE,1.2819979415972313,3.8827381134033203,0.0
2000-06-16,MBALE,0.6210808079060954,0.9386817216873169,0.2774960696697235
2000-06-17,SIRONKO,0.798688396260929,2.865391731262207,0.0
2000-06-17,BULAMBULI,0.40533431095426553,1.6316940784454346,0.0
2000-06-17,BUKWO,0.09232636881544592,0.7532837986946106,0.0
2000-06-17,BUTALEJA,0.569990843571846,2.5915873050689697,0.0
2000-06-17,KWEEN,0.06677787217582791,0.9821997284889221,0.0
2000-06-17,KAPCHORWA,0.7585609282139278,2.090517520904541,0.0
2000-06-17,MANAFWA,0.9123169748051188,4.977257251739502,0.033724620938301086
2000-06-17,BUDUDA,1.8923755370136277,5.963999271392822,0.17821602523326874
2000-06-17,MBALE,2.745182855107587,5.963999271392822,0.0
2000-06-17,MBALE,2.7981970371216915,4.96071720123291,0.968634307384491
2000-06-18,SIRONKO,0.4312942706419276,2.803309202194214,0.0
2000-06-18,BULAMBULI,0.23313530396556764,1.0948169231414795,0.0
2000-06-18,BUKWO,0.22036784748594063,0.6376956701278687,0.0
2000-06-18,BUTALEJA,0.27908919924352377,2.9716625213623047,0.0
2000-06-18,KWEEN,0.051468302219688185,0.5072391033172607,0.0
2000-06-18,KAPCHORWA,0.16822501178831886,0.721490204334259,0.03777896612882614
2000-06-18,MANAFWA,1.9219821845100973,4.459453105926514,0.08024133741855621
2000-06-18,BUDUDA,1.8960718960051899,4.459453105926514,0.24432985484600067
2000-06-18,MBALE,1.6048770730763693,4.459453105926514,0.0
2000-06-18,MBALE,1.4920057342346689,2.3334219455718994,0.6089581847190857
2000-06-19,SIRONKO,0.6529063930989235,3.8649230003356934,0.0
2000-06-19,BULAMBULI,0.5192534809912002,3.39807391166687,0.0
2000-06-19,BUKWO,0.028153987990683492,0.44649091362953186,0.0
2000-06-19,BUTALEJA,0.2334162845417331,2.196260452270508,0.0
2000-06-19,KWEEN,0.11086810668099556,0.9744685292243958,0.0
2000-06-19,KAPCHORWA,0.4320047375893525,1.3204503059387207,0.0
2000-06-19,MANAFWA,0.36754658391128875,1.1292377710342407,0.0
2000-06-19,BUDUDA,0.38406641145840015,1.1292377710342407,0.0029025014955550432
2000-06-19,MBALE,1.1319545871519494,7.451749801635742,0.0
2000-06-19,MBALE,2.187017179687467,5.155478477478027,1.2627613544464111
2000-06-20,SIRONKO,0.5456918695720057,2.493476152420044,0.0
2000-06-20,BULAMBULI,7.337479570582087,16.864770889282227,0.15909364819526672
2000-06-20,BUKWO,1.3771410717101884,3.200538158416748,0.09400051832199097
2000-06-20,BUTALEJA,11.92202657879678,14.2280855178833,8.826457023620605
2000-06-20,KWEEN,6.329127871810856,16.864770889282227,0.31904199719429016
2000-06-20,KAPCHORWA,3.9724687878732907,11.20423698425293,0.31904199719429016
2000-06-20,MANAFWA,4.969767851042025,10.02122688293457,0.1769920289516449
2000-06-20,BUDUDA,1.2415669395305726,4.4641218185424805,0.1769920289516449
2000-06-20,MBALE,4.694509127046257,11.721663475036621,0.0
2000-06-20,MBALE,2.1526349897755157,6.689809322357178,0.27218663692474365
2000-06-21,SIRONKO,9.035660796917458,13.374322891235352,2.586174726486206
2000-06-21,BULAMBULI,7.844178396120825,13.374322891235352,3.7709994316101074
2000-06-21,BUKWO,11.147349724508745,18.931211471557617,1.7612333297729492
2000-06-21,BUTALEJA,2.936281419688222,8.537633895874023,0.43691369891166687
2000-06-21,KWEEN,11.100482293258038,18.931211471557617,2.982506275177002
2000-06-21,KAPCHORWA,9.340162163937174,13.22622299194336,5.601063251495361
2000-06-21,MANAFWA,1.0364407973137966,2.141934871673584,0.21634380519390106
2000-06-21,BUDUDA,2.097503841402287,6.764167308807373,0.21634380519390106
2000-06-21,MBALE,2.349223307125161,10.607271194458008,0.21634380519390106
2000-06-21,MBALE,2.7859554027678177,6.850053310394287,2.2335400581359863
2000-06-22,SIRONKO,4.320290369708057,7.502843379974365,1.4499825239181519
2000-06-22,BULAMBULI,7.346651446604779,11.133880615234375,3.1654932498931885
2000-06-22,BUKWO,6.368650105577558,14.668766021728516,1.7855900526046753
2000-06-22,BUTALEJA,0.2119784330923956,1.0523649454116821,0.0
2000-06-22,KWEEN,12.688832499515893,18.775341033935547,2.791896343231201
2000-06-22,KAPCHORWA,9.496543228924123,16.236469268798828,4.933230400085449
2000-06-22,MANAFWA,0.48644124487870954,1.885489821434021,0.0
2000-06-22,BUDUDA,2.1702575494721033,6.396755218505859,0.11766643822193146
2000-06-22,MBALE,1.1972509372568647,4.736697196960449,0.017568210139870644
2000-06-22,MBALE,1.3929988535992508,3.273343563079834,1.0727533102035522
2000-06-23,SIRONKO,9.036287493228183,15.989038467407227,1.4128128290176392
2000-06-23,BULAMBULI,7.758305919756306,15.989038467407227,2.511115550994873
2000-06-23,BUKWO,11.27338163273853,17.139528274536133,3.8209495544433594
2000-06-23,BUTALEJA,0.045695313789476145,0.7080828547477722,0.0
2000-06-23,KWEEN,6.427606752572798,17.139528274536133,2.511115550994873
2000-06-23,KAPCHORWA,7.5200182940868405,14.313660621643066,2.9316442012786865
2000-06-23,MANAFWA,2.676817364227035,7.821836948394775,0.14168952405452728
2000-06-23,BUDUDA,6.203920141839568,12.7846097946167,0.2180529087781906
2000-06-23,MBALE,1.0754737889203556,9.457029342651367,0.006874516606330872
2000-06-23,MBALE,0.8323081619611878,1.5798419713974,0.7277714014053345
2000-06-24,SIRONKO,9.207749721807856,11.562987327575684,4.575888156890869
2000-06-24,BULAMBULI,13.430852768829045,36.17276382446289,4.888619422912598
2000-06-24,BUKWO,13.224576063893545,17.899076461791992,8.763656616210938
2000-06-24,BUTALEJA,4.042021851526017,15.024914741516113,0.5216994285583496
2000-06-24,KWEEN,15.420666630423586,35.12194061279297,6.629908561706543
2000-06-24,KAPCHORWA,10.24200149948105,16.399246215820312,7.321885585784912
2000-06-24,MANAFWA,5.454609891201785,13.755392074584961,0.45603838562965393
2000-06-24,BUDUDA,4.461011748467601,7.019718170166016,0.45603838562965393
2000-06-24,MBALE,2.742316336451131,10.10245132446289,0.45603838562965393
2000-06-24,MBALE,2.792838311724674,7.139170169830322,2.195114850997925
2000-06-25,SIRONKO,28.1730156368143,39.53873825073242,15.30005931854248
2000-06-25,BULAMBULI,31.956530362604273,44.05905532836914,17.160694122314453
2000-06-25,BUKWO,12.098637013787531,26.73346519470215,3.2815535068511963
2000-06-25,BUTALEJA,6.472328389667203,11.3642578125,1.1663316488265991
2000-06-25,KWEEN,15.97678140640789,35.11749267578125,8.083751678466797
2000-06-25,KAPCHORWA,27.076744701937105,39.69353103637695,13.546112060546875
2000-06-25,MANAFWA,9.35634079590439,17.040241241455078,1.365902066230774
2000-06-25,BUDUDA,15.549474809860714,25.62591552734375,1.365902066230774
2000-06-25,MBALE,9.598692368950834,29.19601821899414,1.365902066230774
2000-06-25,MBALE,10.477532219894565,22.248632431030273,8.851911544799805
2000-06-26,SIRONKO,7.702678152578636,12.025073051452637,3.450753688812256
2000-06-26,BULAMBULI,8.492919856535817,19.252580642700195,2.699476718902588
2000-06-26,BUKWO,5.355466913862846,12.303412437438965,1.4349647760391235
2000-06-26,BUTALEJA,7.1556102207629255,11.958882331848145,3.304387331008911
2000-06-26,KWEEN,10.117671772128649,22.267425537109375,3.0419676303863525
2000-06-26,KAPCHORWA,4.977465152172224,9.775473594665527,2.699476718902588
2000-06-26,MANAFWA,9.741925634724483,15.48780345916748,5.4484758377075195
2000-06-26,BUDUDA,8.993229381309304,15.48780345916748,5.9064106941223145
2000-06-26,MBALE,7.8129607191555195,12.859643936157227,4.793182849884033
2000-06-26,MBALE,6.582385831434976,8.350650787353516,5.306608200073242
2000-06-27,SIRONKO,6.86374634757677,13.48353385925293,2.4953231811523438
2000-06-27,BULAMBULI,5.81358186478771,13.075928688049316,3.0612685680389404
2000-06-27,BUKWO,2.640103291099288,5.812356472015381,0.45569831132888794
2000-06-27,BUTALEJA,5.979995429174159,10.593527793884277,1.9078092575073242
2000-06-27,KWEEN,5.236589107946528,20.611722946166992,0.5185155868530273
2000-06-27,KAPCHORWA,4.699948411674212,5.978647708892822,3.318051338195801
2000-06-27,MANAFWA,2.379786419949652,5.5145416259765625,0.8695340156555176
2000-06-27,BUDUDA,3.9366680959434923,6.2088823318481445,2.295656681060791
2000-06-27,MBALE,3.7336036916771924,12.735361099243164,0.8695340156555176
2000-06-27,MBALE,4.901688136620106,6.5521416664123535,3.863858938217163
2000-06-28,SIRONKO,5.622168186238207,11.011490821838379,0.1565476506948471
2000-06-28,BULAMBULI,3.3940866061767574,10.786619186401367,0.31248050928115845
2000-06-28,BUKWO,5.228708467611789,13.760903358459473,0.0
2000-06-28,BUTALEJA,1.1052408503334505,7.553262233734131,0.0
2000-06-28,KWEEN,1.6018759344675424,12.354005813598633,0.0
2000-06-28,KAPCHORWA,2.2135018938880977,8.951379776000977,0.6505700945854187
2000-06-28,MANAFWA,7.9445447168150976,14.503902435302734,2.2780652046203613
2000-06-28,BUDUDA,8.79072464045224,14.503902435302734,4.2685675621032715
2000-06-28,MBALE,6.8225808898430556,9.311875343322754,2.152954578399658
2000-06-28,MBALE,6.37680075248783,6.8329010009765625,5.285608291625977
2000-06-29,SIRONKO,6.84514549928951,11.30827522277832,1.879221796989441
2000-06-29,BULAMBULI,2.716451450986192,11.30827522277832,0.021015066653490067
2000-06-29,BUKWO,5.2586042020906625,9.074908256530762,2.6501126289367676
2000-06-29,BUTALEJA,2.200801849118526,7.140897274017334,0.0
2000-06-29,KWEEN,2.4107574729060515,10.64849853515625,0.6566869020462036
2000-06-29,KAPCHORWA,1.9480461382314018,8.34908676147461,0.39669662714004517
2000-06-29,MANAFWA,11.125527120586582,19.011301040649414,6.413440704345703
2000-06-29,BUDUDA,10.455654559150782,12.816549301147461,8.12900161743164
2000-06-29,MBALE,6.885028506027519,10.553369522094727,4.7776079177856445
2000-06-29,MBALE,6.113673658492398,6.647285461425781,5.796083450317383
2000-06-30,SIRONKO,3.5615471219723838,7.694220066070557,0.8112223744392395
2000-06-30,BULAMBULI,2.932973196412463,9.095871925354004,0.13768567144870758
2000-06-30,BUKWO,1.7026147930895148,8.66668701171875,0.002228353638201952
2000-06-30,BUTALEJA,2.0970607288542893,6.075922966003418,0.4357786476612091
2000-06-30,KWEEN,2.0124815244452448,8.315692901611328,0.0
2000-06-30,KAPCHORWA,1.5210454714966666,3.5934152603149414,0.4962358772754669
2000-06-30,MANAFWA,1.7684208615060784,4.016015529632568,0.02611968107521534
2000-06-30,BUDUDA,3.2040128210983565,5.833981990814209,1.784413456916809
2000-06-30,MBALE,4.3097247674051555,7.694220066070557,0.15199032425880432
2000-06-30,MBALE,5.159975506221786,6.261422157287598,4.359676361083984
2000-07-01,SIRONKO,6.060333553025191,13.877310752868652,0.0
2000-07-01,BULAMBULI,11.400288531785305,20.075294494628906,0.016363803297281265
2000-07-01,BUKWO,8.196131818645666,13.568994522094727,0.0
2000-07-01,BUTALEJA,3.0363713267942387,10.329014778137207,0.05834049731492996
2000-07-01,KWEEN,3.8299011830835727,13.877310752868652,0.0
2000-07-01,KAPCHORWA,11.443660592904521,16.911487579345703,3.573237657546997
2000-07-01,MANAFWA,2.418797942360524,6.0373101234436035,0.13530519604682922
2000-07-01,BUDUDA,5.193156974977513,13.877310752868652,1.0220433473587036
2000-07-01,MBALE,0.9615517074556069,3.5086631774902344,0.0
2000-07-01,MBALE,0.048154939397186805,0.12366684526205063,0.0
2000-07-02,SIRONKO,4.949660120726956,14.530425071716309,0.6402466297149658
2000-07-02,BULAMBULI,3.588038246408853,14.530425071716309,0.0
2000-07-02,BUKWO,3.0579142214779984,6.676473617553711,0.0
2000-07-02,BUTALEJA,1.0456460380264718,3.6171109676361084,0.0
2000-07-02,KWEEN,1.8074330442031556,7.619822978973389,0.0
2000-07-02,KAPCHORWA,3.7826172631336425,11.001256942749023,0.4236132800579071
2000-07-02,MANAFWA,1.6252682317428058,5.197862148284912,0.2597604990005493
2000-07-02,BUDUDA,5.002452669421,9.553788185119629,1.7833020687103271
2000-07-02,MBALE,1.5719032076292558,5.149764060974121,0.0
2000-07-02,MBALE,0.7234582632872509,1.674446940422058,0.16571272909641266
2000-07-03,SIRONKO,7.784562315855686,13.163169860839844,4.068661689758301
2000-07-03,BULAMBULI,10.202347877360868,25.254526138305664,0.35896769165992737
2000-07-03,BUKWO,27.957547241327866,43.34565734863281,5.951803207397461
2000-07-03,BUTALEJA,0.6873771818897209,3.3137404918670654,0.036012470722198486
2000-07-03,KWEEN,28.800936880399714,53.79523849487305,5.242827892303467
2000-07-03,KAPCHORWA,13.76905826969996,25.154705047607422,5.445533752441406
2000-07-03,MANAFWA,3.9070115333644138,8.764492988586426,1.0652028322219849
2000-07-03,BUDUDA,7.142244204297662,8.277266502380371,4.077378749847412
2000-07-03,MBALE,5.573366840064941,18.177141189575195,0.9075220227241516
2000-07-03,MBALE,6.893980023209425,9.855958938598633,6.44668436050415
2000-07-04,SIRONKO,2.23053975694443,3.989703416824341,0.0
2000-07-04,BULAMBULI,2.4367673877875125,9.974827766418457,0.0
2000-07-04,BUKWO,0.10050684940945188,1.42404305934906,0.0
2000-07-04,BUTALEJA,3.4568385048697183,14.002707481384277,0.008020792156457901
2000-07-04,KWEEN,1.295245876476631,7.432713508605957,0.0
2000-07-04,KAPCHORWA,0.719459617927444,2.7320265769958496,0.0
2000-07-04,MANAFWA,1.4900924082786602,6.185055732727051,0.29680803418159485
2000-07-04,BUDUDA,2.8353634669406356,6.185055732727051,0.0
2000-07-04,MBALE,1.2730940084143532,4.44770622253418,0.0
2000-07-04,MBALE,0.5184888896640906,1.1743879318237305,0.0
2000-07-05,SIRONKO,7.03786069823264,10.200859069824219,5.103108882904053
2000-07-05,BULAMBULI,8.34706541314971,16.629901885986328,3.194089889526367
2000-07-05,BUKWO,4.8831038572882495,9.858556747436523,0.0
2000-07-05,BUTALEJA,4.323602049181164,23.8476619720459,0.0
2000-07-05,KWEEN,2.229735946561061,14.53965950012207,0.0
2000-07-05,KAPCHORWA,5.284920072956201,10.953658103942871,2.6809425354003906
2000-07-05,MANAFWA,2.971029850549629,10.962095260620117,0.1552332639694214
2000-07-05,BUDUDA,7.143400412282094,10.962095260620117,4.548830986022949
2000-07-05,MBALE,8.068930979057555,23.8476619720459,1.7935295104980469
2000-07-05,MBALE,7.653680296688348,9.847212791442871,5.404517650604248
2000-07-06,SIRONKO,2.3608136500160133,6.0435357093811035,0.0
2000-07-06,BULAMBULI,1.7226707117201523,9.634111404418945,0.0
2000-07-06,BUKWO,4.408923624309241,10.955520629882812,0.0
2000-07-06,BUTALEJA,0.1542670348247992,2.236482620239258,0.0
2000-07-06,KWEEN,3.556435636660908,10.955520629882812,0.0
2000-07-06,KAPCHORWA,3.2915866668243052,9.634111404418945,0.19070395827293396
2000-07-06,MANAFWA,0.8202819055967315,5.849888801574707,0.0
2000-07-06,BUDUDA,4.589249653593432,6.498550891876221,0.9053330421447754
2000-07-06,MBALE,0.32806441168377876,3.9612369537353516,0.0
2000-07-06,MBALE,0.0,0.0,0.0
2000-07-07,SIRONKO,1.6774632854406555,3.897644519805908,0.0
2000-07-07,BULAMBULI,1.5788378782408632,3.947920560836792,0.0
2000-07-07,BUKWO,13.761626721636654,22.137409210205078,1.88722825050354
2000-07-07,BUTALEJA,0.0,0.0,0.0
2000-07-07,KWEEN,2.9704882463533013,15.516157150268555,0.0
2000-07-07,KAPCHORWA,3.263910862998716,4.4248809814453125,0.9473857879638672
2000-07-07,MANAFWA,2.2372044091060075,7.0542802810668945,0.0
2000-07-07,BUDUDA,3.202627428793829,5.2684326171875,1.598680853843689
2000-07-07,MBALE,0.41668073944208245,3.897644519805908,0.0
2000-07-07,MBALE,0.0,0.0,0.0
2000-07-08,SIRONKO,2.4522349199963545,6.804072380065918,0.23778583109378815
2000-07-08,BULAMBULI,2.9284678393824275,6.8794684410095215,0.0
2000-07-08,BUKWO,9.772949882103097,21.204565048217773,2.610196113586426
2000-07-08,BUTALEJA,0.0,0.0,0.0
2000-07-08,KWEEN,5.468548160271839,14.664215087890625,2.6008527278900146
2000-07-08,KAPCHORWA,4.478311305153709,7.595400333404541,2.383544683456421
2000-07-08,MANAFWA,2.598272980933116,9.205534934997559,0.0
2000-07-08,BUDUDA,3.779915659001768,9.205534934997559,0.9292292594909668
2000-07-08,MBALE,1.186798950475826,8.113964080810547,0.0
2000-07-08,MBALE,0.5231998621775285,1.1377605199813843,0.0
2000-07-09,SIRONKO,9.447230227351795,25.641849517822266,3.2464659214019775
2000-07-09,BULAMBULI,7.6260654015386775,33.5568733215332,0.39254412055015564
2000-07-09,BUKWO,24.376252822562357,43.00322341918945,6.733874320983887
2000-07-09,BUTALEJA,3.7114963199162587,12.733725547790527,0.5832780003547668
2000-07-09,KWEEN,9.423270666489834,36.94784927368164,0.39254412055015564
2000-07-09,KAPCHORWA,9.012565362485539,33.5568733215332,1.2009445428848267
2000-07-09,MANAFWA,11.551541614706366,22.161909103393555,3.389735221862793
2000-07-09,BUDUDA,18.00997382702768,29.736671447753906,12.870798110961914
2000-07-09,MBALE,10.564882920669262,15.542943954467773,3.809375762939453
2000-07-09,MBALE,9.541960328379528,12.094271659851074,6.274962902069092
2000-07-10,SIRONKO,24.760678962563965,33.53655242919922,15.957174301147461
2000-07-10,BULAMBULI,16.023837353161255,31.301111221313477,4.772823333740234
2000-07-10,BUKWO,19.526390525236494,34.069332122802734,2.8143177032470703
2000-07-10,BUTALEJA,17.993886561743107,34.67582702636719,9.676145553588867
2000-07-10,KWEEN,16.811253473971075,34.069332122802734,7.541872024536133
2000-07-10,KAPCHORWA,21.25108941745585,31.301111221313477,9.670334815979004
2000-07-10,MANAFWA,21.77299971098922,35.967166900634766,6.846689224243164
2000-07-10,BUDUDA,31.357822379101243,35.967166900634766,24.627544403076172
2000-07-10,MBALE,28.36309716701001,34.67582702636719,19.49397850036621
2000-07-10,MBALE,29.065886936505322,31.424549102783203,25.8251895904541
2000-07-11,SIRONKO,11.053501871866741,18.9060001373291,5.3272881507873535
2000-07-11,BULAMBULI,14.713992151793319,26.25724220275879,2.4119579792022705
2000-07-11,BUKWO,21.637493236270178,32.11528396606445,8.61929702758789
2000-07-11,BUTALEJA,0.9220551479938857,8.64865493774414,0.04132530838251114
2000-07-11,KWEEN,17.24574951070502,32.11528396606445,0.8735185861587524
2000-07-11,KAPCHORWA,22.751470640753265,29.848857879638672,14.604156494140625
2000-07-11,MANAFWA,6.460861575048993,15.763628005981445,1.8801301717758179
2000-07-11,BUDUDA,13.815111946362997,16.94980812072754,8.031989097595215
2000-07-11,MBALE,7.882708652631644,11.720840454101562,1.8801301717758179
2000-07-11,MBALE,8.461625369592229,9.80918025970459,8.341781616210938
2000-07-12,SIRONKO,4.568311652655316,6.667056560516357,2.85217022895813
2000-07-12,BULAMBULI,6.378896806206831,14.939620018005371,1.407981514930725
2000-07-12,BUKWO,4.0582606851966565,11.013856887817383,0.0
2000-07-12,BUTALEJA,5.4643854518300845,13.899256706237793,1.8049744367599487
2000-07-12,KWEEN,5.735011025374161,18.92257308959961,0.0
2000-07-12,KAPCHORWA,5.225632092041295,9.058008193969727,1.9595218896865845
2000-07-12,MANAFWA,7.424892183352316,12.829833030700684,2.828458547592163
2000-07-12,BUDUDA,5.256780791665651,8.356430053710938,2.828458547592163
2000-07-12,MBALE,7.179106780526849,9.840370178222656,3.066265821456909
2000-07-12,MBALE,5.9812835368151145,8.635912895202637,5.213371753692627
2000-07-13,SIRONKO,2.9888496024542124,6.622925758361816,0.0
2000-07-13,BULAMBULI,2.5279465984209946,8.265063285827637,0.0
2000-07-13,BUKWO,1.1662896130539575,3.6398098468780518,0.0
2000-07-13,BUTALEJA,0.011132944794197564,0.7534323930740356,0.0
2000-07-13,KWEEN,0.7787304151675961,5.666698455810547,0.0
2000-07-13,KAPCHORWA,4.4120066018151425,8.265063285827637,0.0
2000-07-13,MANAFWA,0.5189623764930777,2.6864442825317383,0.0
2000-07-13,BUDUDA,1.257780376075499,2.6864442825317383,0.0
2000-07-13,MBALE,0.45716206350728616,3.7639596462249756,0.0
2000-07-13,MBALE,0.746445805272206,1.3465356826782227,0.5637548565864563
2000-07-14,SIRONKO,2.2421665074388266,6.020160675048828,0.0
2000-07-14,BULAMBULI,2.2050487324753005,10.129842758178711,0.0
2000-07-14,BUKWO,9.117421545334581,34.501346588134766,0.68524169921875
2000-07-14,BUTALEJA,0.05209682813958565,1.005030632019043,0.0
2000-07-14,KWEEN,14.111706817100533,38.27718734741211,0.0
2000-07-14,KAPCHORWA,3.9841042297454297,11.360849380493164,0.0
2000-07-14,MANAFWA,3.703399134041263,6.790717601776123,0.516747236251831
2000-07-14,BUDUDA,4.63127682144665,6.790717601776123,1.4649081230163574
2000-07-14,MBALE,1.0554722076502532,4.3917036056518555,0.0
2000-07-14,MBALE,0.21314001312753633,0.547353982925415,0.0
2000-07-15,SIRONKO,4.405102520509566,14.793230056762695,0.133988618850708
2000-07-15,BULAMBULI,5.601214662161406,15.74050521850586,0.029154982417821884
2000-07-15,BUKWO,29.238878628526706,43.287986755371094,11.866933822631836
2000-07-15,BUTALEJA,0.37125554147624984,4.499741554260254,0.0
2000-07-15,KWEEN,17.894219336731492,25.872386932373047,9.304144859313965
2000-07-15,KAPCHORWA,8.054440227404108,17.816492080688477,1.8096140623092651
2000-07-15,MANAFWA,3.3164890764838013,11.008151054382324,0.2976762652397156
2000-07-15,BUDUDA,7.885844468302962,14.793230056762695,4.772044658660889
2000-07-15,MBALE,4.230801697108899,11.008151054382324,0.17505353689193726
2000-07-15,MBALE,4.564367091932057,6.1023454666137695,4.485636234283447
2000-07-16,SIRONKO,7.46476124315438,10.841504096984863,2.7539587020874023
2000-07-16,BULAMBULI,4.254348669562562,10.52407455444336,0.5537952780723572
2000-07-16,BUKWO,5.238739820677476,11.055252075195312,1.3784712553024292
2000-07-16,BUTALEJA,1.7150647445225566,9.427763938903809,0.0
2000-07-16,KWEEN,8.467129665143887,14.130438804626465,2.54512882232666
2000-07-16,KAPCHORWA,4.936669164403369,9.309412002563477,2.609973907470703
2000-07-16,MANAFWA,1.0290436602193633,3.595452308654785,0.1417040228843689
2000-07-16,BUDUDA,3.299675763989049,8.197434425354004,1.972866415977478
2000-07-16,MBALE,6.927508040490088,12.388595581054688,0.985595166683197
2000-07-16,MBALE,9.072115043312593,11.262063980102539,8.920040130615234
2000-07-17,SIRONKO,6.049254739823114,9.669395446777344,0.29973283410072327
2000-07-17,BULAMBULI,4.744450229843663,12.013252258300781,0.0
2000-07-17,BUKWO,2.5325126715407964,6.965703964233398,0.0
2000-07-17,BUTALEJA,4.6827773771351255,14.069437026977539,0.0
2000-07-17,KWEEN,2.651751582645431,9.768710136413574,0.0
2000-07-17,KAPCHORWA,7.841383139442537,12.013252258300781,2.8337345123291016
2000-07-17,MANAFWA,6.133964833837053,10.764245986938477,0.37431278824806213
2000-07-17,BUDUDA,6.922510502862945,10.764245986938477,5.7194061279296875
2000-07-17,MBALE,8.011860496657546,11.986865043640137,0.9310200810432434
2000-07-17,MBALE,5.842207599923847,8.178285598754883,3.821986198425293
2000-07-18,SIRONKO,1.04197561382281,3.085883617401123,0.0
2000-07-18,BULAMBULI,3.242940236293195,8.074238777160645,0.15124297142028809
2000-07-18,BUKWO,4.218998331799276,8.716062545776367,1.2533619403839111
2000-07-18,BUTALEJA,0.2833911566217964,2.259488821029663,0.0
2000-07-18,KWEEN,6.89461669151114,12.42031478881836,1.1924525499343872
2000-07-18,KAPCHORWA,2.85253612529021,5.522672176361084,0.9320727586746216
2000-07-18,MANAFWA,0.48799145250652914,1.6371135711669922,0.0
2000-07-18,BUDUDA,1.198278867614118,1.9833141565322876,0.24669480323791504
2000-07-18,MBALE,0.5245893220824065,2.347093343734741,0.0
2000-07-18,MBALE,0.6867444644123558,1.6581284999847412,0.06376956403255463
2000-07-19,SIRONKO,2.8862519003074305,7.287261009216309,0.0
2000-07-19,BULAMBULI,3.226846545685098,9.28112506866455,0.0042011933401227
2000-07-19,BUKWO,7.168073789692102,14.113258361816406,2.364708185195923
2000-07-19,BUTALEJA,0.0,0.0,0.0
2000-07-19,KWEEN,1.9037012733860683,7.33949613571167,0.0
2000-07-19,KAPCHORWA,3.4160678484674474,9.28112506866455,0.020401960238814354
2000-07-19,MANAFWA,2.0003539779502386,5.594468116760254,0.10117106139659882
2000-07-19,BUDUDA,3.9573373259095335,5.594468116760254,2.38313364982605
2000-07-19,MBALE,1.1336586290312591,5.594468116760254,0.0
2000-07-19,MBALE,0.3250078490886313,0.7491597533226013,0.0
2000-07-20,SIRONKO,7.260657791476931,12.736350059509277,2.3243656158447266
2000-07-20,BULAMBULI,9.535204868175333,15.199629783630371,2.3243656158447266
2000-07-20,BUKWO,10.414164835609196,22.382671356201172,5.392736434936523
2000-07-20,BUTALEJA,2.2038133938637503,7.538393497467041,0.0
2000-07-20,KWEEN,8.850434875572288,14.357612609863281,4.450620651245117
2000-07-20,KAPCHORWA,9.118584609755747,12.608037948608398,5.152601718902588
2000-07-20,MANAFWA,1.141990978307606,3.0448670387268066,0.09525983035564423
2000-07-20,BUDUDA,2.5518376024713674,4.509366035461426,1.5577878952026367
2000-07-20,MBALE,4.18408938418907,9.596329689025879,0.09525983035564423
2000-07-20,MBALE,6.138413898780616,8.510614395141602,5.623889923095703
2000-07-21,SIRONKO,10.345040159934188,16.87127113342285,5.594449520111084
2000-07-21,BULAMBULI,15.154681161144245,27.539764404296875,7.795472145080566
2000-07-21,BUKWO,10.29449041807623,16.585750579833984,5.629482746124268
2000-07-21,BUTALEJA,6.676550006422271,15.854708671569824,0.4164598286151886
2000-07-21,KWEEN,12.745287444713647,17.432348251342773,4.165692329406738
2000-07-21,KAPCHORWA,15.411569033858475,20.019540786743164,11.365713119506836
2000-07-21,MANAFWA,23.35032007176557,30.840789794921875,9.782238006591797
2000-07-21,BUDUDA,15.256189541045101,22.946916580200195,6.5254106521606445
2000-07-21,MBALE,14.598290250719693,22.591306686401367,5.594449520111084
2000-07-21,MBALE,10.401173616989041,13.087740898132324,8.469439506530762
2000-07-22,SIRONKO,7.952109839583963,12.047392845153809,5.715651512145996
2000-07-22,BULAMBULI,5.9720896085554775,11.7843656539917,2.337353467941284
2000-07-22,BUKWO,13.742377548966404,20.35209846496582,7.0381035804748535
2000-07-22,BUTALEJA,10.447762797883627,16.920852661132812,5.441874027252197
2000-07-22,KWEEN,11.090509402061338,21.47526741027832,5.424911975860596
2000-07-22,KAPCHORWA,6.769888800795383,8.348668098449707,4.117987632751465
2000-07-22,MANAFWA,3.8286398182108092,8.009142875671387,1.223958134651184
2000-07-22,BUDUDA,7.931809958932541,10.712632179260254,5.4828715324401855
2000-07-22,MBALE,8.80957592463387,16.092742919921875,2.522413492202759
2000-07-22,MBALE,9.689101998182515,13.490107536315918,8.628947257995605
2000-07-23,SIRONKO,5.819880102946753,8.472735404968262,3.0699667930603027
2000-07-23,BULAMBULI,10.58614160228588,20.072525024414062,3.956026077270508
2000-07-23,BUKWO,5.533516858999306,10.403359413146973,3.081744432449341
2000-07-23,BUTALEJA,0.6930585663993459,2.371114730834961,0.12436255067586899
2000-07-23,KWEEN,6.316811042111904,17.10858917236328,1.630312442779541
2000-07-23,KAPCHORWA,7.292168025393298,12.083029747009277,4.843489170074463
2000-07-23,MANAFWA,1.3093149927507355,4.023913860321045,0.3150361478328705
2000-07-23,BUDUDA,2.7445318808967514,6.040441036224365,1.4622271060943604
2000-07-23,MBALE,2.381500139534012,6.5000481605529785,0.4671708941459656
2000-07-23,MBALE,2.7939956361781215,3.764810085296631,2.3807849884033203
2000-07-24,SIRONKO,6.182796955436585,13.083261489868164,1.2914503812789917
2000-07-24,BULAMBULI,6.983925696773372,14.210037231445312,1.8620764017105103
2000-07-24,BUKWO,10.967483397867053,14.779492378234863,6.473873138427734
2000-07-24,BUTALEJA,0.43030529728048433,1.3525134325027466,0.03189840167760849
2000-07-24,KWEEN,9.489147598452785,14.533805847167969,3.0278308391571045
2000-07-24,KAPCHORWA,10.300144826027068,14.210037231445312,4.347290992736816
2000-07-24,MANAFWA,2.03140793648123,4.817981719970703,0.1645481288433075
2000-07-24,BUDUDA,3.9582178767171374,7.531899929046631,1.65696382522583
2000-07-24,MBALE,1.005288833191999,6.220026969909668,0.03189840167760849
2000-07-24,MBALE,0.6941741665231123,1.362255573272705,0.10231941193342209
2000-07-25,SIRONKO,3.0744933195286195,5.226996421813965,0.28884610533714294
2000-07-25,BULAMBULI,3.3517477885560725,6.81095027923584,0.19397443532943726
2000-07-25,BUKWO,7.632042850522247,9.164131164550781,3.820659637451172
2000-07-25,BUTALEJA,6.639868459037208,11.342259407043457,1.1125646829605103
2000-07-25,KWEEN,3.572305664032886,8.361417770385742,0.13025127351284027
2000-07-25,KAPCHORWA,4.0898996488705865,7.1149420738220215,1.159542441368103
2000-07-25,MANAFWA,5.418403113921513,7.287564277648926,3.390275001525879
2000-07-25,BUDUDA,4.168232933902586,5.438718318939209,3.477412700653076
2000-07-25,MBALE,3.261090459900959,6.443478107452393,0.15251542627811432
2000-07-25,MBALE,1.6531275455839023,2.868720531463623,0.18905450403690338
2000-07-26,SIRONKO,0.5105144071646163,1.6552051305770874,0.019096966832876205
2000-07-26,BULAMBULI,0.3758783870383456,1.8675040006637573,0.0
2000-07-26,BUKWO,0.24131335988499797,0.8085838556289673,0.0
2000-07-26,BUTALEJA,2.574661361908105,5.844635009765625,0.48564407229423523
2000-07-26,KWEEN,0.1546673498919866,1.1455363035202026,0.0
2000-07-26,KAPCHORWA,0.8873121176364888,1.8675040006637573,0.0
2000-07-26,MANAFWA,1.1386497240581415,5.440433979034424,0.09133163839578629
2000-07-26,BUDUDA,0.5621815698640575,0.9936368465423584,0.019096966832876205
2000-07-26,MBALE,0.45176121006253134,1.5940295457839966,0.0
2000-07-26,MBALE,0.5979076757020044,0.8702084422111511,0.5107398629188538
2000-07-27,SIRONKO,1.6206721972620408,5.378779888153076,0.46167123317718506
2000-07-27,BULAMBULI,1.8981462543618906,9.220171928405762,0.0
2000-07-27,BUKWO,0.4010001803273049,2.9919893741607666,0.0
2000-07-27,BUTALEJA,10.734040510864716,24.736164093017578,0.7196200489997864
2000-07-27,KWEEN,0.6632242825747181,4.7930827140808105,0.0
2000-07-27,KAPCHORWA,3.3752168084560497,9.220171928405762,0.09946832805871964
2000-07-27,MANAFWA,2.3493840199271894,7.472503662109375,0.4421570301055908
2000-07-27,BUDUDA,0.636441879313436,1.7292979955673218,0.41309404373168945
2000-07-27,MBALE,2.2516119578857223,8.310190200805664,0.0
2000-07-27,MBALE,4.632433199080773,6.386549472808838,4.604862689971924
2000-07-28,SIRONKO,0.7043863640647475,4.817489147186279,0.0
2000-07-28,BULAMBULI,11.68905530585798,31.436548233032227,0.44719985127449036
2000-07-28,BUKWO,1.3393425848124085,10.212930679321289,0.0
2000-07-28,BUTALEJA,0.26978181502759346,2.4190351963043213,0.0
2000-07-28,KWEEN,9.644807491673838,27.943462371826172,0.035297941416502
2000-07-28,KAPCHORWA,7.312584682170573,19.810060501098633,1.1930476427078247
2000-07-28,MANAFWA,0.9769071045320572,4.804320812225342,0.0
2000-07-28,BUDUDA,0.6296464466200777,1.2103036642074585,0.08508162945508957
2000-07-28,MBALE,0.14203542908757638,1.8563191890716553,0.0
2000-07-28,MBALE,0.059690541514492566,0.13827632367610931,0.0
2000-07-29,SIRONKO,0.8646953434213234,2.8559229373931885,0.2751635015010834
2000-07-29,BULAMBULI,1.4246650895181543,2.8559229373931885,0.03159415349364281
2000-07-29,BUKWO,1.4421867216113524,9.030710220336914,0.0
2000-07-29,BUTALEJA,0.024786882069201554,1.0563023090362549,0.0
2000-07-29,KWEEN,4.045840435906841,10.780658721923828,0.3026420772075653
2000-07-29,KAPCHORWA,1.9613636765424267,2.5061891078948975,1.1888350248336792
2000-07-29,MANAFWA,0.8045966581738798,3.4554128646850586,0.05229626223444939
2000-07-29,BUDUDA,0.4561887662660599,1.0487064123153687,0.07295548915863037
2000-07-29,MBALE,0.19604843413697143,1.8742531538009644,0.0
2000-07-29,MBALE,0.2045273187451996,0.4299258589744568,0.0
2000-07-30,SIRONKO,1.762225623651863,4.864398956298828,0.6152730584144592
2000-07-30,BULAMBULI,1.664032582515109,5.586880207061768,0.07989437878131866
2000-07-30,BUKWO,1.494596058306109,5.771690368652344,0.49988803267478943
2000-07-30,BUTALEJA,6.721772285960734,17.788959503173828,0.31279897689819336
2000-07-30,KWEEN,3.4621856421987247,10.926971435546875,0.3059154748916626
2000-07-30,KAPCHORWA,3.898784017234219,6.041630744934082,1.201909065246582
2000-07-30,MANAFWA,2.046421541961324,6.004815578460693,0.3790862560272217
2000-07-30,BUDUDA,0.766300977446979,1.8092621564865112,0.3790862560272217
2000-07-30,MBALE,1.1968822286162646,6.309454917907715,0.0
2000-07-30,MBALE,1.6868646673194105,2.544429063796997,1.5478225946426392
2000-07-31,SIRONKO,0.8479756081865206,6.899905681610107,0.10926230251789093
2000-07-31,BULAMBULI,2.6804980035389843,9.63514232635498,0.0
2000-07-31,BUKWO,0.6591544528120776,4.484016418457031,0.0
2000-07-31,BUTALEJA,0.2633801430601251,1.4740700721740723,0.0
2000-07-31,KWEEN,1.5337213240080332,4.484016418457031,0.0
2000-07-31,KAPCHORWA,4.653870913249027,9.63514232635498,0.7487924695014954
2000-07-31,MANAFWA,0.5531844264153876,2.750436782836914,0.034650981426239014
2000-07-31,BUDUDA,0.17094650732218872,0.5930454134941101,0.034650981426239014
2000-07-31,MBALE,0.3322325329729895,1.295114278793335,0.0
2000-07-31,MBALE,0.300734301179482,0.6258659362792969,0.11900408565998077
2000-08-01,SIRONKO,9.766210341267948,24.09686279296875,1.2135447263717651
2000-08-01,BULAMBULI,8.122081142958262,25.47138214111328,1.0081156492233276
2000-08-01,BUKWO,4.9430016316124235,11.58564567565918,0.0
2000-08-01,BUTALEJA,2.927837061636549,7.425161838531494,0.36368924379348755
2000-08-01,KWEEN,5.401124544715538,12.466456413269043,1.0081156492233276
2000-08-01,KAPCHORWA,8.567227211640901,25.47138214111328,1.0081156492233276
2000-08-01,MANAFWA,3.0898657214001375,7.518375873565674,0.6432880759239197
2000-08-01,BUDUDA,2.762599081477162,4.473654270172119,0.9385808110237122
2000-08-01,MBALE,2.2632502794275595,18.329790115356445,0.2748521864414215
2000-08-01,MBALE,2.050333455715777,4.913733005523682,1.3111039400100708
2000-08-02,SIRONKO,7.7120322823786385,9.914886474609375,4.0529584884643555
2000-08-02,BULAMBULI,6.263493964219173,14.01562786102295,1.062242031097412
2000-08-02,BUKWO,7.630415427120506,15.037034034729004,0.0
2000-08-02,BUTALEJA,4.708953788781762,7.631511688232422,2.9511382579803467
2000-08-02,KWEEN,7.839463231955375,17.28679847717285,1.062242031097412
2000-08-02,KAPCHORWA,5.639028506672057,9.088055610656738,1.062242031097412
2000-08-02,MANAFWA,8.896199317247,13.547924995422363,3.6734397411346436
2000-08-02,BUDUDA,7.382458094951608,12.156464576721191,3.841259479522705
2000-08-02,MBALE,5.117661300617912,9.914886474609375,2.3880059719085693
2000-08-02,MBALE,3.575925542566459,7.0744733810424805,2.3880059719085693
2000-08-03,SIRONKO,2.5362840131134146,5.577796459197998,0.0
2000-08-03,BULAMBULI,5.702607489610977,15.752285957336426,0.4320695996284485
2000-08-03,BUKWO,6.335595698450479,11.475631713867188,0.0
2000-08-03,BUTALEJA,0.2702390883761739,1.1833080053329468,0.0
2000-08-03,KWEEN,3.2261545811833456,11.989635467529297,0.0
2000-08-03,KAPCHORWA,3.097863301318745,9.840861320495605,1.5497945547103882
2000-08-03,MANAFWA,2.5950856044241526,9.412199974060059,0.4457067847251892
2000-08-03,BUDUDA,3.0093839962311666,5.186950206756592,1.2015517950057983
2000-08-03,MBALE,1.034114691681092,3.052354335784912,0.0
2000-08-03,MBALE,0.9852367859142807,1.7077995538711548,0.8540813326835632
2000-08-04,SIRONKO,3.9338382683182664,10.012423515319824,0.37997716665267944
2000-08-04,BULAMBULI,3.189620537802237,11.85461139678955,0.0
2000-08-04,BUKWO,3.1708872018089247,8.737531661987305,0.0
2000-08-04,BUTALEJA,0.18250400503035047,1.2418874502182007,0.0
2000-08-04,KWEEN,2.841780155691346,8.737531661987305,0.0
2000-08-04,KAPCHORWA,6.127483180539602,11.58792781829834,0.9538784623146057
2000-08-04,MANAFWA,3.431054359106207,8.09659481048584,0.9189831018447876
2000-08-04,BUDUDA,6.294903379007923,8.612333297729492,2.0841498374938965
2000-08-04,MBALE,1.5951014136719748,5.5718302726745605,0.43486469984054565
2000-08-04,MBALE,0.935458990607509,2.1509652137756348,0.5269973874092102
2000-08-05,SIRONKO,5.383015777206384,10.66848373413086,1.2061724662780762
2000-08-05,BULAMBULI,5.943177316519124,12.006635665893555,0.06777385622262955
2000-08-05,BUKWO,1.6926633497254868,6.172893047332764,0.0
2000-08-05,BUTALEJA,4.163857726162935,7.55820894241333,0.49080023169517517
2000-08-05,KWEEN,2.9426622935840783,10.66848373413086,0.0
2000-08-05,KAPCHORWA,5.960735873197225,14.486732482910156,0.267320841550827
2000-08-05,MANAFWA,6.147236912358675,12.421135902404785,2.3583691120147705
2000-08-05,BUDUDA,7.42477739283807,13.85827922821045,2.5762174129486084
2000-08-05,MBALE,4.712966611055773,9.449075698852539,2.524299144744873
2000-08-05,MBALE,2.7120239546281075,4.109100341796875,2.603624105453491
2000-08-06,SIRONKO,8.224326667162412,23.635189056396484,0.16466261446475983
2000-08-06,BULAMBULI,8.690124556732377,19.29409408569336,0.0
2000-08-06,BUKWO,7.0340569227128125,20.147369384765625,1.1039355993270874
2000-08-06,BUTALEJA,16.49162096327098,23.145740509033203,9.662288665771484
2000-08-06,KWEEN,8.907862163262172,20.147369384765625,3.17966628074646
2000-08-06,KAPCHORWA,7.365446285984387,14.698747634887695,2.031766891479492
2000-08-06,MANAFWA,19.077386112240934,26.34970474243164,12.126910209655762
2000-08-06,BUDUDA,20.71289760403457,26.23078727722168,12.630072593688965
2000-08-06,MBALE,12.947425675030168,20.9420166015625,2.702282428741455
2000-08-06,MBALE,7.683580485427062,9.746580123901367,3.736581802368164
2000-08-07,SIRONKO,15.00646065988814,23.94109344482422,8.573201179504395
2000-08-07,BULAMBULI,16.460652085120735,23.94109344482422,3.3953518867492676
2000-08-07,BUKWO,22.606066599539947,30.911136627197266,10.402446746826172
2000-08-07,BUTALEJA,1.6623234582665662,5.637922763824463,0.14923563599586487
2000-08-07,KWEEN,15.278167734816106,29.933427810668945,4.955225467681885
2000-08-07,KAPCHORWA,20.727497854845033,22.37777328491211,14.196006774902344
2000-08-07,MANAFWA,3.1894835344000594,10.143875122070312,0.21465753018856049
2000-08-07,BUDUDA,10.238158101557035,15.379005432128906,4.114198684692383
2000-08-07,MBALE,5.367880028819993,19.90188217163086,0.30003979802131653
2000-08-07,MBALE,7.018076137121775,9.808453559875488,6.183894634246826
2000-08-08,SIRONKO,4.048966160992495,8.021464347839355,1.8338207006454468
2000-08-08,BULAMBULI,4.519049447060919,12.961722373962402,0.612829864025116
2000-08-08,BUKWO,6.787945894849947,12.961722373962402,1.624087929725647
2000-08-08,BUTALEJA,0.6181806901197756,1.6877326965332031,0.17472770810127258
2000-08-08,KWEEN,4.139055055505576,12.961722373962402,0.8341542482376099
2000-08-08,KAPCHORWA,6.666445572947519,12.961722373962402,1.726823091506958
2000-08-08,MANAFWA,3.7082727454028652,8.641437530517578,0.5518298149108887
2000-08-08,BUDUDA,5.804090877401072,8.021464347839355,2.9376378059387207
2000-08-08,MBALE,2.065405740008546,4.718247413635254,0.4422413408756256
2000-08-08,MBALE,1.4850897931056282,1.969358205795288,1.3606116771697998
2000-08-09,SIRONKO,8.455264131619082,22.510011672973633,4.86079216003418
2000-08-09,BULAMBULI,11.781502003986702,22.510011672973633,6.363137722015381
2000-08-09,BUKWO,10.838673948875932,18.13228988647461,6.9419636726379395
2000-08-09,BUTALEJA,4.004649158748407,7.257933139801025,1.2646939754486084
2000-08-09,KWEEN,12.52705667166953,22.510011672973633,6.677873134613037
2000-08-09,KAPCHORWA,12.079301442004837,21.101728439331055,9.676214218139648
2000-08-09,MANAFWA,14.698479258334045,18.932497024536133,6.877255439758301
2000-08-09,BUDUDA,14.050008577758511,22.510011672973633,6.036716461181641
2000-08-09,MBALE,6.1376308245331375,18.932497024536133,2.079007148742676
2000-08-09,MBALE,3.4753786871490076,4.568820953369141,3.3176565170288086
2000-08-10,SIRONKO,11.214617815939123,18.328907012939453,2.8956902027130127
2000-08-10,BULAMBULI,15.010175101029812,27.767045974731445,2.433946371078491
2000-08-10,BUKWO,15.416687544354835,27.767045974731445,10.753320693969727
2000-08-10,BUTALEJA,6.131253067706713,20.316497802734375,2.3177101612091064
2000-08-10,KWEEN,13.900037844088233,27.767045974731445,6.8865966796875
2000-08-10,KAPCHORWA,14.498045524007647,27.767045974731445,7.190609931945801
2000-08-10,MANAFWA,5.313825602893158,10.844948768615723,2.2673585414886475
2000-08-10,BUDUDA,11.154790323257618,16.855770111083984,6.360484600067139
2000-08-10,MBALE,6.169438804357433,14.01305103302002,2.450251817703247
2000-08-10,MBALE,4.6172138501957205,7.701952934265137,2.7804322242736816
2000-08-11,SIRONKO,3.09820055373021,5.114919662475586,1.4389896392822266
2000-08-11,BULAMBULI,4.61969239841818,7.626657962799072,1.873960256576538
2000-08-11,BUKWO,5.246664587820255,7.626657962799072,2.851191759109497
2000-08-11,BUTALEJA,1.6476071334120987,3.9385645389556885,0.39034879207611084
2000-08-11,KWEEN,3.58185126512291,7.626657962799072,2.0577757358551025
2000-08-11,KAPCHORWA,4.9797976503865025,7.626657962799072,2.8196847438812256
2000-08-11,MANAFWA,2.771907772994478,4.334400177001953,0.6275662779808044
2000-08-11,BUDUDA,2.816711422045351,4.919764041900635,1.3020949363708496
2000-08-11,MBALE,2.4285175892972393,4.2376532554626465,0.5927240252494812
2000-08-11,MBALE,2.601928255233429,3.190924882888794,2.37457275390625
2000-08-12,SIRONKO,19.48857631380914,32.435943603515625,10.912826538085938
2000-08-12,BULAMBULI,24.236879155998114,37.68735885620117,8.737189292907715
2000-08-12,BUKWO,19.144726551954047,33.77019119262695,8.359457015991211
2000-08-12,BUTALEJA,2.4490713812239515,7.929309368133545,0.5384036898612976
2000-08-12,KWEEN,18.253609310365366,33.77019119262695,5.764621734619141
2000-08-12,KAPCHORWA,28.68342882158781,37.68735885620117,19.88898468017578
2000-08-12,MANAFWA,6.277931092526667,17.958261489868164,0.48323193192481995
2000-08-12,BUDUDA,15.934628947855325,29.587339401245117,8.892311096191406
2000-08-12,MBALE,8.005900910630391,16.222238540649414,1.2576625347137451
2000-08-12,MBALE,8.2234456522808,9.346927642822266,8.030978202819824
2000-08-13,SIRONKO,29.037140493696295,39.82002639770508,19.858585357666016
2000-08-13,BULAMBULI,32.843097846696544,39.82002639770508,21.932777404785156
2000-08-13,BUKWO,22.944220134795582,30.89650535583496,16.764894485473633
2000-08-13,BUTALEJA,22.984581468034815,30.974586486816406,17.521015167236328
2000-08-13,KWEEN,27.024163008771037,38.1630859375,19.413713455200195
2000-08-13,KAPCHORWA,26.787250810457987,37.57164001464844,19.413713455200195
2000-08-13,MANAFWA,17.327625996983585,25.840301513671875,7.725122928619385
2000-08-13,BUDUDA,24.393038482879724,31.630870819091797,19.858585357666016
2000-08-13,MBALE,22.311998248232584,32.39006423950195,12.251751899719238
2000-08-13,MBALE,22.642403169196683,26.371376037597656,21.452577590942383
2000-08-14,SIRONKO,6.881345642128834,13.013691902160645,4.965045928955078
2000-08-14,BULAMBULI,7.869148626551162,14.396589279174805,3.780618667602539
2000-08-14,BUKWO,9.399788522522785,13.452879905700684,7.079697608947754
2000-08-14,BUTALEJA,2.5269000393226517,4.856069087982178,0.6912298202514648
2000-08-14,KWEEN,8.088638814866787,13.452879905700684,4.509693145751953
2000-08-14,KAPCHORWA,10.075020860485234,14.915921211242676,4.509693145751953
2000-08-14,MANAFWA,6.59076597680033,8.87801742553711,3.8553311824798584
2000-08-14,BUDUDA,7.878281700377919,13.013691902160645,4.965045928955078
2000-08-14,MBALE,5.539861946032097,8.334145545959473,3.0410172939300537
2000-08-14,MBALE,4.467333901835312,5.414450168609619,4.023306369781494
2000-08-15,SIRONKO,3.5424543665284167,10.605191230773926,0.7714314460754395
2000-08-15,BULAMBULI,4.0710694597730885,13.380477905273438,0.11600704491138458
2000-08-15,BUKWO,7.592038883949354,15.41861629486084,2.0750277042388916
2000-08-15,BUTALEJA,3.06384785768409,14.901758193969727,0.0
2000-08-15,KWEEN,6.473138080828142,12.255765914916992,1.9396222829818726
2000-08-15,KAPCHORWA,7.145526527902806,12.928396224975586,0.9401601552963257
2000-08-15,MANAFWA,7.4050302762163165,13.106947898864746,3.1977367401123047
2000-08-15,BUDUDA,9.537732849797646,13.106947898864746,2.7578179836273193
2000-08-15,MBALE,3.276324372530335,10.246598243713379,0.4814053177833557
2000-08-15,MBALE,1.49462198658469,1.7886401414871216,1.3699365854263306
2000-08-16,SIRONKO,5.528788634159121,14.494129180908203,3.009538412094116
2000-08-16,BULAMBULI,4.852902246458086,14.494129180908203,0.877156138420105
2000-08-16,BUKWO,5.43855413665154,17.553050994873047,1.372579574584961
2000-08-16,BUTALEJA,6.657327500509641,10.897744178771973,4.139396667480469
2000-08-16,KWEEN,2.523321769536871,17.553050994873047,0.034966837614774704
2000-08-16,KAPCHORWA,4.558851521799071,9.923030853271484,1.2247602939605713
2000-08-16,MANAFWA,7.054846268004918,9.945401191711426,3.579083204269409
2000-08-16,BUDUDA,7.880318956599755,14.494129180908203,4.974005699157715
2000-08-16,MBALE,8.692284792929309,11.213910102844238,4.344662189483643
2000-08-16,MBALE,8.251967484990717,8.84241008758545,6.999144077301025
2000-08-17,SIRONKO,7.512570827060129,16.51445960998535,1.0075210332870483
2000-08-17,BULAMBULI,5.248012402008078,16.51445960998535,0.0050218189135193825
2000-08-17,BUKWO,6.5190357246896955,15.386611938476562,2.4506382942199707
2000-08-17,BUTALEJA,11.051186561126535,14.066276550292969,4.320280075073242
2000-08-17,KWEEN,4.040054285761233,16.21384620666504,0.48864832520484924
2000-08-17,KAPCHORWA,6.5900560593453195,13.458860397338867,0.9282252192497253
2000-08-17,MANAFWA,5.615877513793737,12.560039520263672,0.7829278707504272
2000-08-17,BUDUDA,11.380430112945355,16.51445960998535,8.004925727844238
2000-08-17,MBALE,8.66607095856451,14.066276550292969,4.231462478637695
2000-08-17,MBALE,8.72074256144121,10.417510032653809,6.551870346069336
2000-08-18,SIRONKO,7.24692991331913,11.809596061706543,3.3439838886260986
2000-08-18,BULAMBULI,9.664265355995733,12.863548278808594,4.350892543792725
2000-08-18,BUKWO,14.297293436589115,22.908157348632812,8.409562110900879
2000-08-18,BUTALEJA,6.312835391564171,12.084922790527344,3.7446935176849365
2000-08-18,KWEEN,15.715328531068042,22.182575225830078,7.2890625
2000-08-18,KAPCHORWA,10.043546375109367,13.555498123168945,7.008357524871826
2000-08-18,MANAFWA,9.479723127638701,14.172895431518555,3.475813388824463
2000-08-18,BUDUDA,9.12593117603884,12.546356201171875,6.005093574523926
2000-08-18,MBALE,6.017436919921257,9.527470588684082,3.377354145050049
2000-08-18,MBALE,4.695807748513404,5.587823867797852,3.7160394191741943
2000-08-19,SIRONKO,5.325980893200751,15.137920379638672,2.1338772773742676
2000-08-19,BULAMBULI,7.3607917270595,15.137920379638672,2.5373940467834473
2000-08-19,BUKWO,8.384394971309419,14.627799034118652,3.81658935546875
2000-08-19,BUTALEJA,2.455513158221058,4.642893314361572,0.1390051692724228
2000-08-19,KWEEN,9.850906653423545,15.137920379638672,4.893921375274658
2000-08-19,KAPCHORWA,7.259996760993323,12.200701713562012,4.307368755340576
2000-08-19,MANAFWA,3.448683088670502,5.903811454772949,1.2695199251174927
2000-08-19,BUDUDA,5.623100063695872,15.137920379638672,2.5112221240997314
2000-08-19,MBALE,2.938474829066155,4.278994083404541,1.3884572982788086
2000-08-19,MBALE,2.5720273017533026,2.894350051879883,1.8751376867294312
2000-08-20,SIRONKO,12.043853774140432,17.315261840820312,8.006065368652344
2000-08-20,BULAMBULI,9.271252975564698,17.315261840820312,1.6688852310180664
2000-08-20,BUKWO,11.14287109563525,16.7319278717041,9.303733825683594
2000-08-20,BUTALEJA,5.517165333517038,10.638347625732422,1.9803332090377808
2000-08-20,KWEEN,8.993344060527235,14.97812557220459,3.4595837593078613
2000-08-20,KAPCHORWA,9.42846015045268,15.190057754516602,4.326896667480469
2000-08-20,MANAFWA,6.621948528476161,11.60713005065918,2.0193848609924316
2000-08-20,BUDUDA,10.766061075285426,13.59017562866211,8.94217300415039
2000-08-20,MBALE,8.597846291165103,11.354949951171875,2.6279406547546387
2000-08-20,MBALE,9.130043647743074,11.024287223815918,7.7366132736206055
2000-08-21,SIRONKO,4.166761646543241,16.126874923706055,0.8868597149848938
2000-08-21,BULAMBULI,4.618685917126567,16.126874923706055,0.1714124232530594
2000-08-21,BUKWO,8.795170542314006,17.96112823486328,5.362194538116455
2000-08-21,BUTALEJA,0.24699508463888664,1.1340986490249634,0.0
2000-08-21,KWEEN,7.232356468341545,16.286941528320312,1.8634275197982788
2000-08-21,KAPCHORWA,4.583608281099787,11.414619445800781,2.7189629077911377
2000-08-21,MANAFWA,3.003441417398865,14.013651847839355,0.529664158821106
2000-08-21,BUDUDA,8.172853399635875,18.195276260375977,3.039759397506714
2000-08-21,MBALE,2.2801950153405244,4.992264747619629,0.5057191848754883
2000-08-21,MBALE,2.035772785325475,3.0411503314971924,0.9001727104187012
2000-08-22,SIRONKO,3.5105448504216876,15.837474822998047,0.5564101934432983
2000-08-22,BULAMBULI,5.139888712207698,15.837474822998047,0.24896079301834106
2000-08-22,BUKWO,16.810451004947346,24.88631248474121,8.662339210510254
2000-08-22,BUTALEJA,1.159383894247053,4.992093563079834,0.01681317761540413
2000-08-22,KWEEN,8.039430635529852,17.011070251464844,2.028841733932495
2000-08-22,KAPCHORWA,4.448454036319319,14.256576538085938,2.028841733932495
2000-08-22,MANAFWA,6.005504715672257,11.964619636535645,0.8246899843215942
2000-08-22,BUDUDA,7.309788445635964,15.837474822998047,1.8466840982437134
2000-08-22,MBALE,0.8740565609221045,2.8712055683135986,0.10732900351285934
2000-08-22,MBALE,0.7585527304969814,1.1856915950775146,0.39423951506614685
2000-08-23,SIRONKO,3.1444171208317173,10.047833442687988,0.05540488660335541
2000-08-23,BULAMBULI,8.522442174751575,18.93963623046875,1.6733558177947998
2000-08-23,BUKWO,9.000719732887074,14.120508193969727,2.0879364013671875
2000-08-23,BUTALEJA,0.10841423407158154,1.6031386852264404,0.0
2000-08-23,KWEEN,16.374445108755467,24.782581329345703,6.626104354858398
2000-08-23,KAPCHORWA,12.921393893005833,18.785825729370117,5.878060817718506
2000-08-23,MANAFWA,1.7104003196329414,6.104386806488037,0.0
2000-08-23,BUDUDA,5.122468423672547,6.626104354858398,1.6612051725387573
2000-08-23,MBALE,0.7092956673419752,5.046695232391357,0.0
2000-08-23,MBALE,0.48551855520644766,0.5227716565132141,0.25678250193595886
2000-08-24,SIRONKO,0.9689963521190155,5.438475131988525,0.0
2000-08-24,BULAMBULI,0.8103567037824376,5.438475131988525,0.0
2000-08-24,BUKWO,0.9109531523995033,4.217417240142822,0.0
2000-08-24,BUTALEJA,0.5753263417366352,3.216813325881958,0.0
2000-08-24,KWEEN,0.7139750920328977,5.438475131988525,0.0
2000-08-24,KAPCHORWA,1.2644866325689104,3.9061853885650635,0.0
2000-08-24,MANAFWA,1.1217038423262466,4.102277755737305,0.0
2000-08-24,BUDUDA,2.6864938632186965,5.438475131988525,0.570233166217804
2000-08-24,MBALE,0.11068254440730137,1.269956111907959,0.0
2000-08-24,MBALE,0.0,0.0,0.0
2000-08-25,SIRONKO,5.8198693780300585,12.631224632263184,2.7910754680633545
2000-08-25,BULAMBULI,3.831907738985214,12.631224632263184,0.1870238184928894
2000-08-25,BUKWO,2.517479017410649,9.97911548614502,0.2616618275642395
2000-08-25,BUTALEJA,3.7386005455741858,8.815787315368652,0.007718066684901714
2000-08-25,KWEEN,3.7780953763499774,12.158720016479492,0.819908082485199
2000-08-25,KAPCHORWA,2.5010258126281113,9.425257682800293,0.7828781604766846
2000-08-25,MANAFWA,3.77869105325416,8.237909317016602,1.0882887840270996
2000-08-25,BUDUDA,7.823887622687013,12.631224632263184,4.387984752655029
2000-08-25,MBALE,4.907051956185497,7.334998607635498,2.0124495029449463
2000-08-25,MBALE,4.979312902877738,6.635709285736084,2.388680934906006
2000-08-26,SIRONKO,19.918273567959826,35.661888122558594,12.000788688659668
2000-08-26,BULAMBULI,22.18941821931868,38.277626037597656,7.257333755493164
2000-08-26,BUKWO,10.915310072637489,20.162715911865234,0.8150413632392883
2000-08-26,BUTALEJA,11.9837944822882,20.92095184326172,7.343279838562012
2000-08-26,KWEEN,8.132674649850928,25.816265106201172,0.44139230251312256
2000-08-26,KAPCHORWA,16.648641501788127,38.277626037597656,6.439792156219482
2000-08-26,MANAFWA,17.28416387236404,29.610855102539062,7.47709321975708
2000-08-26,BUDUDA,22.64885973086138,29.610855102539062,12.000788688659668
2000-08-26,MBALE,17.114963012337515,29.610855102539062,6.0068840980529785
2000-08-26,MBALE,16.305334135710005,18.120981216430664,13.169370651245117
2000-08-27,SIRONKO,21.49089206790661,40.307071685791016,5.558703422546387
2000-08-27,BULAMBULI,15.461138822392554,43.177574157714844,2.1473288536071777
2000-08-27,BUKWO,25.177661250465327,40.89126205444336,2.7538490295410156
2000-08-27,BUTALEJA,4.545267766537993,9.946837425231934,0.8893736600875854
2000-08-27,KWEEN,12.51545874939737,40.89126205444336,1.001340627670288
2000-08-27,KAPCHORWA,11.337845672325862,43.177574157714844,2.1473288536071777
2000-08-27,MANAFWA,13.118067567206856,31.988168716430664,4.4224982261657715
2000-08-27,BUDUDA,26.81095814910048,37.23665237426758,11.003840446472168
2000-08-27,MBALE,8.239278488551074,26.87467384338379,2.3312137126922607
2000-08-27,MBALE,6.737705910980331,12.459569931030273,3.6617987155914307
2000-08-28,SIRONKO,25.552887091808373,50.690425872802734,6.52846622467041
2000-08-28,BULAMBULI,24.02367330506259,53.98366165161133,3.464682102203369
2000-08-28,BUKWO,22.082980286473852,33.98723602294922,1.4008742570877075
2000-08-28,BUTALEJA,2.0768432420091085,5.165881633758545,0.7719362378120422
2000-08-28,KWEEN,12.37648898210747,33.98723602294922,0.6257613301277161
2000-08-28,KAPCHORWA,28.195427265300264,49.236942291259766,12.821013450622559
2000-08-28,MANAFWA,11.810962694550621,26.976774215698242,5.73408842086792
2000-08-28,BUDUDA,20.537963491509238,37.737667083740234,9.151561737060547
2000-08-28,MBALE,7.369462093947555,24.59225845336914,1.3823299407958984
2000-08-28,MBALE,5.179653911858341,10.08133316040039,2.453456401824951
2000-08-29,SIRONKO,0.4461572710344599,3.0372073650360107,0.0
2000-08-29,BULAMBULI,2.017626497080082,6.004034042358398,0.0
2000-08-29,BUKWO,1.6541468330041016,4.752662181854248,0.030403263866901398
2000-08-29,BUTALEJA,0.6159655395809581,1.4329214096069336,0.0
2000-08-29,KWEEN,1.1032941981391375,6.856995582580566,0.0
2000-08-29,KAPCHORWA,4.036407462574712,7.666062831878662,0.648553192615509
2000-08-29,MANAFWA,3.2777696107881873,10.951059341430664,0.32216694951057434
2000-08-29,BUDUDA,1.5159082671956488,4.658819198608398,0.18894363939762115
2000-08-29,MBALE,0.2666922771351575,1.901405930519104,0.0
2000-08-29,MBALE,0.0,0.0,0.0
2000-08-30,SIRONKO,5.326066179788609,12.387109756469727,1.8503636121749878
2000-08-30,BULAMBULI,4.661022438306186,14.704703330993652,0.0
2000-08-30,BUKWO,3.369425164702419,13.420262336730957,0.0
2000-08-30,BUTALEJA,1.2616084997027988,8.90009593963623,0.0
2000-08-30,KWEEN,2.728361516971878,15.341015815734863,0.0
2000-08-30,KAPCHORWA,9.343515985472552,15.341015815734863,1.2224475145339966
2000-08-30,MANAFWA,1.092151303034704,2.27925443649292,0.0
2000-08-30,BUDUDA,2.58088180459496,5.664185523986816,1.4671409130096436
2000-08-30,MBALE,1.37286786856956,5.014891147613525,0.0
2000-08-30,MBALE,1.3570765662419026,2.230375289916992,0.8324482440948486
2000-08-31,SIRONKO,2.824540430164483,9.848073959350586,0.0
2000-08-31,BULAMBULI,2.03306785962427,16.107379913330078,0.0
2000-08-31,BUKWO,1.0076130313438363,6.176183223724365,0.0
2000-08-31,BUTALEJA,1.4205026700472736,4.756275653839111,0.0
2000-08-31,KWEEN,1.533079013694165,16.576196670532227,0.0
2000-08-31,KAPCHORWA,7.239739344807793,23.34073829650879,0.0
2000-08-31,MANAFWA,8.05815390537244,14.765443801879883,0.2743919789791107
2000-08-31,BUDUDA,6.404773743997281,13.423371315002441,1.770338773727417
2000-08-31,MBALE,0.5999687262735671,5.146309852600098,0.0
2000-08-31,MBALE,0.018142290609495588,0.02992699109017849,0.0
2000-09-01,SIRONKO,0.21969913417036285,0.684735119342804,0.0
2000-09-01,BULAMBULI,2.572045589645848,10.035477638244629,0.0
2000-09-01,BUKWO,0.14803901102287378,1.373565912246704,0.0
2000-09-01,BUTALEJA,1.3495356557882008,2.110731363296509,0.1441817730665207
2000-09-01,KWEEN,2.6052178600243345,10.035477638244629,0.0
2000-09-01,KAPCHORWA,1.265995641937104,7.338128566741943,0.0
2000-09-01,MANAFWA,1.090744841335791,1.524543285369873,0.24518245458602905
2000-09-01,BUDUDA,0.6198649101528447,1.5164766311645508,0.042586375027894974
2000-09-01,MBALE,1.2967564871367476,2.110731363296509,0.19308243691921234
2000-09-01,MBALE,1.2749683556703038,1.4633417129516602,0.5862976312637329
2000-09-02,SIRONKO,1.138542737263739,4.935359001159668,0.0
2000-09-02,BULAMBULI,2.8118026793246096,10.780105590820312,0.2743982672691345
2000-09-02,BUKWO,0.1904029841324251,1.3006937503814697,0.0
2000-09-02,BUTALEJA,3.7981042629205795,7.987523555755615,1.4684689044952393
2000-09-02,KWEEN,0.5239857041090874,3.1096367835998535,0.0
2000-09-02,KAPCHORWA,1.1572165750671275,2.5692057609558105,0.2315744012594223
2000-09-02,MANAFWA,3.7285431856755578,6.267082691192627,1.0500048398971558
2000-09-02,BUDUDA,2.603859602294375,5.560967445373535,0.5170468091964722
2000-09-02,MBALE,3.3951144988841886,7.987523555755615,0.24414756894111633
2000-09-02,MBALE,1.7497703755725027,1.980640172958374,0.4203052818775177
2000-09-03,SIRONKO,0.870445090171464,4.020793437957764,0.0
2000-09-03,BULAMBULI,0.8702974951462664,4.632655620574951,0.0
2000-09-03,BUKWO,0.15082666102338912,0.9307772517204285,0.0
2000-09-03,BUTALEJA,0.1987463872603851,1.4793514013290405,0.0
2000-09-03,KWEEN,0.2164501956050023,1.8686468601226807,0.0
2000-09-03,KAPCHORWA,1.4004980103987512,4.632655620574951,0.0
2000-09-03,MANAFWA,3.7894155453857135,7.314678192138672,0.5369848608970642
2000-09-03,BUDUDA,2.151905447690645,4.313846588134766,0.1994616538286209
2000-09-03,MBALE,1.0554006017555895,3.990725517272949,0.0
2000-09-03,MBALE,0.599318295758591,0.7304375767707825,0.11120672523975372
2000-09-04,SIRONKO,0.987774519959449,2.4100520610809326,0.0
2000-09-04,BULAMBULI,0.9670575926268127,4.401892185211182,0.0
2000-09-04,BUKWO,0.3384602773600192,3.0078542232513428,0.0
2000-09-04,BUTALEJA,5.816432682749083,8.734160423278809,2.5010626316070557
2000-09-04,KWEEN,0.3715097926207465,1.7567980289459229,0.0
2000-09-04,KAPCHORWA,1.282179424258272,4.401892185211182,0.01674286648631096
2000-09-04,MANAFWA,5.499269134022546,9.677203178405762,1.4243935346603394
2000-09-04,BUDUDA,2.548311209715917,5.131252765655518,0.4924585223197937
2000-09-04,MBALE,4.256928022975664,8.46435260772705,0.9697096943855286
2000-09-04,MBALE,3.4634430631678987,3.9709019660949707,1.6431647539138794
2000-09-05,SIRONKO,1.209372550612982,4.444154262542725,0.0
2000-09-05,BULAMBULI,4.5411616447155305,8.873411178588867,0.6291637420654297
2000-09-05,BUKWO,0.27712048118463395,2.827202558517456,0.0
2000-09-05,BUTALEJA,4.1501912205710205,9.735738754272461,0.01055750623345375
2000-09-05,KWEEN,4.989762994922981,14.316205024719238,0.0
2000-09-05,KAPCHORWA,2.6674889962993595,8.537725448608398,0.8384090065956116
2000-09-05,MANAFWA,3.7043313382073264,7.286529541015625,0.9114858508110046
2000-09-05,BUDUDA,3.819352014528297,7.4311347007751465,0.6291637420654297
2000-09-05,MBALE,2.237972361834277,7.4311347007751465,0.2898537814617157
2000-09-05,MBALE,1.840346132029593,3.0491559505462646,0.7873753905296326
2000-09-06,SIRONKO,0.8377042997645168,3.2730331420898438,0.0
2000-09-06,BULAMBULI,1.2666740259904168,5.601478099822998,0.0
2000-09-06,BUKWO,3.03376204008948,9.700746536254883,0.0
2000-09-06,BUTALEJA,8.286398597270562E-5,0.0526195727288723,0.0
2000-09-06,KWEEN,2.904059486770631,10.233506202697754,0.0
2000-09-06,KAPCHORWA,1.8033463428020668,5.601478099822998,0.0
2000-09-06,MANAFWA,1.356534425838156,5.695862293243408,0.0
2000-09-06,BUDUDA,3.10857475707735,5.330227375030518,0.39964723587036133
2000-09-06,MBALE,0.397347019584313,3.017266035079956,0.0
2000-09-06,MBALE,0.023704350936015833,0.2724442481994629,0.0
2000-09-07,SIRONKO,0.7839474970639769,3.2490651607513428,0.0
2000-09-07,BULAMBULI,2.2299827750075454,7.668939113616943,0.0
2000-09-07,BUKWO,2.0880576714787007,9.567012786865234,0.0
2000-09-07,BUTALEJA,0.051479757296542444,0.2216881662607193,0.0
2000-09-07,KWEEN,5.014426341928795,18.787452697753906,0.0
2000-09-07,KAPCHORWA,3.4328677799132263,7.668939113616943,0.0
2000-09-07,MANAFWA,4.031187141719251,7.465830326080322,0.3188880383968353
2000-09-07,BUDUDA,2.308514617252954,3.842665195465088,0.31628331542015076
2000-09-07,MBALE,0.41331334146633664,2.72330904006958,0.0
2000-09-07,MBALE,0.024341104619650136,0.42286697030067444,0.0
2000-09-08,SIRONKO,1.6605140202744495,7.223598957061768,0.0
2000-09-08,BULAMBULI,6.529291232591267,15.058614730834961,0.09495092928409576
2000-09-08,BUKWO,1.2589026130348164,3.0514328479766846,0.0
2000-09-08,BUTALEJA,3.701348140124403,9.385798454284668,0.8948798775672913
2000-09-08,KWEEN,2.677180372735985,15.058614730834961,0.0
2000-09-08,KAPCHORWA,5.214579946598443,15.058614730834961,0.0
2000-09-08,MANAFWA,3.477055525072604,6.734343528747559,1.492288589477539
2000-09-08,BUDUDA,2.3002881402530524,3.9014105796813965,0.2871701419353485
2000-09-08,MBALE,1.4102925289746187,3.428687572479248,0.0
2000-09-08,MBALE,0.07818553939953062,2.209476947784424,0.0
2000-09-09,SIRONKO,0.8203386253334014,3.6036858558654785,0.0
2000-09-09,BULAMBULI,3.3545728184823287,9.464255332946777,0.13311389088630676
2000-09-09,BUKWO,1.1246693617498698,2.751220941543579,0.0
2000-09-09,BUTALEJA,2.025304808988425,3.4204328060150146,0.5994789600372314
2000-09-09,KWEEN,0.7652939935365906,3.5216712951660156,0.0
2000-09-09,KAPCHORWA,2.6742238587206826,6.081528663635254,0.0
2000-09-09,MANAFWA,3.2245357373999757,5.372630596160889,1.345475196838379
2000-09-09,BUDUDA,1.47779308959945,2.472283124923706,0.15844687819480896
2000-09-09,MBALE,0.9231388066288125,3.2181456089019775,0.0
2000-09-09,MBALE,0.028393427596600507,0.9373747110366821,0.0
2000-09-10,SIRONKO,0.2615309240030137,1.1067512035369873,0.0
2000-09-10,BULAMBULI,0.3508511015783128,1.2214568853378296,0.0
2000-09-10,BUKWO,0.1944342054070578,0.9008556604385376,0.0
2000-09-10,BUTALEJA,3.4537589719304878,11.792491912841797,0.2335885912179947
2000-09-10,KWEEN,0.20698287895632006,1.2214568853378296,0.0
2000-09-10,KAPCHORWA,0.30906325440815574,0.9908567070960999,0.0
2000-09-10,MANAFWA,2.599607183514221,7.319458961486816,0.49565932154655457
2000-09-10,BUDUDA,0.8346962779158461,1.4339340925216675,0.11950923502445221
2000-09-10,MBALE,0.41091103674038104,1.7734060287475586,0.0
2000-09-10,MBALE,0.02825456416435659,0.9604244232177734,0.0
2000-09-11,SIRONKO,1.0837445976322047,3.9842333793640137,0.0
2000-09-11,BULAMBULI,0.7763709412362482,3.9842333793640137,0.0
2000-09-11,BUKWO,0.07534725776479784,0.7441486716270447,0.0
2000-09-11,BUTALEJA,0.02173833474113908,0.3992888927459717,0.0
2000-09-11,KWEEN,0.12391936425381726,0.9099369645118713,0.0
2000-09-11,KAPCHORWA,0.5138474751739107,2.794135570526123,0.0
2000-09-11,MANAFWA,1.324370596960874,4.456921577453613,0.43482786417007446
2000-09-11,BUDUDA,0.766015787705893,1.7960972785949707,0.213956817984581
2000-09-11,MBALE,0.23544034129765493,1.3244943618774414,0.0
2000-09-11,MBALE,6.211236219000591E-4,0.03490828722715378,0.0
2000-09-12,SIRONKO,1.6434081858959324,4.839681148529053,0.0
2000-09-12,BULAMBULI,1.702517095769288,5.109081268310547,0.0
2000-09-12,BUKWO,0.3617948044215477,1.8288885354995728,0.0
2000-09-12,BUTALEJA,0.05801551365864461,0.4308992922306061,0.0
2000-09-12,KWEEN,0.49112586269417235,2.099656343460083,0.0
2000-09-12,KAPCHORWA,1.8570382290407204,5.109081268310547,0.3613699972629547
2000-09-12,MANAFWA,0.6269013833249975,1.558872938156128,0.09091909229755402
2000-09-12,BUDUDA,1.2200025633545708,2.160327434539795,0.5574754476547241
2000-09-12,MBALE,0.2414455309688619,1.737960934638977,0.0
2000-09-12,MBALE,0.0024497965961899045,0.13768306374549866,0.0
2000-09-13,SIRONKO,1.4242635174104024,4.229417324066162,0.0
2000-09-13,BULAMBULI,1.2699899033374837,4.678650856018066,0.0
2000-09-13,BUKWO,0.23663505042614258,3.07732892036438,0.0
2000-09-13,BUTALEJA,0.11257835656161409,1.845535159111023,0.0
2000-09-13,KWEEN,0.208841305506096,3.3806838989257812,0.0
2000-09-13,KAPCHORWA,1.4117735993868534,4.678650856018066,0.04750152677297592
2000-09-13,MANAFWA,0.7631848914949518,3.2214980125427246,0.0
2000-09-13,BUDUDA,2.290977131671741,3.3806838989257812,0.9052969813346863
2000-09-13,MBALE,0.22447537909340706,1.9649049043655396,0.0
2000-09-13,MBALE,0.0049065328767165,0.2757561504840851,0.0
2000-09-14,SIRONKO,2.3384283923847433,7.847831726074219,0.0
2000-09-14,BULAMBULI,3.8502204109406053,11.14488410949707,0.0
2000-09-14,BUKWO,0.4063861518493358,2.8351728916168213,0.0
2000-09-14,BUTALEJA,0.520977838025724,3.778637409210205,0.0
2000-09-14,KWEEN,0.8253404760575749,4.501254081726074,0.0
2000-09-14,KAPCHORWA,4.781463781182983,11.14488410949707,0.7489001750946045
2000-09-14,MANAFWA,2.478577892170745,6.681055545806885,1.0005544424057007
2000-09-14,BUDUDA,2.3979890989212316,3.6137304306030273,1.4721430540084839
2000-09-14,MBALE,0.6457059139434244,3.6137304306030273,0.0
2000-09-14,MBALE,0.006441968924618608,0.36205047369003296,0.0
2000-09-15,SIRONKO,2.896326504794624,8.212194442749023,0.0
2000-09-15,BULAMBULI,10.422431827008474,19.432466506958008,2.65824031829834
2000-09-15,BUKWO,4.010100520120843,12.888638496398926,0.0
2000-09-15,BUTALEJA,6.2562359210087966,12.280832290649414,0.0
2000-09-15,KWEEN,9.32866605406434,19.432466506958008,0.0
2000-09-15,KAPCHORWA,7.383699506390617,15.02364444732666,2.9222145080566406
2000-09-15,MANAFWA,6.235739311164734,12.029362678527832,3.1036274433135986
2000-09-15,BUDUDA,3.503191380458655,6.0295186042785645,1.4718278646469116
2000-09-15,MBALE,1.9866861908464235,7.2231364250183105,0.0
2000-09-15,MBALE,0.018780829487693804,1.0555170774459839,0.0
2000-09-16,SIRONKO,12.227138012333924,19.01059341430664,8.604459762573242
2000-09-16,BULAMBULI,14.092539618201933,25.363981246948242,2.9138972759246826
2000-09-16,BUKWO,1.4931779692628953,6.537308692932129,0.0
2000-09-16,BUTALEJA,15.011204253904546,19.778804779052734,9.6665620803833
2000-09-16,KWEEN,2.75379079200921,10.682561874389648,0.0
2000-09-16,KAPCHORWA,13.905007638380827,25.363981246948242,3.9009814262390137
2000-09-16,MANAFWA,18.113221152455942,28.17842674255371,10.047087669372559
2000-09-16,BUDUDA,16.896839426689045,29.1395263671875,7.070119380950928
2000-09-16,MBALE,18.658434304029626,29.1395263671875,8.90610122680664
2000-09-16,MBALE,13.062156344254035,17.78523826599121,9.359158515930176
2000-09-17,SIRONKO,2.3139273836223784,7.134908676147461,0.24570636451244354
2000-09-17,BULAMBULI,1.4641114890173172,7.134908676147461,0.0
2000-09-17,BUKWO,0.7664949176803391,4.367234230041504,0.0
2000-09-17,BUTALEJA,2.589974665159416,11.748762130737305,0.40506139397621155
2000-09-17,KWEEN,0.7227455774057676,6.359818458557129,0.0
2000-09-17,KAPCHORWA,1.5510337788690822,5.042925834655762,0.0
2000-09-17,MANAFWA,3.4350722383851195,5.444187164306641,1.6851465702056885
2000-09-17,BUDUDA,3.802875485528116,7.134908676147461,1.6851465702056885
2000-09-17,MBALE,2.8301532647015293,4.958978176116943,0.38619399070739746
2000-09-17,MBALE,1.6970036729387004,2.3527050018310547,0.7646230459213257
2000-09-18,SIRONKO,17.68678644468888,40.63861846923828,8.5226469039917
2000-09-18,BULAMBULI,18.80142919738695,46.15403747558594,0.9439383745193481
2000-09-18,BUKWO,0.8977138204496923,9.604806900024414,0.0
2000-09-18,BUTALEJA,0.5016507748312694,3.7504026889801025,0.0
2000-09-18,KWEEN,1.6062954858042795,15.40766429901123,0.0
2000-09-18,KAPCHORWA,14.989077587332988,46.15403747558594,2.012824773788452
2000-09-18,MANAFWA,1.8362138019872685,11.184056282043457,0.0
2000-09-18,BUDUDA,10.574443866581673,22.26689338684082,4.524984359741211
2000-09-18,MBALE,4.934608688899969,15.677647590637207,0.147257000207901
2000-09-18,MBALE,5.814228724935185,8.747594833374023,4.1771769523620605
2000-09-19,SIRONKO,3.8962569009091714,7.366232872009277,0.8661096692085266
2000-09-19,BULAMBULI,9.428138888023025,24.448400497436523,1.2201037406921387
2000-09-19,BUKWO,0.817255009894089,7.8330464363098145,0.0
2000-09-19,BUTALEJA,3.768612848659282,7.677669525146484,0.4192306101322174
2000-09-19,KWEEN,11.996640856070034,28.476341247558594,0.5583245754241943
2000-09-19,KAPCHORWA,9.253987947660702,20.326852798461914,3.3715922832489014
2000-09-19,MANAFWA,2.5969914342614167,5.148001194000244,0.6756454110145569
2000-09-19,BUDUDA,2.130582028117837,5.205191612243652,0.6685084700584412
2000-09-19,MBALE,5.0580094085622,7.677669525146484,2.0049688816070557
2000-09-19,MBALE,5.535606326910549,6.750070571899414,5.250070571899414
2000-09-20,SIRONKO,4.370941245897487,9.65331745147705,1.465453028678894
2000-09-20,BULAMBULI,9.758733224514144,27.82585334777832,1.465453028678894
2000-09-20,BUKWO,2.4246401528312056,16.11759376525879,0.0
2000-09-20,BUTALEJA,7.610492476488708,17.659421920776367,2.641838312149048
2000-09-20,KWEEN,13.505350453567406,30.974468231201172,2.53330659866333
2000-09-20,KAPCHORWA,6.941134393132036,19.053661346435547,2.2433645725250244
2000-09-20,MANAFWA,6.21123769005043,8.772758483886719,2.574108123779297
2000-09-20,BUDUDA,3.8374593359834117,8.729162216186523,1.6109180450439453
2000-09-20,MBALE,7.01534619912934,10.740466117858887,1.8325145244598389
2000-09-20,MBALE,7.370767756844126,8.148446083068848,7.268759727478027
2000-09-21,SIRONKO,19.7564471557177,45.11260986328125,9.208206176757812
2000-09-21,BULAMBULI,41.05345524496257,60.43623733520508,9.208206176757812
2000-09-21,BUKWO,7.2479202906052445,18.312795639038086,0.0
2000-09-21,BUTALEJA,10.917401358950187,19.428251266479492,8.530034065246582
2000-09-21,KWEEN,21.860488873368713,55.936553955078125,4.049620628356934
2000-09-21,KAPCHORWA,30.254877349934812,51.013458251953125,11.217700958251953
2000-09-21,MANAFWA,7.280853083095568,13.810933113098145,4.643651962280273
2000-09-21,BUDUDA,11.714104134301163,16.349794387817383,5.7154107093811035
2000-09-21,MBALE,12.346246566505851,23.731637954711914,6.276247024536133
2000-09-21,MBALE,11.442595706046738,14.885019302368164,10.208125114440918
2000-09-22,SIRONKO,3.1756553649515196,12.401666641235352,1.4106539487838745
2000-09-22,BULAMBULI,8.570566527606962,21.612911224365234,2.294116258621216
2000-09-22,BUKWO,16.57793180309013,32.38536834716797,6.008691787719727
2000-09-22,BUTALEJA,13.252264951163905,21.35782814025879,6.167182922363281
2000-09-22,KWEEN,17.102203386431135,37.30045700073242,6.008691787719727
2000-09-22,KAPCHORWA,11.610503457959382,21.492931365966797,3.896009683609009
2000-09-22,MANAFWA,6.854697757914841,14.02819538116455,3.3361799716949463
2000-09-22,BUDUDA,4.856306174201538,12.401666641235352,2.741283893585205
2000-09-22,MBALE,5.941318928008971,10.26974105834961,1.4106539487838745
2000-09-22,MBALE,4.877844038797367,6.031839847564697,4.368282318115234
2000-09-23,SIRONKO,4.856308382925485,12.662495613098145,0.2738581895828247
2000-09-23,BULAMBULI,6.343948776332825,12.662495613098145,0.4537457227706909
2000-09-23,BUKWO,1.534902637017869,9.07555103302002,0.0
2000-09-23,BUTALEJA,1.138733486077513,4.102598190307617,0.0
2000-09-23,KWEEN,2.7072034209846016,9.628398895263672,0.0
2000-09-23,KAPCHORWA,5.564765421901256,10.845736503601074,3.3622303009033203
2000-09-23,MANAFWA,7.473466071650144,12.131906509399414,2.1796040534973145
2000-09-23,BUDUDA,7.796876299443243,9.652029991149902,5.888345718383789
2000-09-23,MBALE,3.108229778264694,8.632631301879883,0.7112587690353394
2000-09-23,MBALE,1.8616734503571053,2.751587152481079,1.2185856103897095
2000-09-24,SIRONKO,3.602559431474412,9.185988426208496,1.4833065271377563
2000-09-24,BULAMBULI,3.8876550420480207,12.643919944763184,0.0
2000-09-24,BUKWO,3.0160845796709506,10.415145874023438,0.0
2000-09-24,BUTALEJA,10.053539122361977,24.702199935913086,0.10518573224544525
2000-09-24,KWEEN,6.2394052672222555,15.69864273071289,0.0
2000-09-24,KAPCHORWA,7.276501590526441,12.643919944763184,1.3213320970535278
2000-09-24,MANAFWA,4.656993316469056,15.552739143371582,0.8280895948410034
2000-09-24,BUDUDA,3.993796828663319,6.097174167633057,3.145252227783203
2000-09-24,MBALE,4.151543558843462,9.185988426208496,0.8280895948410034
2000-09-24,MBALE,5.331841265964539,6.855891704559326,5.0941643714904785
2000-09-25,SIRONKO,4.98601777604344,15.871253967285156,1.9095768928527832
2000-09-25,BULAMBULI,4.035329068274551,15.871253967285156,0.0
2000-09-25,BUKWO,4.7691993367485175,12.723029136657715,0.0
2000-09-25,BUTALEJA,1.9190923516998004,5.718207836151123,0.07385578751564026
2000-09-25,KWEEN,2.7772499804090534,15.871253967285156,0.0
2000-09-25,KAPCHORWA,4.862843751383283,10.750045776367188,0.47836241126060486
2000-09-25,MANAFWA,3.447264747880453,7.665309906005859,0.10444822162389755
2000-09-25,BUDUDA,6.760433596303235,15.871253967285156,3.5967774391174316
2000-09-25,MBALE,3.729136203445709,5.883113861083984,0.14467431604862213
2000-09-25,MBALE,3.909365567435558,5.211209774017334,3.204709529876709
2000-09-26,SIRONKO,2.0422509963276254,4.635859489440918,0.5867975950241089
2000-09-26,BULAMBULI,3.163241849450022,11.599804878234863,0.0
2000-09-26,BUKWO,2.508720060447679,7.560076713562012,0.0
2000-09-26,BUTALEJA,0.8638749892449846,3.720919609069824,0.034220095723867416
2000-09-26,KWEEN,1.6337614199414785,7.560076713562012,0.0
2000-09-26,KAPCHORWA,4.021330685409711,8.46927261352539,1.2825629711151123
2000-09-26,MANAFWA,5.096896458864309,13.671245574951172,0.5211527943611145
2000-09-26,BUDUDA,1.8105397627561985,7.592383861541748,0.5211527943611145
2000-09-26,MBALE,2.202157000020861,7.95267391204834,0.5867975950241089
2000-09-26,MBALE,1.0639474590132916,1.3454515933990479,0.7883242964744568
2000-09-27,SIRONKO,1.2157647441649893,4.649120330810547,0.05566982552409172
2000-09-27,BULAMBULI,2.260361675096075,5.719234943389893,0.10830911248922348
2000-09-27,BUKWO,3.255511783752631,6.37006139755249,0.1125057190656662
2000-09-27,BUTALEJA,0.6337754391633549,2.496424436569214,0.033609598875045776
2000-09-27,KWEEN,2.9029209289137836,7.985278606414795,0.18375012278556824
2000-09-27,KAPCHORWA,2.594330538050452,4.564627170562744,0.39770734310150146
2000-09-27,MANAFWA,2.4794728001623394,9.00898551940918,0.07538876682519913
2000-09-27,BUDUDA,3.1192524791726886,7.441900253295898,1.2147064208984375
2000-09-27,MBALE,0.647735487814727,1.944109559059143,0.033609598875045776
2000-09-27,MBALE,0.6254075823258699,0.7831650376319885,0.3682713210582733
2000-09-28,SIRONKO,3.250245651276797,8.361178398132324,0.8564563393592834
2000-09-28,BULAMBULI,11.382437788146301,30.759469985961914,2.083017587661743
2000-09-28,BUKWO,7.216004253318983,11.769206047058105,1.4176476001739502
2000-09-28,BUTALEJA,7.3888305061391515,15.842514038085938,0.7259673476219177
2000-09-28,KWEEN,4.755572505563128,28.182308197021484,0.21960240602493286
2000-09-28,KAPCHORWA,5.024152450542147,18.32538604736328,3.562530755996704
2000-09-28,MANAFWA,3.5999755589405544,7.4385247230529785,0.6532672643661499
2000-09-28,BUDUDA,2.36971087870185,4.071986198425293,1.0128684043884277
2000-09-28,MBALE,1.8929640548623836,6.354200839996338,0.6532672643661499
2000-09-28,MBALE,2.4357117050191452,3.5095090866088867,1.9174039363861084
2000-09-29,SIRONKO,10.091874904768757,19.540531158447266,2.7759816646575928
2000-09-29,BULAMBULI,12.326198026391419,19.540531158447266,3.9685235023498535
2000-09-29,BUKWO,8.386079720187041,17.222841262817383,3.0852251052856445
2000-09-29,BUTALEJA,1.541660246930381,3.8999273777008057,0.4263949990272522
2000-09-29,KWEEN,5.139778233067609,12.470381736755371,0.3051217794418335
2000-09-29,KAPCHORWA,9.421095058904772,18.677875518798828,4.063848495483398
2000-09-29,MANAFWA,6.500329703042516,12.056615829467773,1.7199198007583618
2000-09-29,BUDUDA,5.135720575019628,10.674495697021484,2.7759816646575928
2000-09-29,MBALE,4.459986946699573,14.42134952545166,1.7199198007583618
2000-09-29,MBALE,4.64004577467187,6.7983717918396,2.6306841373443604
2000-09-30,SIRONKO,2.95705316534743,5.0187153816223145,1.7077808380126953
2000-09-30,BULAMBULI,2.4691970211254404,7.423716068267822,0.02552851289510727
2000-09-30,BUKWO,2.388885576243472,6.911066055297852,0.24790459871292114
2000-09-30,BUTALEJA,2.8189964587217857,6.7069172859191895,1.0149402618408203
2000-09-30,KWEEN,0.71925889435461,6.562026500701904,0.0
2000-09-30,KAPCHORWA,3.0386112285305846,7.423716068267822,0.19058559834957123
2000-09-30,MANAFWA,5.282004988049298,10.977952003479004,2.2185540199279785
2000-09-30,BUDUDA,5.018953470626914,10.042553901672363,2.0819084644317627
2000-09-30,MBALE,4.185491694145503,7.480234146118164,2.0819084644317627
2000-09-30,MBALE,4.229350491672259,4.471012115478516,3.237954616546631
2000-10-01,SIRONKO,4.442410173758223,13.762104988098145,0.03598975017666817
2000-10-01,BULAMBULI,2.92859573123481,8.555553436279297,0.019562454894185066
2000-10-01,BUKWO,0.8789589507455203,4.411838531494141,0.0
2000-10-01,BUTALEJA,2.6497244054933535,5.3379058837890625,1.3210502862930298
2000-10-01,KWEEN,0.6242251828879943,3.355146884918213,0.0
2000-10-01,KAPCHORWA,1.806262097666269,4.632437229156494,0.5680466890335083
2000-10-01,MANAFWA,8.948489957082428,14.296887397766113,4.113409042358398
2000-10-01,BUDUDA,8.636310188408991,16.171798706054688,2.87286114692688
2000-10-01,MBALE,9.293035912851321,16.637836456298828,1.4740967750549316
2000-10-01,MBALE,8.464726824484888,16.312944412231445,3.187758445739746
2000-10-02,SIRONKO,3.977789399490417,8.160670280456543,1.1188896894454956
2000-10-02,BULAMBULI,6.915641990076395,11.528684616088867,2.5474624633789062
2000-10-02,BUKWO,10.604887350217549,16.54739761352539,5.1044111251831055
2000-10-02,BUTALEJA,3.068562850815732,4.48856782913208,2.0336973667144775
2000-10-02,KWEEN,9.352899790757947,14.302844047546387,6.226470470428467
2000-10-02,KAPCHORWA,9.392390264698294,11.528684616088867,6.960600852966309
2000-10-02,MANAFWA,5.452750886424727,7.861363887786865,3.4803645610809326
2000-10-02,BUDUDA,4.968881214183051,8.160670280456543,3.4803645610809326
2000-10-02,MBALE,3.635414912109678,6.85102653503418,1.1188896894454956
2000-10-02,MBALE,2.3011460383266082,2.789785385131836,1.2859089374542236
2000-10-03,SIRONKO,9.277853028570894,23.271387100219727,1.586092233657837
2000-10-03,BULAMBULI,12.671072194863461,25.085987091064453,4.1980366706848145
2000-10-03,BUKWO,8.796926285723668,15.405036926269531,2.340355157852173
2000-10-03,BUTALEJA,2.6130376126263153,5.434169292449951,1.0246608257293701
2000-10-03,KWEEN,7.181201443526831,15.405036926269531,2.340355157852173
2000-10-03,KAPCHORWA,14.401186418132667,23.80416488647461,7.909746170043945
2000-10-03,MANAFWA,8.877562602556864,15.999008178710938,3.112429141998291
2000-10-03,BUDUDA,11.606388206217446,16.899927139282227,7.145628929138184
2000-10-03,MBALE,3.4825274472761967,13.300281524658203,1.586092233657837
2000-10-03,MBALE,2.06465794701145,2.2537362575531006,1.7420381307601929
2000-10-04,SIRONKO,9.3621817974776,12.177969932556152,6.020920276641846
2000-10-04,BULAMBULI,11.92482037650441,23.478012084960938,6.655129909515381
2000-10-04,BUKWO,8.578327172211763,11.90517807006836,6.320939064025879
2000-10-04,BUTALEJA,22.055735079337065,27.99541473388672,15.642963409423828
2000-10-04,KWEEN,10.135552241889082,18.78963851928711,7.3965229988098145
2000-10-04,KAPCHORWA,8.705001959888968,12.876592636108398,6.655129909515381
2000-10-04,MANAFWA,9.611323785011168,16.007781982421875,4.030807971954346
2000-10-04,BUDUDA,10.986937144745157,13.15395450592041,9.117924690246582
2000-10-04,MBALE,10.225091597667479,18.832727432250977,4.555145263671875
2000-10-04,MBALE,10.498678416315341,13.925033569335938,8.058002471923828
2000-10-05,SIRONKO,12.618403191525013,26.13850975036621,4.947553634643555
2000-10-05,BULAMBULI,13.729452567161665,27.662076950073242,4.045258522033691
2000-10-05,BUKWO,16.899285097024304,19.834857940673828,11.745299339294434
2000-10-05,BUTALEJA,2.953893143404414,10.111062049865723,1.154326319694519
2000-10-05,KWEEN,10.05667162967316,18.978622436523438,3.555791139602661
2000-10-05,KAPCHORWA,16.408996188693614,27.662076950073242,8.544595718383789
2000-10-05,MANAFWA,4.9719255242475535,9.465211868286133,1.3551855087280273
2000-10-05,BUDUDA,8.726240144214875,11.562310218811035,5.274890422821045
2000-10-05,MBALE,4.9415714668394255,10.592952728271484,1.7881553173065186
2000-10-05,MBALE,4.8937281156496955,5.744910717010498,4.466430187225342
2000-10-06,SIRONKO,10.4164490059347,18.52678108215332,3.241830587387085
2000-10-06,BULAMBULI,7.0039023571442955,18.52678108215332,1.9863739013671875
2000-10-06,BUKWO,2.4707537054968145,10.63541030883789,0.059858448803424835
2000-10-06,BUTALEJA,3.744509041331045,6.873007297515869,1.984173059463501
2000-10-06,KWEEN,2.358950440738711,12.97364330291748,0.0
2000-10-06,KAPCHORWA,6.821504985772244,12.28019905090332,2.0385093688964844
2000-10-06,MANAFWA,15.18806809092,21.945194244384766,5.9888434410095215
2000-10-06,BUDUDA,17.088038383800082,21.945194244384766,11.18038272857666
2000-10-06,MBALE,9.81038054197889,21.945194244384766,2.112781286239624
2000-10-06,MBALE,6.8975538482005945,11.95947265625,4.423786640167236
2000-10-07,SIRONKO,8.659767232108388,16.502277374267578,4.743663311004639
2000-10-07,BULAMBULI,6.890223866951183,16.502277374267578,3.085082530975342
2000-10-07,BUKWO,6.188048838758219,14.283153533935547,1.2026726007461548
2000-10-07,BUTALEJA,10.723163723724465,15.18813419342041,6.044430255889893
2000-10-07,KWEEN,5.6830047025494554,16.502277374267578,0.5845707654953003
2000-10-07,KAPCHORWA,6.2218244419163895,14.533173561096191,4.196531295776367
2000-10-07,MANAFWA,14.90427844706554,19.278602600097656,9.659807205200195
2000-10-07,BUDUDA,14.982169432481852,17.416400909423828,10.663030624389648
2000-10-07,MBALE,9.624759512548199,16.151182174682617,4.824345588684082
2000-10-07,MBALE,7.857935894714864,9.383940696716309,7.809986591339111
2000-10-08,SIRONKO,21.490513454702906,35.37368392944336,11.329963684082031
2000-10-08,BULAMBULI,28.37197454596462,36.83426284790039,20.01243019104004
2000-10-08,BUKWO,21.92225592324156,31.86911964416504,12.056209564208984
2000-10-08,BUTALEJA,11.899295823623827,21.368919372558594,6.299205303192139
2000-10-08,KWEEN,22.96644755820496,33.591453552246094,10.330262184143066
2000-10-08,KAPCHORWA,31.426150100094617,36.83426284790039,20.384204864501953
2000-10-08,MANAFWA,13.98388662685241,22.03525733947754,10.859579086303711
2000-10-08,BUDUDA,21.92222620683154,31.988861083984375,17.2592716217041
2000-10-08,MBALE,13.97134956246882,22.214200973510742,8.061116218566895
2000-10-08,MBALE,11.395345281550513,16.149524688720703,10.0664644241333
2000-10-09,SIRONKO,14.742063619582872,35.13151168823242,6.165178298950195
2000-10-09,BULAMBULI,18.732040926308276,38.07617950439453,7.599502086639404
2000-10-09,BUKWO,37.05870081903382,43.005496978759766,32.61831283569336
2000-10-09,BUTALEJA,8.414533007738898,13.943099975585938,4.671425819396973
2000-10-09,KWEEN,27.585050491595325,43.005496978759766,17.301658630371094
2000-10-09,KAPCHORWA,21.481609159676267,38.07617950439453,14.229963302612305
2000-10-09,MANAFWA,14.17183156719581,23.979724884033203,7.4595947265625
2000-10-09,BUDUDA,20.295834830732087,35.13151168823242,12.758058547973633
2000-10-09,MBALE,8.959382372679427,18.262643814086914,4.42838716506958
2000-10-09,MBALE,6.998025410166762,9.676302909851074,6.306714057922363
2000-10-10,SIRONKO,4.631139097177078,9.795348167419434,0.947895884513855
2000-10-10,BULAMBULI,8.709020301960429,15.079602241516113,0.6952901482582092
2000-10-10,BUKWO,3.3327020188573675,9.887300491333008,0.4431329667568207
2000-10-10,BUTALEJA,3.2260538916666333,12.613324165344238,0.30005258321762085
2000-10-10,KWEEN,6.498543124179392,13.101244926452637,2.6809206008911133
2000-10-10,KAPCHORWA,11.446406832898267,14.593005180358887,4.955593109130859
2000-10-10,MANAFWA,7.511317731319623,11.774507522583008,1.247010588645935
2000-10-10,BUDUDA,5.572923823015896,11.170027732849121,2.2670717239379883
2000-10-10,MBALE,6.653282259586458,12.613324165344238,1.247010588645935
2000-10-10,MBALE,7.91377202770969,11.253982543945312,6.079263687133789
2000-10-11,SIRONKO,5.344799792387388,8.781245231628418,1.6468358039855957
2000-10-11,BULAMBULI,2.2797306185862714,7.919767379760742,0.0
2000-10-11,BUKWO,1.7051310762220442,5.856353759765625,0.27019429206848145
2000-10-11,BUTALEJA,3.6703611896304453,8.73651123046875,0.5540714263916016
2000-10-11,KWEEN,0.748355036873788,7.919767379760742,0.0
2000-10-11,KAPCHORWA,1.6473365402621358,5.458226680755615,0.1684190183877945
2000-10-11,MANAFWA,4.722031768688736,8.581286430358887,0.9664230942726135
2000-10-11,BUDUDA,6.3693684898635095,8.616780281066895,2.251013994216919
2000-10-11,MBALE,6.0897975985410335,9.955408096313477,0.6035874485969543
2000-10-11,MBALE,7.434114797186158,9.759604454040527,7.313387393951416
2000-10-12,SIRONKO,2.028789739424754,3.446962356567383,0.869104266166687
2000-10-12,BULAMBULI,1.2263259694881061,3.446962356567383,0.0
2000-10-12,BUKWO,0.4998739943272066,2.9646122455596924,0.0
2000-10-12,BUTALEJA,0.36633072326017474,1.9842935800552368,0.03521335497498512
2000-10-12,KWEEN,0.4312192775528701,2.9646122455596924,0.0
2000-10-12,KAPCHORWA,1.2387134750947062,3.28056001663208,0.10251377522945404
2000-10-12,MANAFWA,1.626860067965417,2.689842700958252,0.6708051562309265
2000-10-12,BUDUDA,1.7522640700212297,2.3799304962158203,1.1331626176834106
2000-10-12,MBALE,1.4258603261775207,2.4295358657836914,0.6606068015098572
2000-10-12,MBALE,1.248375533610203,1.6617443561553955,1.1891801357269287
2000-10-13,SIRONKO,3.5116701458026327,8.752718925476074,2.0735514163970947
2000-10-13,BULAMBULI,4.93693353971847,8.752718925476074,1.8545291423797607
2000-10-13,BUKWO,6.5226608528251875,10.676454544067383,2.2778398990631104
2000-10-13,BUTALEJA,1.1411254391687757,2.2443017959594727,0.20263397693634033
2000-10-13,KWEEN,5.665272520235552,9.450801849365234,2.2287893295288086
2000-10-13,KAPCHORWA,5.896956104166171,8.595121383666992,3.4265735149383545
2000-10-13,MANAFWA,3.109689061562395,6.696155548095703,1.7693631649017334
2000-10-13,BUDUDA,3.3810940378998073,8.752718925476074,2.0513617992401123
2000-10-13,MBALE,2.1014344884227247,3.1074514389038086,1.3990285396575928
2000-10-13,MBALE,1.8134867900576892,2.2992048263549805,1.738591194152832
2000-10-14,SIRONKO,4.929599275896664,9.549985885620117,1.1496003866195679
2000-10-14,BULAMBULI,5.813715083224879,9.549985885620117,1.7984858751296997
2000-10-14,BUKWO,2.904200049624803,5.206083297729492,1.2174111604690552
2000-10-14,BUTALEJA,5.516701705802379,11.078566551208496,2.249213457107544
2000-10-14,KWEEN,3.584491734239042,6.352658271789551,1.9986891746520996
2000-10-14,KAPCHORWA,6.536069374727621,8.900285720825195,2.0678324699401855
2000-10-14,MANAFWA,7.582276442563788,11.243454933166504,3.813438892364502
2000-10-14,BUDUDA,6.489192515460366,10.714927673339844,3.093942642211914
2000-10-14,MBALE,3.8289720300186354,10.714927673339844,0.4617040455341339
2000-10-14,MBALE,1.6257640938139257,2.4297544956207275,1.1286367177963257
2000-10-15,SIRONKO,4.17961719300278,5.624849319458008,3.05720853805542
2000-10-15,BULAMBULI,2.5234707270426395,5.286561965942383,0.0
2000-10-15,BUKWO,1.1008136923689216,3.8030710220336914,0.03621620312333107
2000-10-15,BUTALEJA,1.745436906354499,4.285294055938721,0.29957515001296997
2000-10-15,KWEEN,3.0252878148868234,6.075412750244141,0.9306510090827942
2000-10-15,KAPCHORWA,2.916536850301822,4.156901836395264,1.5953861474990845
2000-10-15,MANAFWA,2.7635185737063614,7.021759510040283,1.1981724500656128
2000-10-15,BUDUDA,3.0959821207379865,5.286561965942383,1.8974653482437134
2000-10-15,MBALE,2.3518176580889745,4.478200435638428,1.4319343566894531
2000-10-15,MBALE,2.1277787460441733,2.858949899673462,2.015172004699707
2000-10-16,SIRONKO,6.637967807038011,18.64069175720215,2.6607954502105713
2000-10-16,BULAMBULI,11.949261949533241,22.910707473754883,2.351991653442383
2000-10-16,BUKWO,7.001953522810886,15.268202781677246,1.8092561960220337
2000-10-16,BUTALEJA,2.1330728863780655,10.105408668518066,0.6131468415260315
2000-10-16,KWEEN,9.013396889165149,21.264846801757812,3.283883571624756
2000-10-16,KAPCHORWA,18.36294755453306,23.296875,7.1947126388549805
2000-10-16,MANAFWA,2.741300746658567,7.360070705413818,1.3789259195327759
2000-10-16,BUDUDA,2.9830286899544407,4.28246545791626,1.3773796558380127
2000-10-16,MBALE,1.6737411398777413,5.401708126068115,0.7313756346702576
2000-10-16,MBALE,1.649993154471737,2.477102041244507,1.535907506942749
2000-10-17,SIRONKO,6.222655684862113,12.801876068115234,2.9437832832336426
2000-10-17,BULAMBULI,10.246758880474184,20.551801681518555,4.328068256378174
2000-10-17,BUKWO,9.764569862000167,20.551801681518555,2.4524989128112793
2000-10-17,BUTALEJA,3.4541157209971964,8.62091064453125,1.333518385887146
2000-10-17,KWEEN,12.663968135892222,20.8668155670166,5.081106185913086
2000-10-17,KAPCHORWA,11.903116791005703,20.8668155670166,6.544916152954102
2000-10-17,MANAFWA,10.217761505261482,18.606346130371094,3.7087202072143555
2000-10-17,BUDUDA,11.085128503535305,18.606346130371094,7.050190448760986
2000-10-17,MBALE,6.1752156310204125,17.671518325805664,1.333518385887146
2000-10-17,MBALE,5.404436035635733,8.13650131225586,3.9613213539123535
2000-10-18,SIRONKO,11.41170400935971,18.44333267211914,6.037003993988037
2000-10-18,BULAMBULI,8.827688948509604,18.44333267211914,0.36464986205101013
2000-10-18,BUKWO,14.150546674994429,20.33624839782715,10.422957420349121
2000-10-18,BUTALEJA,8.805974502538673,16.972797393798828,2.5121748447418213
2000-10-18,KWEEN,9.18905047178154,16.76589012145996,4.755871295928955
2000-10-18,KAPCHORWA,11.794452143006126,17.304649353027344,5.354099273681641
2000-10-18,MANAFWA,4.769672076369139,11.496644973754883,1.8133652210235596
2000-10-18,BUDUDA,11.108634418450583,18.3205509185791,6.306461334228516
2000-10-18,MBALE,7.628534749350013,12.138701438903809,3.4746952056884766
2000-10-18,MBALE,7.776188124094062,9.79396915435791,7.266367435455322
2000-10-19,SIRONKO,13.338831612824467,28.406890869140625,4.782529830932617
2000-10-19,BULAMBULI,19.698155390343427,32.501739501953125,6.5901055335998535
2000-10-19,BUKWO,17.929244368293492,28.083372116088867,10.020341873168945
2000-10-19,BUTALEJA,6.432481638055188,10.464451789855957,2.2044639587402344
2000-10-19,KWEEN,11.890421823121493,28.574140548706055,3.627739906311035
2000-10-19,KAPCHORWA,21.850053600257013,30.015975952148438,10.085161209106445
2000-10-19,MANAFWA,12.68740934085497,29.329654693603516,5.110846042633057
2000-10-19,BUDUDA,22.90864829170211,29.329654693603516,12.253372192382812
2000-10-19,MBALE,8.216434038529929,19.72857666015625,4.927208423614502
2000-10-19,MBALE,5.937624194985544,6.697261810302734,5.673887729644775
2000-10-20,SIRONKO,20.701135280943255,29.028465270996094,17.34837532043457
2000-10-20,BULAMBULI,21.265677906399354,26.929391860961914,13.922988891601562
2000-10-20,BUKWO,10.51342385315205,17.733234405517578,3.3007800579071045
2000-10-20,BUTALEJA,24.096001833831426,41.99931716918945,13.140447616577148
2000-10-20,KWEEN,12.295478289185688,20.145214080810547,3.9980289936065674
2000-10-20,KAPCHORWA,19.291018901085227,23.366718292236328,14.466899871826172
2000-10-20,MANAFWA,17.59877118909318,36.71796798706055,12.089620590209961
2000-10-20,BUDUDA,26.004695373669524,36.71796798706055,19.490602493286133
2000-10-20,MBALE,18.71954348776129,36.71796798706055,12.089620590209961
2000-10-20,MBALE,18.95520359061724,21.34652328491211,18.580354690551758
2000-10-21,SIRONKO,3.580455620083999,11.409538269042969,0.21665245294570923
2000-10-21,BULAMBULI,8.671353389833097,15.255431175231934,2.9367573261260986
2000-10-21,BUKWO,4.243902067709667,8.106268882751465,1.2140583992004395
2000-10-21,BUTALEJA,5.127452858470621,13.919737815856934,0.0
2000-10-21,KWEEN,5.291969543578828,11.427895545959473,0.0
2000-10-21,KAPCHORWA,9.28481384437922,12.582216262817383,4.1915364265441895
2000-10-21,MANAFWA,4.917925856845204,10.41147232055664,0.39481812715530396
2000-10-21,BUDUDA,6.460549324142085,10.41147232055664,3.331435441970825
2000-10-21,MBALE,4.226742776775103,10.41147232055664,0.0
2000-10-21,MBALE,3.9430066730086417,7.8776397705078125,3.8178951740264893
2000-10-22,SIRONKO,0.8384217572532193,3.415456771850586,0.07509580254554749
2000-10-22,BULAMBULI,2.9982105172635096,8.392882347106934,0.545238733291626
2000-10-22,BUKWO,3.49879510495058,8.023179054260254,0.22825220227241516
2000-10-22,BUTALEJA,1.007302316941626,4.718922138214111,0.0
2000-10-22,KWEEN,2.892153987405979,8.392882347106934,0.0
2000-10-22,KAPCHORWA,3.844899726848874,8.392882347106934,1.5861599445343018
2000-10-22,MANAFWA,2.287805936922304,5.1684160232543945,0.10441968590021133
2000-10-22,BUDUDA,3.6691654033260606,5.115525245666504,0.6469310522079468
2000-10-22,MBALE,1.368351790929837,5.115525245666504,0.0
2000-10-22,MBALE,0.7651652525471894,1.4603042602539062,0.17346927523612976
2000-10-23,SIRONKO,1.5034513974060377,3.922062397003174,0.08458799868822098
2000-10-23,BULAMBULI,3.135533851442435,6.425287246704102,0.7792171239852905
2000-10-23,BUKWO,2.243582507753012,4.204577922821045,0.4141431152820587
2000-10-23,BUTALEJA,0.32117901680594596,2.7002310752868652,0.0
2000-10-23,KWEEN,2.1332230132470316,4.979556083679199,0.0
2000-10-23,KAPCHORWA,4.314664981617775,6.425287246704102,2.270533800125122
2000-10-23,MANAFWA,2.684935247883792,9.268576622009277,0.011228126473724842
2000-10-23,BUDUDA,2.7388596875110864,5.487756252288818,1.636531114578247
2000-10-23,MBALE,0.9432743600589775,2.989363193511963,0.0
2000-10-23,MBALE,0.7350636597283712,1.9029011726379395,0.6298536062240601
2000-10-24,SIRONKO,1.0036452826857998,2.586862564086914,0.08243457227945328
2000-10-24,BULAMBULI,1.1929650451533262,4.752185821533203,0.0
2000-10-24,BUKWO,3.2269731915338196,7.490987300872803,0.2379932701587677
2000-10-24,BUTALEJA,0.753585399668464,2.8586204051971436,0.0
2000-10-24,KWEEN,1.6876629537217414,7.490987300872803,0.0
2000-10-24,KAPCHORWA,2.167505083296089,5.291489601135254,0.5881854295730591
2000-10-24,MANAFWA,1.203196011109502,2.5409936904907227,0.05531541258096695
2000-10-24,BUDUDA,1.8778848625600544,2.4588327407836914,0.9176963567733765
2000-10-24,MBALE,0.5766723932784265,1.6425914764404297,0.0
2000-10-24,MBALE,0.46119487994428626,0.8402467966079712,0.43607988953590393
2000-10-25,SIRONKO,0.12219848483108785,0.5554243922233582,0.0
2000-10-25,BULAMBULI,0.03516544174676701,0.5554243922233582,0.0
2000-10-25,BUKWO,0.0,0.0,0.0
2000-10-25,BUTALEJA,0.004927761101985571,0.05105891451239586,0.0
2000-10-25,KWEEN,1.168134269268669E-6,0.0017177610425278544,0.0
2000-10-25,KAPCHORWA,1.23251097311484E-6,0.00361980521120131,0.0
2000-10-25,MANAFWA,0.045870838859877576,0.44483673572540283,0.0
2000-10-25,BUDUDA,0.2966886968387067,0.7460529804229736,0.0
2000-10-25,MBALE,0.04172195707464783,0.1372450441122055,0.0
2000-10-25,MBALE,0.021302920016905556,0.039190758019685745,0.005420304369181395
2000-10-26,SIRONKO,0.2737998299556165,0.7993658781051636,0.07461108267307281
2000-10-26,BULAMBULI,0.534419844269136,0.9122781157493591,0.15919731557369232
2000-10-26,BUKWO,0.6062538137167301,1.4350510835647583,0.0
2000-10-26,BUTALEJA,0.002345862998292441,0.6685492992401123,0.0
2000-10-26,KWEEN,0.16235016367833582,1.2268520593643188,0.0
2000-10-26,KAPCHORWA,0.4279450246260111,0.9122781157493591,0.12701058387756348
2000-10-26,MANAFWA,0.014075577102042613,0.2455737441778183,0.0
2000-10-26,BUDUDA,0.153626661322159,0.7993658781051636,0.008202288299798965
2000-10-26,MBALE,0.02425162481025812,0.1430531144142151,0.0
2000-10-26,MBALE,0.025939066197608822,0.0521850623190403,0.00976369809359312
2000-10-27,SIRONKO,0.7203053065079883,2.6586475372314453,0.0
2000-10-27,BULAMBULI,0.8745740658065098,2.6586475372314453,0.0
2000-10-27,BUKWO,0.5596539414329141,2.5716166496276855,0.0
2000-10-27,BUTALEJA,0.023764827036278,0.3051999807357788,0.0
2000-10-27,KWEEN,0.17710661200018302,2.5716166496276855,0.0
2000-10-27,KAPCHORWA,0.41592285517848454,2.5716166496276855,0.0
2000-10-27,MANAFWA,0.5715395920802767,1.5517466068267822,0.0
2000-10-27,BUDUDA,0.8631109343800739,2.105694055557251,0.013212982565164566
2000-10-27,MBALE,0.08240441189718488,0.3051999807357788,0.0
2000-10-27,MBALE,0.060626981205267716,0.13453146815299988,0.0
2000-10-28,SIRONKO,0.32443577091892195,0.8392766714096069,0.0634969025850296
2000-10-28,BULAMBULI,0.29184073815723516,1.219404935836792,0.0
2000-10-28,BUKWO,0.2846661347342818,1.219404935836792,0.0
2000-10-28,BUTALEJA,0.01084342028502175,0.09634291380643845,0.0
2000-10-28,KWEEN,0.09368245214438392,1.219404935836792,0.0
2000-10-28,KAPCHORWA,0.23552376366143132,1.219404935836792,0.0
2000-10-28,MANAFWA,0.5263095586622112,1.0019488334655762,0.03172716498374939
2000-10-28,BUDUDA,0.7637749615730597,1.0019488334655762,0.4331932067871094
2000-10-28,MBALE,0.20444264005663842,0.8480410575866699,0.0
2000-10-28,MBALE,0.11564869531243309,0.2679382264614105,0.027896281331777573
2000-10-29,SIRONKO,0.13634835006947607,0.6134106516838074,0.009140284731984138
2000-10-29,BULAMBULI,0.2263114207039246,1.8170340061187744,0.0
2000-10-29,BUKWO,0.22640812880848854,1.8170340061187744,0.0
2000-10-29,BUTALEJA,0.003674017135170648,0.3606647849082947,0.0
2000-10-29,KWEEN,0.11433058857611093,1.8170340061187744,0.0
2000-10-29,KAPCHORWA,0.17609341287554484,1.8170340061187744,0.0
2000-10-29,MANAFWA,0.15675836458592687,0.4950774013996124,0.0
2000-10-29,BUDUDA,0.22703053497107314,0.6134106516838074,0.1054794117808342
2000-10-29,MBALE,0.052549603892092234,0.24038955569267273,0.0
2000-10-29,MBALE,0.039172256996638045,0.05659772828221321,0.036719780415296555
2000-10-30,SIRONKO,1.4113687126137642,3.1733133792877197,0.31926605105400085
2000-10-30,BULAMBULI,1.0306506296264415,3.1733133792877197,0.0
2000-10-30,BUKWO,1.8007828026081598,3.2433700561523438,0.337433397769928
2000-10-30,BUTALEJA,3.7849893100013463,9.83655834197998,0.1482318937778473
2000-10-30,KWEEN,1.0174523415762746,4.197046279907227,0.0
2000-10-30,KAPCHORWA,1.6130742208412898,4.197046279907227,0.0
2000-10-30,MANAFWA,2.099854535662742,2.9765849113464355,0.7800772786140442
2000-10-30,BUDUDA,2.3748428022081463,3.1733133792877197,1.438091516494751
2000-10-30,MBALE,0.80341683402474,2.7132861614227295,0.3140695095062256
2000-10-30,MBALE,0.46955768189961883,0.5494502782821655,0.4234482944011688
2000-10-31,SIRONKO,5.749161805467992,9.773310661315918,3.4068853855133057
2000-10-31,BULAMBULI,8.594506535706001,12.664651870727539,4.235915184020996
2000-10-31,BUKWO,6.257922877538482,10.021171569824219,4.06884241104126
2000-10-31,BUTALEJA,7.203887430478962,13.29562759399414,2.1162428855895996
2000-10-31,KWEEN,7.489470581989932,10.971729278564453,4.235915184020996
2000-10-31,KAPCHORWA,10.066856630318929,12.664651870727539,5.877654075622559
2000-10-31,MANAFWA,2.879129913025783,7.409785270690918,1.6867883205413818
2000-10-31,BUDUDA,4.788787731439357,7.409785270690918,2.9237682819366455
2000-10-31,MBALE,3.320513376738106,7.409785270690918,2.0090460777282715
2000-10-31,MBALE,2.9403883368993093,4.252226829528809,2.7612195014953613
2000-11-01,SIRONKO,5.205214471659424,10.491392135620117,3.0812644958496094
2000-11-01,BULAMBULI,5.659184783935118,12.318964004516602,1.931793212890625
2000-11-01,BUKWO,2.492667726021646,7.998392105102539,0.5411887764930725
2000-11-01,BUTALEJA,13.654754229393978,19.786895751953125,6.617987155914307
2000-11-01,KWEEN,4.173593239031532,9.150927543640137,1.677436351776123
2000-11-01,KAPCHORWA,5.054860391550832,9.644987106323242,1.931793212890625
2000-11-01,MANAFWA,6.952157490901993,9.93273639678955,3.2270731925964355
2000-11-01,BUDUDA,3.8309305961457922,6.837407112121582,3.2270731925964355
2000-11-01,MBALE,6.551088412007886,10.004117012023926,3.0812644958496094
2000-11-01,MBALE,5.540074342923192,7.432994842529297,5.24760627746582
2000-11-02,SIRONKO,8.022217231913187,13.081125259399414,4.1247711181640625
2000-11-02,BULAMBULI,8.793013046635455,14.058478355407715,4.920884609222412
2000-11-02,BUKWO,3.9780887367289313,8.301983833312988,1.2997479438781738
2000-11-02,BUTALEJA,2.923627191528599,5.019898414611816,1.46327543258667
2000-11-02,KWEEN,7.488798244887395,11.477754592895508,3.3500962257385254
2000-11-02,KAPCHORWA,10.167573410327261,14.058478355407715,6.345002174377441
2000-11-02,MANAFWA,8.313522474438566,13.841835021972656,5.126861572265625
2000-11-02,BUDUDA,9.93928899557797,13.841835021972656,6.3944549560546875
2000-11-02,MBALE,6.290180668769285,13.841835021972656,2.849475860595703
2000-11-02,MBALE,4.947235666534069,7.390047073364258,4.155684947967529
2000-11-03,SIRONKO,7.660047069143824,17.818817138671875,1.9116873741149902
2000-11-03,BULAMBULI,13.93437821504947,23.322208404541016,4.154786109924316
2000-11-03,BUKWO,5.233721961980891,12.782734870910645,0.20798291265964508
2000-11-03,BUTALEJA,1.7421525444163872,5.673887252807617,0.8987879753112793
2000-11-03,KWEEN,7.772682307038621,22.123249053955078,0.13433891534805298
2000-11-03,KAPCHORWA,19.282262144256862,26.162067413330078,4.653080940246582
2000-11-03,MANAFWA,4.818371816606631,6.408626556396484,1.887661337852478
2000-11-03,BUDUDA,4.846040879151038,6.3948140144348145,2.9649574756622314
2000-11-03,MBALE,2.9799514628413326,7.138652324676514,1.644683599472046
2000-11-03,MBALE,2.4007868693227516,3.274796485900879,2.1659927368164062
2000-11-04,SIRONKO,4.483443042050919,7.406380653381348,1.5162039995193481
2000-11-04,BULAMBULI,2.4555734407142205,6.841931343078613,0.0
2000-11-04,BUKWO,3.5086399871105023,10.099775314331055,0.40442946553230286
2000-11-04,BUTALEJA,2.064388407760358,6.559738636016846,0.19836442172527313
2000-11-04,KWEEN,1.6074552639674025,8.562932014465332,0.0
2000-11-04,KAPCHORWA,2.9416308079577536,5.241500377655029,0.49043723940849304
2000-11-04,MANAFWA,4.291598186257503,9.557735443115234,1.7828158140182495
2000-11-04,BUDUDA,7.408097208771237,9.557735443115234,5.635437965393066
2000-11-04,MBALE,5.573826589384541,8.053220748901367,1.9533613920211792
2000-11-04,MBALE,5.31262425678912,6.405495643615723,5.275747299194336
2000-11-05,SIRONKO,5.939529245288498,9.051307678222656,2.509063959121704
2000-11-05,BULAMBULI,2.4114674547890815,8.048107147216797,0.0
2000-11-05,BUKWO,2.8266144839367406,7.848477840423584,0.0
2000-11-05,BUTALEJA,0.26227864261034944,3.0177130699157715,0.0
2000-11-05,KWEEN,0.584101569382582,7.014758110046387,0.0
2000-11-05,KAPCHORWA,1.3016289367721083,5.674479961395264,0.0
2000-11-05,MANAFWA,3.56153535957853,9.865493774414062,0.27259916067123413
2000-11-05,BUDUDA,7.523203263686285,9.865493774414062,5.201931476593018
2000-11-05,MBALE,3.5574170332352297,9.865493774414062,0.3703474700450897
2000-11-05,MBALE,3.2894953740721156,4.292321681976318,3.162623405456543
2000-11-06,SIRONKO,3.436547498005443,6.4656662940979,1.6140717267990112
2000-11-06,BULAMBULI,2.5289847034004422,6.4656662940979,0.2838210165500641
2000-11-06,BUKWO,2.370584503709526,4.300629615783691,0.6244555711746216
2000-11-06,BUTALEJA,1.9881025334864488,3.53641939163208,0.6611036658287048
2000-11-06,KWEEN,1.981799484426294,3.946305274963379,0.41019129753112793
2000-11-06,KAPCHORWA,3.226377099645387,4.995262622833252,2.0250155925750732
2000-11-06,MANAFWA,2.082195210617888,4.274649620056152,0.16121703386306763
2000-11-06,BUDUDA,3.264697377016392,4.274649620056152,2.2160394191741943
2000-11-06,MBALE,2.861885248907264,4.274649620056152,0.3040728271007538
2000-11-06,MBALE,2.8506509856464732,3.322863817214966,2.6769754886627197
2000-11-07,SIRONKO,7.449012632508461,10.448847770690918,4.189319610595703
2000-11-07,BULAMBULI,4.141688142183588,10.448847770690918,0.2164161652326584
2000-11-07,BUKWO,4.487933901144503,5.888596534729004,2.5714566707611084
2000-11-07,BUTALEJA,4.502276059241414,6.48565149307251,3.137441635131836
2000-11-07,KWEEN,2.420385295003762,6.43985652923584,0.017192572355270386
2000-11-07,KAPCHORWA,4.425142487682092,10.306015014648438,0.821388304233551
2000-11-07,MANAFWA,4.098773161347926,8.9686861038208,2.5360913276672363
2000-11-07,BUDUDA,6.640404293959099,8.9686861038208,3.6605217456817627
2000-11-07,MBALE,6.033922114137725,8.9686861038208,2.680338144302368
2000-11-07,MBALE,5.930464843500294,7.112215995788574,5.455135822296143
2000-11-08,SIRONKO,1.9768902274289009,3.4516782760620117,1.045011281967163
2000-11-08,BULAMBULI,3.01126351458071,4.349934101104736,1.5263549089431763
2000-11-08,BUKWO,1.3240474238088158,2.7641403675079346,0.2835523784160614
2000-11-08,BUTALEJA,1.6790559649468184,3.585026502609253,0.6257082223892212
2000-11-08,KWEEN,2.0154829303089143,3.5497922897338867,0.6369928121566772
2000-11-08,KAPCHORWA,2.872124796326401,4.349934101104736,2.106858491897583
2000-11-08,MANAFWA,1.1962698222695152,2.5617666244506836,0.3622938394546509
2000-11-08,BUDUDA,2.042819634181401,2.5617666244506836,1.4630295038223267
2000-11-08,MBALE,1.1747811678575197,2.4386627674102783,0.5344924330711365
2000-11-08,MBALE,0.9805387145372298,1.3427929878234863,0.7885313630104065
2000-11-09,SIRONKO,0.37721794797727626,1.089557409286499,0.04553336650133133
2000-11-09,BULAMBULI,0.23831717233789365,1.089557409286499,0.0
2000-11-09,BUKWO,0.07439996008575833,0.27667686343193054,0.0
2000-11-09,BUTALEJA,0.47744058169284154,1.4363963603973389,7.795833516865969E-4
2000-11-09,KWEEN,0.05948975800114222,0.3153458833694458,0.0
2000-11-09,KAPCHORWA,0.1917529180609731,0.5509217381477356,0.0
2000-11-09,MANAFWA,0.22456957242542214,0.7451430559158325,0.0026579450350254774
2000-11-09,BUDUDA,0.5276333146626355,1.0733925104141235,0.01699790544807911
2000-11-09,MBALE,0.35478546787789156,0.9242689609527588,0.010526396334171295
2000-11-09,MBALE,0.4759137694192718,0.6251562833786011,0.3445912003517151
2000-11-10,SIRONKO,0.851910812006273,1.6580227613449097,0.4581373631954193
2000-11-10,BULAMBULI,0.581240813368931,1.6580227613449097,0.0
2000-11-10,BUKWO,0.5371562692139225,1.008892297744751,0.0
2000-11-10,BUTALEJA,0.13737338148552114,0.8936936259269714,0.0022899131290614605
2000-11-10,KWEEN,0.21467943435694256,1.008892297744751,0.0
2000-11-10,KAPCHORWA,0.6030664154546034,1.5997189283370972,0.0
2000-11-10,MANAFWA,0.2140098879397799,0.5281180739402771,0.0
2000-11-10,BUDUDA,0.5067344671310146,0.7305136322975159,0.39363235235214233
2000-11-10,MBALE,0.5135772927282407,1.5091453790664673,0.0038573744241148233
2000-11-10,MBALE,0.7206445064491748,0.923465371131897,0.5397488474845886
2000-11-11,SIRONKO,0.41310735534485526,1.5848091840744019,0.09080140292644501
2000-11-11,BULAMBULI,0.6256821749309763,2.0778489112854004,0.0
2000-11-11,BUKWO,0.07724401166708549,0.3176068961620331,0.0
2000-11-11,BUTALEJA,5.928250339838692,12.759160995483398,0.8837312459945679
2000-11-11,KWEEN,0.034729064710294515,0.3252718448638916,0.0
2000-11-11,KAPCHORWA,0.30269242124883133,1.4804294109344482,0.0
2000-11-11,MANAFWA,0.21226130827875336,1.0293375253677368,0.04209640622138977
2000-11-11,BUDUDA,0.24524616749231473,0.6272081732749939,0.09080140292644501
2000-11-11,MBALE,0.9772139971456464,2.7757556438446045,0.0986831933259964
2000-11-11,MBALE,0.7086358420937582,1.1451457738876343,0.3626644015312195
2000-11-12,SIRONKO,2.022109740684431,4.2749199867248535,0.6568111777305603
2000-11-12,BULAMBULI,0.9059314163625677,4.2749199867248535,0.0
2000-11-12,BUKWO,0.6868584603084814,3.694612979888916,0.0
2000-11-12,BUTALEJA,0.8095122660167681,2.070526599884033,0.0
2000-11-12,KWEEN,0.25434230720782447,4.2749199867248535,0.0
2000-11-12,KAPCHORWA,0.44583714079297787,2.321927309036255,0.0
2000-11-12,MANAFWA,1.651786158408542,3.2605583667755127,0.3180232346057892
2000-11-12,BUDUDA,1.2760839995323792,4.2749199867248535,0.5299039483070374
2000-11-12,MBALE,1.5296851789679322,3.5739729404449463,0.3980024456977844
2000-11-12,MBALE,2.1554423504665015,3.204796314239502,1.8261924982070923
2000-11-13,SIRONKO,1.4362756965348316,3.9351749420166016,0.21290473639965057
2000-11-13,BULAMBULI,1.1499188438118029,3.9351749420166016,0.0
2000-11-13,BUKWO,0.16386060884237236,0.8363521695137024,0.0
2000-11-13,BUTALEJA,0.31360815175061035,2.0857977867126465,0.0
2000-11-13,KWEEN,0.12291153777283893,1.2555348873138428,0.0
2000-11-13,KAPCHORWA,0.8093719959592917,3.5891735553741455,0.0
2000-11-13,MANAFWA,1.645381403208391,2.551395893096924,0.6199653148651123
2000-11-13,BUDUDA,1.6200602480488364,2.4979000091552734,0.7194100618362427
2000-11-13,MBALE,1.659766723325955,3.524059534072876,0.18001553416252136
2000-11-13,MBALE,1.2228557199015946,1.6060831546783447,0.42608052492141724
2000-11-14,SIRONKO,1.1208092926748507,2.087355613708496,0.21465599536895752
2000-11-14,BULAMBULI,0.547177499304232,2.087355613708496,0.0
2000-11-14,BUKWO,0.19831605085302662,0.7633144855499268,0.0
2000-11-14,BUTALEJA,4.292682933435329,6.056540489196777,2.4831390380859375
2000-11-14,KWEEN,0.06828408919656777,0.9252254962921143,0.0
2000-11-14,KAPCHORWA,0.17355664491950498,1.1257357597351074,0.0
2000-11-14,MANAFWA,1.1169923673211681,2.368346929550171,0.2603397071361542
2000-11-14,BUDUDA,1.3780164535956336,2.0230226516723633,0.6395013332366943
2000-11-14,MBALE,2.46480824480233,5.740708351135254,0.27855977416038513
2000-11-14,MBALE,2.241839646962278,3.901341676712036,1.450032353401184
2000-11-15,SIRONKO,1.6843893330308313,2.9757080078125,0.6886618137359619
2000-11-15,BULAMBULI,0.9407814336853706,3.237874746322632,0.0
2000-11-15,BUKWO,0.42989359647540104,1.760472297668457,0.0
2000-11-15,BUTALEJA,0.5949091418555985,3.3628745079040527,0.0
2000-11-15,KWEEN,0.18055547843784894,1.760472297668457,0.0
2000-11-15,KAPCHORWA,0.7618518393932939,3.237874746322632,0.0
2000-11-15,MANAFWA,1.358724941838865,3.453339099884033,0.3298776149749756
2000-11-15,BUDUDA,1.2694248250940805,1.972254991531372,0.6875834465026855
2000-11-15,MBALE,1.5667396015538082,3.5435914993286133,0.29035818576812744
2000-11-15,MBALE,2.243965859297168,3.5435914993286133,1.9541150331497192
2000-11-16,SIRONKO,5.989108993000742,13.346558570861816,3.2820024490356445
2000-11-16,BULAMBULI,6.212275747929206,13.346558570861816,2.0403671264648438
2000-11-16,BUKWO,1.308907467395015,4.377640724182129,0.23011456429958344
2000-11-16,BUTALEJA,12.181127891022966,19.359535217285156,6.236013412475586
2000-11-16,KWEEN,2.2825683391935008,7.155287742614746,0.2815432846546173
2000-11-16,KAPCHORWA,7.902738229967473,13.163797378540039,3.024763584136963
2000-11-16,MANAFWA,8.030225199313378,12.571892738342285,4.667510032653809
2000-11-16,BUDUDA,5.960786689260563,10.904637336730957,3.2820024490356445
2000-11-16,MBALE,7.53209263911757,12.571892738342285,3.84464430809021
2000-11-16,MBALE,5.007298076927292,5.686647891998291,4.11212158203125
2000-11-17,SIRONKO,6.497259966164978,16.129898071289062,3.496110439300537
2000-11-17,BULAMBULI,7.815716389350207,16.436674118041992,3.0988974571228027
2000-11-17,BUKWO,16.776049165073044,20.743263244628906,10.998356819152832
2000-11-17,BUTALEJA,6.499964731243029,16.482540130615234,3.478369951248169
2000-11-17,KWEEN,11.694494486158689,20.065549850463867,4.214099407196045
2000-11-17,KAPCHORWA,10.363133728985362,17.07508659362793,4.640934467315674
2000-11-17,MANAFWA,5.700919319132684,10.882783889770508,3.218707323074341
2000-11-17,BUDUDA,6.613132963222457,13.328949928283691,4.7205705642700195
2000-11-17,MBALE,11.339471634753139,16.482540130615234,4.072585582733154
2000-11-17,MBALE,12.672714606088011,15.259775161743164,12.40909481048584
2000-11-18,SIRONKO,9.580146622190911,13.25091552734375,4.378785610198975
2000-11-18,BULAMBULI,10.58875797590514,13.352401733398438,4.6404852867126465
2000-11-18,BUKWO,5.139715465434274,10.17801570892334,2.993381977081299
2000-11-18,BUTALEJA,1.6561612629110658,3.0740230083465576,0.5478298664093018
2000-11-18,KWEEN,5.794649744182125,13.352401733398438,1.908807396888733
2000-11-18,KAPCHORWA,9.990060228282518,12.954493522644043,6.59536600112915
2000-11-18,MANAFWA,10.454500007354522,16.36378288269043,3.9762866497039795
2000-11-18,BUDUDA,12.963588924739744,15.556161880493164,10.264628410339355
2000-11-18,MBALE,5.566436858639488,15.556161880493164,1.9140318632125854
2000-11-18,MBALE,3.4976021101223345,5.465501308441162,2.468597650527954
2000-11-19,SIRONKO,8.898446667033813,14.8632173538208,2.97593092918396
2000-11-19,BULAMBULI,8.42788599364308,14.8632173538208,2.5049400329589844
2000-11-19,BUKWO,5.868791617672903,10.656819343566895,3.199646472930908
2000-11-19,BUTALEJA,1.1053512242214076,2.3521924018859863,0.5983519554138184
2000-11-19,KWEEN,5.476083386419717,10.656819343566895,2.95442533493042
2000-11-19,KAPCHORWA,7.8790870856935005,13.224581718444824,4.714406490325928
2000-11-19,MANAFWA,7.089665754436627,14.58393383026123,2.976364850997925
2000-11-19,BUDUDA,10.540902366064936,14.8632173538208,5.383260726928711
2000-11-19,MBALE,3.248417148302285,7.199664115905762,0.9829663634300232
2000-11-19,MBALE,2.2241560206902093,3.575462818145752,1.4120718240737915
2000-11-20,SIRONKO,5.367821797173145,7.901010990142822,2.5533132553100586
2000-11-20,BULAMBULI,5.244142998539949,8.456537246704102,2.6306917667388916
2000-11-20,BUKWO,0.8051305025000606,4.8427653312683105,0.0
2000-11-20,BUTALEJA,5.525872598965512,7.215066909790039,3.987098217010498
2000-11-20,KWEEN,1.9465932198147289,5.680609703063965,0.0
2000-11-20,KAPCHORWA,3.8661068932190052,7.2485880851745605,1.5912460088729858
2000-11-20,MANAFWA,6.0554873951852315,7.54780387878418,4.9500603675842285
2000-11-20,BUDUDA,5.575908884271413,7.828863143920898,2.6828205585479736
2000-11-20,MBALE,4.887892180691691,7.901010990142822,2.5533132553100586
2000-11-20,MBALE,3.308777125723176,3.918633222579956,2.8167476654052734
2000-11-21,SIRONKO,9.089376961188554,13.429689407348633,5.535632610321045
2000-11-21,BULAMBULI,7.9551706750848,13.429689407348633,2.143529176712036
2000-11-21,BUKWO,6.924214513354685,11.017430305480957,3.4622697830200195
2000-11-21,BUTALEJA,12.298195889518015,20.379154205322266,6.579169273376465
2000-11-21,KWEEN,3.493316660924342,13.20684814453125,1.045212984085083
2000-11-21,KAPCHORWA,6.018480907495231,13.20684814453125,1.9309688806533813
2000-11-21,MANAFWA,14.470218024557097,18.63499641418457,10.579400062561035
2000-11-21,BUDUDA,13.09918298350269,18.205982208251953,10.234381675720215
2000-11-21,MBALE,13.714163590514133,19.33860969543457,6.579169273376465
2000-11-21,MBALE,13.143741682079389,17.289722442626953,11.817716598510742
2000-11-22,SIRONKO,20.19372855358723,28.753501892089844,11.50604248046875
2000-11-22,BULAMBULI,23.95443330117869,30.51397132873535,11.1643648147583
2000-11-22,BUKWO,21.24090589246309,31.479713439941406,8.67410945892334
2000-11-22,BUTALEJA,9.96170863593922,14.43194580078125,5.789336681365967
2000-11-22,KWEEN,21.910238888331964,31.479713439941406,15.513239860534668
2000-11-22,KAPCHORWA,27.199341997004883,30.51397132873535,22.638568878173828
2000-11-22,MANAFWA,14.532933204608641,20.89987564086914,10.479724884033203
2000-11-22,BUDUDA,18.17730950630287,25.45147705078125,14.020181655883789
2000-11-22,MBALE,12.915455687772548,20.89987564086914,6.877796173095703
2000-11-22,MBALE,9.331565532815095,12.37051010131836,9.023503303527832
2000-11-23,SIRONKO,11.108074668558528,14.610960960388184,7.112965106964111
2000-11-23,BULAMBULI,6.168559367355569,13.495944023132324,1.4281405210494995
2000-11-23,BUKWO,1.942580915632254,9.23608112335205,0.5090743899345398
2000-11-23,BUTALEJA,26.06220134403956,36.670387268066406,16.00225830078125
2000-11-23,KWEEN,1.5946128377843576,13.495944023132324,0.0
2000-11-23,KAPCHORWA,3.4159268738286124,10.401068687438965,1.4281405210494995
2000-11-23,MANAFWA,14.659629925853977,20.91034698486328,7.847684860229492
2000-11-23,BUDUDA,14.375748599462606,18.36800765991211,11.412483215332031
2000-11-23,MBALE,15.703429027143128,21.85833740234375,7.922466278076172
2000-11-23,MBALE,13.088255406515762,16.924589157104492,12.928414344787598
2000-11-24,SIRONKO,4.112021703712809,6.87551736831665,2.186969041824341
2000-11-24,BULAMBULI,5.376907766616167,7.713191509246826,2.8839879035949707
2000-11-24,BUKWO,2.3022692257505804,4.871734619140625,0.8173940777778625
2000-11-24,BUTALEJA,7.558159803626403,21.796424865722656,1.7143445014953613
2000-11-24,KWEEN,4.810898974901356,7.580435752868652,1.8583818674087524
2000-11-24,KAPCHORWA,5.8616515002040375,7.713191509246826,3.630552053451538
2000-11-24,MANAFWA,3.8452206278535708,6.413436412811279,0.4963228702545166
2000-11-24,BUDUDA,5.37088397315001,6.87551736831665,2.8839879035949707
2000-11-24,MBALE,2.8567136043727364,5.431218147277832,1.4567965269088745
2000-11-24,MBALE,2.2295415904683065,2.98168683052063,2.1490142345428467
2000-11-25,SIRONKO,2.04831111646334,3.829784393310547,0.6839167475700378
2000-11-25,BULAMBULI,1.2881809985129258,3.829784393310547,0.0
2000-11-25,BUKWO,1.3729509496697432,3.0675101280212402,0.19140921533107758
2000-11-25,BUTALEJA,2.3566908667196396,3.6796975135803223,0.6372693777084351
2000-11-25,KWEEN,0.7352716252573536,3.709984540939331,0.0
2000-11-25,KAPCHORWA,1.543483168868088,3.641606092453003,0.0
2000-11-25,MANAFWA,2.844867828086191,3.9360756874084473,1.4213716983795166
2000-11-25,BUDUDA,2.8001478452803203,3.829784393310547,2.1680397987365723
2000-11-25,MBALE,1.829726362089437,3.2786526679992676,0.6892704963684082
2000-11-25,MBALE,1.1676878305848346,1.3683079481124878,1.1471501588821411
2000-11-26,SIRONKO,0.11306175046709555,0.7356442213058472,0.0
2000-11-26,BULAMBULI,0.3720635707940882,2.0255422592163086,0.0
2000-11-26,BUKWO,0.6939936350426902,1.7836577892303467,0.0
2000-11-26,BUTALEJA,0.09619088070453169,0.7673128843307495,0.0
2000-11-26,KWEEN,0.3552533985820468,1.7836577892303467,0.0
2000-11-26,KAPCHORWA,0.9990599252455425,2.0255422592163086,0.0
2000-11-26,MANAFWA,0.05738182420023595,0.12424898892641068,0.0
2000-11-26,BUDUDA,0.0803489799585211,0.40859392285346985,0.0
2000-11-26,MBALE,0.0028856732727357204,0.0556647852063179,0.0
2000-11-26,MBALE,0.0,0.0,0.0
2000-11-27,SIRONKO,0.21350325431713157,1.0956252813339233,0.0
2000-11-27,BULAMBULI,0.4035325054685792,1.6237659454345703,0.0
2000-11-27,BUKWO,0.4324523584838003,1.3407022953033447,0.0
2000-11-27,BUTALEJA,0.11249465785923861,0.5872018337249756,0.0
2000-11-27,KWEEN,0.19211809333774407,1.3407022953033447,0.0
2000-11-27,KAPCHORWA,0.34165854775090826,1.3211872577667236,0.0
2000-11-27,MANAFWA,0.08135359926244558,0.194813534617424,0.0
2000-11-27,BUDUDA,0.1836989427001986,1.084115982055664,0.0
2000-11-27,MBALE,0.0038090734366433166,0.09572803229093552,0.0
2000-11-27,MBALE,0.0,0.0,0.0
2000-11-28,SIRONKO,0.19124023721901498,1.078140377998352,0.0
2000-11-28,BULAMBULI,0.4308745064474029,1.7125208377838135,0.0
2000-11-28,BUKWO,0.43679964330015136,1.7125208377838135,0.0
2000-11-28,BUTALEJA,0.01609690911734522,0.12596067786216736,0.0
2000-11-28,KWEEN,0.28733534586144016,1.7125208377838135,0.0
2000-11-28,KAPCHORWA,0.7064730526350882,1.7125208377838135,0.0
2000-11-28,MANAFWA,0.10921134892717808,0.2610684931278229,0.0
2000-11-28,BUDUDA,0.21705745131338197,0.8998211622238159,0.0
2000-11-28,MBALE,0.004839629982666849,0.15062235295772552,0.0
2000-11-28,MBALE,0.0,0.0,0.0
2000-11-29,SIRONKO,0.07890784254698202,0.4578041434288025,0.0
2000-11-29,BULAMBULI,0.10974927180420084,0.6047337651252747,0.0
2000-11-29,BUKWO,0.1295081833655276,0.6047337651252747,0.0
2000-11-29,BUTALEJA,0.008289465570821658,0.06545814126729965,0.0
2000-11-29,KWEEN,0.05848304782974688,0.6047337651252747,0.0
2000-11-29,KAPCHORWA,0.09634506131158042,0.6047337651252747,0.0
2000-11-29,MANAFWA,0.06998420357206381,0.17354148626327515,0.0
2000-11-29,BUDUDA,0.10359769861294689,0.4578041434288025,0.0
2000-11-29,MBALE,0.004759133897407039,0.08994966745376587,0.0
2000-11-29,MBALE,0.0,0.0,0.0
2000-11-30,SIRONKO,0.10624326110622404,0.740097165107727,0.0
2000-11-30,BULAMBULI,0.15636138180583475,0.740097165107727,0.0
2000-11-30,BUKWO,0.01427386323360516,0.3050427734851837,0.0
2000-11-30,BUTALEJA,0.00989129537666387,0.1187027245759964,0.0
2000-11-30,KWEEN,0.014998022533869441,0.3050427734851837,0.0
2000-11-30,KAPCHORWA,0.06403104793392884,0.5066691040992737,0.0
2000-11-30,MANAFWA,0.03315619209229363,0.16154563426971436,0.0
2000-11-30,BUDUDA,0.09189247350329875,0.16154563426971436,0.0
2000-11-30,MBALE,0.0024903307138752747,0.12924246490001678,0.0
2000-11-30,MBALE,0.0,0.0,0.0
2000-12-01,SIRONKO,12.843544362397303,25.299633026123047,3.7711355686187744
2000-12-01,BULAMBULI,14.231798671260218,25.734920501708984,3.7824862003326416
2000-12-01,BUKWO,3.925220998483477,7.205922603607178,1.5226478576660156
2000-12-01,BUTALEJA,0.9908823126513172,2.529179573059082,0.2267608344554901
2000-12-01,KWEEN,5.18821940432036,10.63649845123291,1.5100845098495483
2000-12-01,KAPCHORWA,12.134878683637513,23.930850982666016,5.89326286315918
2000-12-01,MANAFWA,0.8101612120763347,3.8463215827941895,0.17421366274356842
2000-12-01,BUDUDA,3.216047223292542,5.8869309425354,0.6573741436004639
2000-12-01,MBALE,2.5473638610072418,13.910022735595703,0.17421366274356842
2000-12-01,MBALE,3.770443705923994,7.108308792114258,3.1368138790130615
2000-12-02,SIRONKO,5.261643223815348,7.259578704833984,2.612710952758789
2000-12-02,BULAMBULI,5.65267700657991,9.914216041564941,0.9098386168479919
2000-12-02,BUKWO,0.3846360328615404,3.0392324924468994,0.0
2000-12-02,BUTALEJA,6.744481097789832,11.88991641998291,3.289846897125244
2000-12-02,KWEEN,2.313295003860831,7.754847526550293,0.0
2000-12-02,KAPCHORWA,4.590509749938421,9.063587188720703,0.701554536819458
2000-12-02,MANAFWA,3.6670042297753427,5.9516987800598145,1.3471637964248657
2000-12-02,BUDUDA,4.118788246468948,5.9312310218811035,2.553356647491455
2000-12-02,MBALE,5.554955501968783,7.259578704833984,4.3745527267456055
2000-12-02,MBALE,5.171634188906414,6.173888683319092,5.031254768371582
2000-12-03,SIRONKO,3.783863967121906,7.589107513427734,0.9891000390052795
2000-12-03,BULAMBULI,1.2748444534213064,4.238892555236816,0.0
2000-12-03,BUKWO,0.5765709391202296,3.4159984588623047,0.0
2000-12-03,BUTALEJA,4.20795289646382,8.863676071166992,0.9738978743553162
2000-12-03,KWEEN,0.7902604971280234,4.234345436096191,0.0
2000-12-03,KAPCHORWA,2.0569269105161108,4.234345436096191,0.0
2000-12-03,MANAFWA,6.604198322130848,11.729519844055176,3.790250778198242
2000-12-03,BUDUDA,6.533468936422279,11.729519844055176,2.784104585647583
2000-12-03,MBALE,7.028438426221533,11.729519844055176,2.4481849670410156
2000-12-03,MBALE,5.881579886843401,6.771834373474121,4.754632472991943
2000-12-04,SIRONKO,1.8504436043155086,3.8352482318878174,0.7047768235206604
2000-12-04,BULAMBULI,1.7795666734797655,3.43713641166687,0.29657262563705444
2000-12-04,BUKWO,0.915483298157128,2.292440414428711,0.01451408863067627
2000-12-04,BUTALEJA,0.20904022141014972,1.310759425163269,0.0
2000-12-04,KWEEN,1.1609307505574655,3.4922239780426025,0.13458697497844696
2000-12-04,KAPCHORWA,2.7844714463408513,3.5018186569213867,1.1582435369491577
2000-12-04,MANAFWA,1.2472580192241507,5.169042110443115,0.14259450137615204
2000-12-04,BUDUDA,1.927951347871542,4.898378372192383,0.3436989486217499
2000-12-04,MBALE,1.160094232444122,4.898378372192383,0.15563133358955383
2000-12-04,MBALE,0.7166491770643134,1.0563851594924927,0.4668155908584595
2000-12-05,SIRONKO,4.870218864944996,12.7846040725708,0.6702985763549805
2000-12-05,BULAMBULI,3.166251347867701,13.939974784851074,0.0
2000-12-05,BUKWO,2.144401638540876,5.587777137756348,0.0
2000-12-05,BUTALEJA,0.17485151138772367,0.8415080904960632,0.0
2000-12-05,KWEEN,1.009397208112026,5.9586591720581055,0.0
2000-12-05,KAPCHORWA,3.305655566171311,10.553936004638672,0.0
2000-12-05,MANAFWA,2.5570208399696512,6.78648042678833,0.4083388149738312
2000-12-05,BUDUDA,4.843288952318451,9.74030590057373,1.5276672840118408
2000-12-05,MBALE,1.1810967421796834,4.548599720001221,0.0
2000-12-05,MBALE,1.2026655127166963,1.9723615646362305,1.1001163721084595
2000-12-06,SIRONKO,0.6747953694557514,1.5695266723632812,0.03293473646044731
2000-12-06,BULAMBULI,0.18157471822720048,1.5695266723632812,0.0
2000-12-06,BUKWO,0.08008094301877751,1.0432368516921997,0.0
2000-12-06,BUTALEJA,1.145658791053661,3.489570379257202,0.1699879765510559
2000-12-06,KWEEN,0.08641980188212293,1.3773585557937622,0.0
2000-12-06,KAPCHORWA,0.10080412671668007,1.0432368516921997,0.0
2000-12-06,MANAFWA,0.5733405268439582,1.9918805360794067,0.2139466255903244
2000-12-06,BUDUDA,0.9131684510589151,1.5695266723632812,0.36503541469573975
2000-12-06,MBALE,0.5085513170084598,1.2173935174942017,0.25616899132728577
2000-12-06,MBALE,0.6032201430297854,0.7911972403526306,0.5327699184417725
2000-12-07,SIRONKO,1.6383514899239178,2.996492385864258,0.38868165016174316
2000-12-07,BULAMBULI,0.7581600030578908,2.996492385864258,0.0
2000-12-07,BUKWO,0.141467590801593,1.1372991800308228,0.0
2000-12-07,BUTALEJA,0.03034693997555397,0.24073944985866547,0.0
2000-12-07,KWEEN,0.44893271879800833,1.5400116443634033,0.0
2000-12-07,KAPCHORWA,0.5498229994796254,1.2998707294464111,0.0
2000-12-07,MANAFWA,0.32704110426495475,0.7973008155822754,0.06165672466158867
2000-12-07,BUDUDA,0.9500097756979601,2.8584752082824707,0.33871445059776306
2000-12-07,MBALE,0.5211905817671845,1.9629348516464233,0.06165672466158867
2000-12-07,MBALE,0.7778773206902453,1.4643986225128174,0.6463729739189148
2000-12-08,SIRONKO,1.3247332107133298,2.1706767082214355,0.006188512779772282
2000-12-08,BULAMBULI,0.5658803555042905,2.1706767082214355,0.0
2000-12-08,BUKWO,0.3333913132845066,1.1341466903686523,0.0
2000-12-08,BUTALEJA,0.018765841685739984,0.15208745002746582,0.0
2000-12-08,KWEEN,0.10928439092715896,1.8480137586593628,0.0
2000-12-08,KAPCHORWA,0.5380294254251021,1.5522738695144653,0.0
2000-12-08,MANAFWA,0.5983469294479089,2.0775015354156494,0.09443115442991257
2000-12-08,BUDUDA,1.6924938426663314,2.0775015354156494,0.7141761183738708
2000-12-08,MBALE,0.5269036559976524,1.558954119682312,0.03733991086483002
2000-12-08,MBALE,0.5048748980885309,0.7696369886398315,0.20382849872112274
2000-12-09,SIRONKO,1.121820314107265,2.5923819541931152,0.1868949979543686
2000-12-09,BULAMBULI,0.7986642123689492,2.5923819541931152,0.0
2000-12-09,BUKWO,0.17581352815497672,1.1961100101470947,0.0
2000-12-09,BUTALEJA,0.06359543290444476,0.717354953289032,0.0
2000-12-09,KWEEN,0.4694208266307976,2.213218927383423,0.0
2000-12-09,KAPCHORWA,1.162893367654259,2.213218927383423,0.21372073888778687
2000-12-09,MANAFWA,0.34539518538578506,0.8309243321418762,0.0
2000-12-09,BUDUDA,0.7291865906193508,1.149562120437622,0.48246610164642334
2000-12-09,MBALE,0.5841275596134415,1.3348023891448975,0.0
2000-12-09,MBALE,0.5473546242226466,0.6153585910797119,0.22065477073192596
2000-12-10,SIRONKO,6.563933969519865,12.534894943237305,1.214988112449646
2000-12-10,BULAMBULI,9.62891033058587,15.161357879638672,2.336880922317505
2000-12-10,BUKWO,5.705384114114044,9.849117279052734,3.327869415283203
2000-12-10,BUTALEJA,0.780134196684066,1.3743544816970825,0.390593945980072
2000-12-10,KWEEN,6.518944149363753,12.214024543762207,3.1319339275360107
2000-12-10,KAPCHORWA,9.902394909879389,13.0453462600708,3.82997465133667
2000-12-10,MANAFWA,0.9151502842805965,1.9776595830917358,0.26695793867111206
2000-12-10,BUDUDA,1.2465518028142675,3.20280122756958,0.3632557690143585
2000-12-10,MBALE,1.602275649522154,8.287384986877441,0.6114007234573364
2000-12-10,MBALE,1.7404032772637408,2.5180251598358154,1.313306450843811
2000-12-11,SIRONKO,1.2104786212966456,6.848504066467285,0.0
2000-12-11,BULAMBULI,2.0035893373666296,13.160021781921387,0.0
2000-12-11,BUKWO,12.41076393554358,24.331148147583008,3.4141952991485596
2000-12-11,BUTALEJA,1.4167938091106478,8.466489791870117,0.0
2000-12-11,KWEEN,5.057832932023588,24.331148147583008,0.0
2000-12-11,KAPCHORWA,5.556837445480163,13.160021781921387,1.4822378158569336
2000-12-11,MANAFWA,3.3950934172760765,8.565641403198242,0.0
2000-12-11,BUDUDA,4.087975761212865,8.565641403198242,0.19502799212932587
2000-12-11,MBALE,0.115672754832607,1.5374771356582642,0.0
2000-12-11,MBALE,0.15250655122930162,0.3009205162525177,0.0
2000-12-12,SIRONKO,1.0158341219584313,4.366946220397949,0.0
2000-12-12,BULAMBULI,1.4615963950077062,4.704960346221924,0.0
2000-12-12,BUKWO,1.5914841007332654,9.33474063873291,0.04308503121137619
2000-12-12,BUTALEJA,4.785748288180361,11.910905838012695,1.8873544931411743
2000-12-12,KWEEN,0.6999189722185137,9.33474063873291,0.0
2000-12-12,KAPCHORWA,1.2043145718469008,3.1867151260375977,0.0
2000-12-12,MANAFWA,1.775285525401802,3.208707332611084,0.0
2000-12-12,BUDUDA,1.7734909396117258,4.366946220397949,0.2070915699005127
2000-12-12,MBALE,2.462483818494793,5.314830303192139,0.0
2000-12-12,MBALE,2.0358078659548897,2.316387176513672,0.07865218818187714
2000-12-13,SIRONKO,1.220521141539226,5.19190788269043,0.0
2000-12-13,BULAMBULI,8.080232353975779,15.138849258422852,0.0662875548005104
2000-12-13,BUKWO,2.1156660192630725,9.489809036254883,0.04308503121137619
2000-12-13,BUTALEJA,8.120811507282086,18.44229507446289,3.385324478149414
2000-12-13,KWEEN,9.49951668404131,15.771855354309082,0.7069582343101501
2000-12-13,KAPCHORWA,6.300021762016204,13.656840324401855,1.9785839319229126
2000-12-13,MANAFWA,4.205039110615702,15.187581062316895,0.37598177790641785
2000-12-13,BUDUDA,2.3909896638683006,5.19190788269043,0.37598177790641785
2000-12-13,MBALE,2.6614899049789966,7.651377201080322,0.0
2000-12-13,MBALE,1.9592704693152843,3.0470504760742188,0.08824112266302109
2000-12-14,SIRONKO,1.4984033509880752,9.927212715148926,0.0
2000-12-14,BULAMBULI,1.7980405401264385,9.927212715148926,0.0
2000-12-14,BUKWO,6.715628574919382,12.620101928710938,0.0
2000-12-14,BUTALEJA,10.863464338525246,24.482332229614258,0.49154889583587646
2000-12-14,KWEEN,1.9030294498604499,11.310192108154297,0.0
2000-12-14,KAPCHORWA,2.558185330874475,9.473869323730469,0.0
2000-12-14,MANAFWA,9.274401620973613,16.37021255493164,0.8484722971916199
2000-12-14,BUDUDA,3.7701111104981826,9.927212715148926,0.8484722971916199
2000-12-14,MBALE,5.167271045635748,11.817878723144531,0.0
2000-12-14,MBALE,2.6609841220778963,3.781632661819458,0.1236218810081482
2000-12-15,SIRONKO,1.772246908278344,8.369634628295898,0.0
2000-12-15,BULAMBULI,2.203315530378951,11.563417434692383,0.0
2000-12-15,BUKWO,2.2824462727141577,11.563417434692383,0.0
2000-12-15,BUTALEJA,2.541452889056343,14.390952110290527,0.2911110520362854
2000-12-15,KWEEN,1.0418745662815372,11.563417434692383,0.0
2000-12-15,KAPCHORWA,2.0805873334163936,11.563417434692383,0.0
2000-12-15,MANAFWA,6.7570051501247566,11.870979309082031,1.1098501682281494
2000-12-15,BUDUDA,3.9118296671278245,8.369634628295898,1.1098501682281494
2000-12-15,MBALE,2.124255546600198,6.005284309387207,0.0
2000-12-15,MBALE,0.9206951646431623,1.4506934881210327,0.04467445984482765
2000-12-16,SIRONKO,0.0,0.0,0.0
2000-12-16,BULAMBULI,0.0,0.0,0.0
2000-12-16,BUKWO,0.0,0.0,0.0
2000-12-16,BUTALEJA,8.31658943496721,13.74256420135498,0.0
2000-12-16,KWEEN,0.0,0.0,0.0
2000-12-16,KAPCHORWA,0.0,0.0,0.0
2000-12-16,MANAFWA,1.041981197402829,6.748015880584717,0.0
2000-12-16,BUDUDA,0.0,0.0,0.0
2000-12-16,MBALE,1.2659203120084226,6.748015880584717,0.0
2000-12-16,MBALE,0.0,0.0,0.0
2000-12-17,SIRONKO,0.0,0.0,0.0
2000-12-17,BULAMBULI,0.0,0.0,0.0
2000-12-17,BUKWO,0.0,0.0,0.0
2000-12-17,BUTALEJA,4.713450783963403,14.27066707611084,0.0
2000-12-17,KWEEN,0.0,0.0,0.0
2000-12-17,KAPCHORWA,0.0,0.0,0.0
2000-12-17,MANAFWA,0.2082904916346093,1.5897746086120605,0.0
2000-12-17,BUDUDA,0.0,0.0,0.0
2000-12-17,MBALE,0.3183163446294889,1.641230583190918,0.0
2000-12-17,MBALE,0.0,0.0,0.0
2000-12-18,SIRONKO,0.0,0.0,0.0
2000-12-18,BULAMBULI,0.0,0.0,0.0
2000-12-18,BUKWO,0.0,0.0,0.0
2000-12-18,BUTALEJA,0.026379848423908305,0.10772828012704849,0.0
2000-12-18,KWEEN,0.0,0.0,0.0
2000-12-18,KAPCHORWA,0.0,0.0,0.0
2000-12-18,MANAFWA,0.020179322571225865,0.17390073835849762,0.0
2000-12-18,BUDUDA,0.0,0.0,0.0
2000-12-18,MBALE,0.021513519597731144,0.17390073835849762,0.0
2000-12-18,MBALE,0.0,0.0,0.0
2000-12-19,SIRONKO,0.0,0.0,0.0
2000-12-19,BULAMBULI,0.0,0.0,0.0
2000-12-19,BUKWO,0.0,0.0,0.0
2000-12-19,BUTALEJA,0.04197375528269903,0.3527362048625946,0.0
2000-12-19,KWEEN,0.0,0.0,0.0
2000-12-19,KAPCHORWA,0.0,0.0,0.0
2000-12-19,MANAFWA,0.006855912412326296,0.05245122313499451,0.0
2000-12-19,BUDUDA,0.0,0.0,0.0
2000-12-19,MBALE,0.017715652071525197,0.34459805488586426,0.0
2000-12-19,MBALE,0.0,0.0,0.0
2000-12-20,SIRONKO,0.0,0.0,0.0
2000-12-20,BULAMBULI,0.0,0.0,0.0
2000-12-20,BUKWO,0.0,0.0,0.0
2000-12-20,BUTALEJA,0.006221720887622702,0.06803836673498154,0.0
2000-12-20,KWEEN,0.0,0.0,0.0
2000-12-20,KAPCHORWA,0.0,0.0,0.0
2000-12-20,MANAFWA,0.5377092908874089,4.309149265289307,0.0
2000-12-20,BUDUDA,0.0,0.0,0.0
2000-12-20,MBALE,0.2666869496050752,2.6632416248321533,0.0
2000-12-20,MBALE,0.0,0.0,0.0
2000-12-21,SIRONKO,0.06846378665402846,0.7307521104812622,0.0
2000-12-21,BULAMBULI,0.0658132414368823,0.9731516242027283,0.0
2000-12-21,BUKWO,0.014740918749764638,0.16256901621818542,0.0
2000-12-21,BUTALEJA,1.4825475333086418,3.105119228363037,0.0271769966930151
2000-12-21,KWEEN,0.09865784581342904,0.7179778218269348,0.0
2000-12-21,KAPCHORWA,0.20467192256327882,0.9731516242027283,0.0
2000-12-21,MANAFWA,0.4835014354918664,2.212021589279175,0.0
2000-12-21,BUDUDA,0.0381347234004003,0.5977002382278442,0.0
2000-12-21,MBALE,0.43233703002798674,1.418742060661316,0.0
2000-12-21,MBALE,0.43393152217717296,0.6623268723487854,0.10722712427377701
2000-12-22,SIRONKO,0.21347942339783585,4.108663082122803,0.0
2000-12-22,BULAMBULI,0.005722461863499572,0.1732637733221054,0.0
2000-12-22,BUKWO,0.0,0.0,0.0
2000-12-22,BUTALEJA,12.375577204864994,17.62003517150879,4.113189220428467
2000-12-22,KWEEN,0.00705817067703477,0.17566339671611786,0.0
2000-12-22,KAPCHORWA,0.005993872227429448,0.06488500535488129,0.0
2000-12-22,MANAFWA,0.6760045492232478,3.105428457260132,0.0
2000-12-22,BUDUDA,0.02360948981569407,0.4111628234386444,0.0
2000-12-22,MBALE,2.035323105817853,6.525232791900635,0.0
2000-12-22,MBALE,1.4442557458040024,3.0872433185577393,1.0213085412979126
2000-12-23,SIRONKO,0.15700407517264914,3.080947160720825,0.0
2000-12-23,BULAMBULI,0.006048584211344945,0.29998093843460083,0.0
2000-12-23,BUKWO,0.02046761779296234,0.22813870012760162,0.0
2000-12-23,BUTALEJA,8.502384594842791,14.063874244689941,3.293593168258667
2000-12-23,KWEEN,0.019740392768351045,0.22813870012760162,0.0
2000-12-23,KAPCHORWA,0.0893531968918282,0.41674360632896423,0.0
2000-12-23,MANAFWA,3.0530966265215183,12.087698936462402,0.0
2000-12-23,BUDUDA,0.09267097098599036,1.5648505687713623,0.0
2000-12-23,MBALE,7.1219076176764515,16.573686599731445,0.0
2000-12-23,MBALE,3.192505664619947,7.331175804138184,2.3493313789367676
2000-12-24,SIRONKO,0.04494157284654785,0.5737089514732361,0.0
2000-12-24,BULAMBULI,0.0055560354452285675,0.07093244045972824,0.0
2000-12-24,BUKWO,0.0013569154591130596,0.022132856771349907,0.0
2000-12-24,BUTALEJA,0.0,0.0,0.0
2000-12-24,KWEEN,0.007464835678579449,0.17566339671611786,0.0
2000-12-24,KAPCHORWA,0.006179447971902031,0.06488500535488129,0.0
2000-12-24,MANAFWA,0.07437741890136924,0.29454776644706726,0.0
2000-12-24,BUDUDA,0.011954551957934167,0.16585014760494232,0.0
2000-12-24,MBALE,0.15311550053223968,0.5737089514732361,0.0
2000-12-24,MBALE,0.12380617577613001,0.19315138459205627,0.0
2000-12-25,SIRONKO,0.0,0.0,0.0
2000-12-25,BULAMBULI,0.00546814938550458,0.07093244045972824,0.0
2000-12-25,BUKWO,1.0559288731458506E-4,0.010848230682313442,0.0
2000-12-25,BUTALEJA,0.0,0.0,0.0
2000-12-25,KWEEN,0.007408012251523487,0.17566339671611786,0.0
2000-12-25,KAPCHORWA,0.0064409410725941255,0.06488500535488129,0.0
2000-12-25,MANAFWA,0.0,0.0,0.0
2000-12-25,BUDUDA,0.0,0.0,0.0
2000-12-25,MBALE,0.0,0.0,0.0
2000-12-25,MBALE,0.0,0.0,0.0
2000-12-26,SIRONKO,0.07294696657948198,0.5049501061439514,0.0
2000-12-26,BULAMBULI,0.003839398165672175,0.5049501061439514,0.0
2000-12-26,BUKWO,0.009833113126342028,0.3778344690799713,0.0
2000-12-26,BUTALEJA,0.0,0.0,0.0
2000-12-26,KWEEN,0.06672206229379343,0.6732820272445679,0.0
2000-12-26,KAPCHORWA,0.0614474784559326,0.6732820272445679,0.0
2000-12-26,MANAFWA,0.0,0.0,0.0
2000-12-26,BUDUDA,0.07511591177892181,0.5049501061439514,0.0
2000-12-26,MBALE,0.004547483001177914,0.12856970727443695,0.0
2000-12-26,MBALE,0.0,0.0,0.0
2000-12-27,SIRONKO,0.2675007394239292,1.8846116065979004,0.0
2000-12-27,BULAMBULI,0.14840322082990237,1.4442986249923706,0.0
2000-12-27,BUKWO,0.28450947612798094,1.3601858615875244,0.0
2000-12-27,BUTALEJA,0.36524079876070115,2.9724745750427246,0.0
2000-12-27,KWEEN,0.9928084366783068,3.4380717277526855,0.0
2000-12-27,KAPCHORWA,0.6508554167274234,2.2259528636932373,0.0
2000-12-27,MANAFWA,0.11886852527934469,1.0142731666564941,0.0
2000-12-27,BUDUDA,0.4702835939907454,1.0142731666564941,0.0
2000-12-27,MBALE,0.5737502343699868,2.3341031074523926,0.0
2000-12-27,MBALE,1.2517041722339934,1.9772419929504395,0.12727996706962585
2000-12-28,SIRONKO,0.9366341257534764,6.112657070159912,0.0
2000-12-28,BULAMBULI,1.3623712103464585,4.016003131866455,0.0
2000-12-28,BUKWO,1.6233338877315613,2.9184141159057617,0.2941260039806366
2000-12-28,BUTALEJA,8.186170765038131,11.59447193145752,2.0641355514526367
2000-12-28,KWEEN,0.7089795875098562,3.5346429347991943,0.0
2000-12-28,KAPCHORWA,2.1751145725563763,4.397686004638672,0.16488541662693024
2000-12-28,MANAFWA,3.6800581062774267,14.072319030761719,0.2877335250377655
2000-12-28,BUDUDA,0.4750035745598214,1.0987815856933594,0.01615404151380062
2000-12-28,MBALE,3.7921799416060846,11.585336685180664,0.2877335250377655
2000-12-28,MBALE,3.4853234241260176,4.8775482177734375,3.270267963409424
2000-12-29,SIRONKO,0.03987863934196319,0.6460999250411987,0.0
2000-12-29,BULAMBULI,0.09481233495612768,1.193605899810791,0.0
2000-12-29,BUKWO,0.0014047306609877804,0.05397636070847511,0.0
2000-12-29,BUTALEJA,2.9662195709932124,9.534619331359863,0.47766759991645813
2000-12-29,KWEEN,0.017969058794355165,0.5261693596839905,0.0
2000-12-29,KAPCHORWA,0.47111065607065605,1.193605899810791,0.0
2000-12-29,MANAFWA,1.5159575814895079,5.822157382965088,0.0
2000-12-29,BUDUDA,0.578668813651001,1.4072920083999634,0.0
2000-12-29,MBALE,0.8592121131394547,5.822157382965088,0.0
2000-12-29,MBALE,0.12318754418264467,0.22542880475521088,0.012540453113615513
2000-12-30,SIRONKO,1.671694588387838,7.4999003410339355,0.0
2000-12-30,BULAMBULI,0.07837598566243477,3.5695853233337402,0.0
2000-12-30,BUKWO,0.011977409675427694,0.17139649391174316,0.0
2000-12-30,BUTALEJA,0.9006859773484842,8.07787036895752,0.0
2000-12-30,KWEEN,0.033951953627399035,0.7766750454902649,0.0
2000-12-30,KAPCHORWA,0.034078910894963226,0.29156002402305603,0.0
2000-12-30,MANAFWA,2.764827187748118,9.003628730773926,0.0
2000-12-30,BUDUDA,3.749273046448281,9.074993133544922,0.15283074975013733
2000-12-30,MBALE,5.494858681095844,9.900312423706055,0.0
2000-12-30,MBALE,3.5755467571700046,7.034574031829834,1.5222864151000977
2000-12-31,SIRONKO,0.29366921855933664,1.3821243047714233,0.0
2000-12-31,BULAMBULI,0.1001745431967644,0.5070716738700867,0.0
2000-12-31,BUKWO,0.1723557118997274,0.6976037621498108,0.0
2000-12-31,BUTALEJA,0.0023290189763559787,0.9044305682182312,0.0
2000-12-31,KWEEN,0.039819730235961553,0.6832760572433472,0.0
2000-12-31,KAPCHORWA,0.07455866449098818,0.5070716738700867,0.0
2000-12-31,MANAFWA,1.113184309020219,3.158592939376831,0.0
2000-12-31,BUDUDA,0.7916287912337884,1.8480429649353027,0.10085690021514893
2000-12-31,MBALE,0.10010798438294771,1.3821243047714233,0.0
2000-12-31,MBALE,0.0,0.0,0.0
